Feature ID,Chemical Name,Ionization Mode,DTXCID,Correct SSM structure,Number of candidate structures for feature,Chemical metadata score,MS2 score (pos),MS2 score (neg),Hazard score,Chemical metadata rank,MS2 rank (pos),MS2 rank (neg),Hazard rank
200,metformin,ESI+,DTXCID001010296,FALSE,8,0.01,0.47,,2.00,3,6,,3
200,metformin,ESI+,DTXCID001450927,FALSE,8,0.01,1.06,,4.00,3,4,,1
200,metformin,ESI+,DTXCID30874918,FALSE,8,0.03,0.46,,2.00,2,7,,3
200,metformin,ESI+,DTXCID601018098,FALSE,8,0.01,0.98,,2.00,3,5,,3
200,metformin,ESI+,DTXCID70617866,FALSE,8,0.01,1.10,,1.50,3,3,,4
200,metformin,ESI+,DTXCID70886772,FALSE,8,0.01,1.15,,2.50,5,2,,2
200,metformin,ESI+,DTXCID803270,TRUE,8,7.00,1.24,,4.00,1,1,,1
200,metformin,ESI+,DTXCID80851537,FALSE,8,0.01,0.39,,1.50,4,8,,4
247,amphetamine,ESI+,DTXCID001038280,FALSE,158,0.00,0.75,,2.00,139,69,,24
247,amphetamine,ESI+,DTXCID00113407,FALSE,158,0.05,0.76,,2.25,54,67,,21
247,amphetamine,ESI+,DTXCID001394674,FALSE,158,0.02,0.57,,1.00,87,131,,29
247,amphetamine,ESI+,DTXCID00225958,FALSE,158,0.02,1.06,,1.50,84,23,,28
247,amphetamine,ESI+,DTXCID0030900,FALSE,158,0.25,0.97,,2.72,24,40,,13
247,amphetamine,ESI+,DTXCID00455495,FALSE,158,0.03,1.08,,2.00,69,18,,24
247,amphetamine,ESI+,DTXCID00460741,FALSE,158,0.01,0.68,,2.50,104,88,,17
247,amphetamine,ESI+,DTXCID005479,FALSE,158,0.52,0.38,,3.57,12,156,,7
247,amphetamine,ESI+,DTXCID00705482,FALSE,158,0.00,0.89,,1.50,140,49,,28
247,amphetamine,ESI+,DTXCID00937049,FALSE,158,0.01,0.39,,1.50,121,154,,28
247,amphetamine,ESI+,DTXCID00949985,FALSE,158,0.05,0.66,,2.20,55,101,,22
247,amphetamine,ESI+,DTXCID00959322,FALSE,158,0.01,0.57,,1.50,134,132,,28
247,amphetamine,ESI+,DTXCID101037366,FALSE,158,0.00,0.90,,2.00,139,48,,24
247,amphetamine,ESI+,DTXCID101040230,FALSE,158,0.00,0.72,,2.00,136,74,,24
247,amphetamine,ESI+,DTXCID10130120,FALSE,158,0.34,0.68,,3.00,18,90,,11
247,amphetamine,ESI+,DTXCID10132588,FALSE,158,0.03,0.58,,1.67,75,128,,27
247,amphetamine,ESI+,DTXCID101848,FALSE,158,0.50,1.01,,3.13,13,35,,9
247,amphetamine,ESI+,DTXCID1028154,FALSE,158,0.30,1.06,,2.50,20,24,,17
247,amphetamine,ESI+,DTXCID10286454,FALSE,158,0.01,0.69,,2.50,116,87,,17
247,amphetamine,ESI+,DTXCID10287143,FALSE,158,0.01,0.60,,1.67,115,122,,27
247,amphetamine,ESI+,DTXCID10442154,FALSE,158,0.01,1.06,,2.50,110,22,,17
247,amphetamine,ESI+,DTXCID1048837,FALSE,158,0.10,1.10,,2.20,37,11,,22
247,amphetamine,ESI+,DTXCID1048912,FALSE,158,0.06,1.07,,2.20,53,21,,22
247,amphetamine,ESI+,DTXCID10510529,FALSE,158,0.01,0.61,,2.50,125,117,,17
247,amphetamine,ESI+,DTXCID10554963,FALSE,158,0.01,0.38,,2.50,106,155,,17
247,amphetamine,ESI+,DTXCID10660538,FALSE,158,0.01,0.34,,2.00,133,158,,24
247,amphetamine,ESI+,DTXCID10694297,FALSE,158,0.01,0.65,,2.00,130,103,,24
247,amphetamine,ESI+,DTXCID1069615,FALSE,158,0.02,0.42,,1.50,88,150,,28
247,amphetamine,ESI+,DTXCID10746285,FALSE,158,0.01,0.53,,1.50,133,136,,28
247,amphetamine,ESI+,DTXCID10790905,FALSE,158,0.00,0.48,,1.50,140,144,,28
247,amphetamine,ESI+,DTXCID10813628,FALSE,158,0.03,0.60,,3.00,71,124,,11
247,amphetamine,ESI+,DTXCID1085944,FALSE,158,0.06,1.05,,2.00,45,25,,24
247,amphetamine,ESI+,DTXCID10937050,FALSE,158,0.01,0.91,,1.50,121,46,,28
247,amphetamine,ESI+,DTXCID1094064,FALSE,158,0.05,0.61,,1.67,59,121,,27
247,amphetamine,ESI+,DTXCID10974586,FALSE,158,0.01,0.84,,1.50,118,55,,28
247,amphetamine,ESI+,DTXCID10975573,FALSE,158,0.00,0.87,,1.50,140,53,,28
247,amphetamine,ESI+,DTXCID10976823,FALSE,158,0.00,0.42,,2.50,140,151,,17
247,amphetamine,ESI+,DTXCID201003514,FALSE,158,0.03,0.81,,1.50,72,59,,28
247,amphetamine,ESI+,DTXCID20112896,FALSE,158,0.09,0.69,,2.50,39,85,,17
247,amphetamine,ESI+,DTXCID20129707,FALSE,158,0.14,0.89,,2.50,32,50,,17
247,amphetamine,ESI+,DTXCID20130651,FALSE,158,0.20,0.51,,1.50,26,140,,28
247,amphetamine,ESI+,DTXCID201310301,FALSE,158,0.00,0.88,,0.00,141,52,,30
247,amphetamine,ESI+,DTXCID201334917,FALSE,158,0.01,0.47,,0.00,134,145,,30
247,amphetamine,ESI+,DTXCID20146232,FALSE,158,0.02,0.69,,1.50,93,82,,28
247,amphetamine,ESI+,DTXCID20161940,FALSE,158,0.05,0.62,,1.50,58,114,,28
247,amphetamine,ESI+,DTXCID20285574,FALSE,158,0.11,0.41,,1.50,34,152,,28
247,amphetamine,ESI+,DTXCID2030851,FALSE,158,0.38,1.04,,1.88,16,29,,26
247,amphetamine,ESI+,DTXCID20460743,FALSE,158,0.01,0.67,,1.50,112,94,,28
247,amphetamine,ESI+,DTXCID20460788,FALSE,158,0.01,0.60,,2.50,122,125,,17
247,amphetamine,ESI+,DTXCID20485471,FALSE,158,0.01,0.64,,2.50,123,106,,17
247,amphetamine,ESI+,DTXCID2048905,FALSE,158,0.28,1.01,,2.72,21,38,,14
247,amphetamine,ESI+,DTXCID20525003,FALSE,158,0.00,0.82,,1.50,138,56,,28
247,amphetamine,ESI+,DTXCID20548353,FALSE,158,0.01,1.07,,2.00,109,20,,24
247,amphetamine,ESI+,DTXCID20551701,FALSE,158,0.01,1.01,,2.00,126,36,,24
247,amphetamine,ESI+,DTXCID20567685,FALSE,158,0.02,0.63,,1.50,91,111,,28
247,amphetamine,ESI+,DTXCID20999088,FALSE,158,0.00,0.92,,2.00,137,44,,24
247,amphetamine,ESI+,DTXCID30100709,FALSE,158,0.08,0.69,,1.50,40,81,,28
247,amphetamine,ESI+,DTXCID301426933,FALSE,158,0.03,0.90,,1.00,80,47,,29
247,amphetamine,ESI+,DTXCID30149991,FALSE,158,0.11,0.62,,2.00,35,112,,24
247,amphetamine,ESI+,DTXCID3023847,FALSE,158,0.86,1.01,,4.32,7,37,,6
247,amphetamine,ESI+,DTXCID30441487,FALSE,158,0.02,0.62,,1.50,92,115,,28
247,amphetamine,ESI+,DTXCID30477362,FALSE,158,0.01,0.79,,2.50,103,61,,17
247,amphetamine,ESI+,DTXCID30514362,FALSE,158,0.02,0.66,,1.50,102,100,,28
247,amphetamine,ESI+,DTXCID30546148,FALSE,158,0.01,0.71,,2.00,128,77,,24
247,amphetamine,ESI+,DTXCID30822030,FALSE,158,0.03,1.18,,2.50,76,5,,17
247,amphetamine,ESI+,DTXCID30835463,FALSE,158,0.79,1.20,,2.00,8,4,,24
247,amphetamine,ESI+,DTXCID30879428,FALSE,158,0.06,0.51,,1.50,48,139,,28
247,amphetamine,ESI+,DTXCID3093739,FALSE,158,0.19,1.04,,2.33,29,28,,20
247,amphetamine,ESI+,DTXCID30939910,FALSE,158,0.00,0.91,,1.67,140,45,,27
247,amphetamine,ESI+,DTXCID3097428,FALSE,158,0.07,0.76,,2.25,44,68,,21
247,amphetamine,ESI+,DTXCID40106838,FALSE,158,0.03,0.70,,2.25,73,80,,21
247,amphetamine,ESI+,DTXCID40108796,FALSE,158,0.26,1.15,,2.57,22,9,,16
247,amphetamine,ESI+,DTXCID40123025,FALSE,158,0.02,0.43,,2.50,99,148,,17
247,amphetamine,ESI+,DTXCID401832,FALSE,158,1.29,1.04,,4.59,5,30,,4
247,amphetamine,ESI+,DTXCID402600,TRUE,158,7.67,1.14,,6.00,1,10,,1
247,amphetamine,ESI+,DTXCID40283638,FALSE,158,0.09,0.96,,1.50,38,42,,28
247,amphetamine,ESI+,DTXCID4030170,FALSE,158,0.38,1.05,,1.50,17,26,,28
247,amphetamine,ESI+,DTXCID4041527,FALSE,158,0.26,0.67,,2.40,23,93,,18
247,amphetamine,ESI+,DTXCID40431036,FALSE,158,0.04,0.65,,1.50,65,104,,28
247,amphetamine,ESI+,DTXCID4043274,FALSE,158,0.20,0.34,,2.00,28,157,,24
247,amphetamine,ESI+,DTXCID40475197,FALSE,158,0.01,0.51,,1.50,134,138,,28
247,amphetamine,ESI+,DTXCID40661073,FALSE,158,0.00,0.50,,2.00,139,142,,24
247,amphetamine,ESI+,DTXCID407833,FALSE,158,1.53,1.09,,3.52,4,15,,8
247,amphetamine,ESI+,DTXCID40890982,FALSE,158,0.04,0.72,,1.50,67,73,,28
247,amphetamine,ESI+,DTXCID40897032,FALSE,158,0.00,0.47,,2.50,140,146,,17
247,amphetamine,ESI+,DTXCID501026133,FALSE,158,0.03,0.88,,0.00,74,51,,30
247,amphetamine,ESI+,DTXCID501396332,FALSE,158,0.06,0.76,,3.00,52,66,,11
247,amphetamine,ESI+,DTXCID50166423,FALSE,158,1.19,0.86,,4.34,6,54,,5
247,amphetamine,ESI+,DTXCID50210379,FALSE,158,0.77,1.03,,3.11,9,33,,10
247,amphetamine,ESI+,DTXCID50321535,FALSE,158,0.01,0.54,,1.50,119,135,,28
247,amphetamine,ESI+,DTXCID50335213,FALSE,158,0.03,1.09,,1.50,81,13,,28
247,amphetamine,ESI+,DTXCID50355532,FALSE,158,0.01,0.76,,2.50,129,65,,17
247,amphetamine,ESI+,DTXCID5043009,FALSE,158,0.24,0.46,,1.67,25,147,,27
247,amphetamine,ESI+,DTXCID5043269,FALSE,158,0.15,0.97,,2.92,31,41,,12
247,amphetamine,ESI+,DTXCID50442153,FALSE,158,0.01,1.09,,1.50,107,16,,28
247,amphetamine,ESI+,DTXCID50452151,FALSE,158,0.00,0.40,,1.50,140,153,,28
247,amphetamine,ESI+,DTXCID50463282,FALSE,158,0.01,0.43,,2.50,131,149,,17
247,amphetamine,ESI+,DTXCID50510528,FALSE,158,0.03,0.67,,2.50,77,95,,17
247,amphetamine,ESI+,DTXCID50544186,FALSE,158,0.01,1.09,,2.50,108,17,,17
247,amphetamine,ESI+,DTXCID50568524,FALSE,158,0.03,0.78,,2.00,78,62,,24
247,amphetamine,ESI+,DTXCID50668417,FALSE,158,0.02,0.61,,1.50,101,119,,28
247,amphetamine,ESI+,DTXCID50689182,FALSE,158,0.01,0.49,,2.00,113,143,,24
247,amphetamine,ESI+,DTXCID5072482,FALSE,158,0.08,0.57,,2.00,41,129,,24
247,amphetamine,ESI+,DTXCID5072519,FALSE,158,0.11,0.65,,2.50,33,102,,17
247,amphetamine,ESI+,DTXCID50818334,FALSE,158,0.44,0.96,,2.50,15,43,,17
247,amphetamine,ESI+,DTXCID50976822,FALSE,158,0.01,0.52,,2.50,132,137,,17
247,amphetamine,ESI+,DTXCID60113766,FALSE,158,0.03,0.51,,1.50,70,141,,28
247,amphetamine,ESI+,DTXCID60115346,FALSE,158,0.56,0.64,,2.67,10,107,,15
247,amphetamine,ESI+,DTXCID60121088,FALSE,158,0.18,0.57,,2.19,30,130,,23
247,amphetamine,ESI+,DTXCID60124953,FALSE,158,0.05,0.63,,1.67,60,109,,27
247,amphetamine,ESI+,DTXCID601398,FALSE,158,1.86,1.07,,4.72,3,19,,3
247,amphetamine,ESI+,DTXCID6044858,FALSE,158,0.04,0.75,,1.96,66,70,,25
247,amphetamine,ESI+,DTXCID60457071,FALSE,158,0.01,0.82,,2.50,124,58,,17
247,amphetamine,ESI+,DTXCID60460742,FALSE,158,0.02,0.68,,1.50,97,89,,28
247,amphetamine,ESI+,DTXCID60460787,FALSE,158,0.02,0.70,,2.50,90,79,,17
247,amphetamine,ESI+,DTXCID60500435,FALSE,158,0.05,0.66,,2.50,62,98,,17
247,amphetamine,ESI+,DTXCID60660765,FALSE,158,0.00,0.77,,2.00,135,64,,24
247,amphetamine,ESI+,DTXCID60774356,FALSE,158,0.02,0.71,,1.50,98,78,,28
247,amphetamine,ESI+,DTXCID60824002,FALSE,158,0.05,1.26,,2.33,56,2,,20
247,amphetamine,ESI+,DTXCID60880103,FALSE,158,0.02,0.72,,1.50,86,75,,28
247,amphetamine,ESI+,DTXCID6090166,FALSE,158,0.07,0.98,,2.00,42,39,,24
247,amphetamine,ESI+,DTXCID702259,FALSE,158,0.56,1.28,,2.34,11,1,,19
247,amphetamine,ESI+,DTXCID70231440,FALSE,158,0.02,0.60,,2.50,96,123,,17
247,amphetamine,ESI+,DTXCID70287144,FALSE,158,0.01,0.69,,2.33,117,86,,20
247,amphetamine,ESI+,DTXCID70287240,FALSE,158,0.02,0.78,,2.50,89,63,,17
247,amphetamine,ESI+,DTXCID70317410,FALSE,158,0.06,1.22,,2.00,51,3,,24
247,amphetamine,ESI+,DTXCID7032682,FALSE,158,0.06,1.10,,2.20,46,12,,22
247,amphetamine,ESI+,DTXCID70334309,FALSE,158,0.07,0.69,,2.33,43,83,,20
247,amphetamine,ESI+,DTXCID7034595,FALSE,158,0.11,0.66,,2.40,36,99,,18
247,amphetamine,ESI+,DTXCID70425564,FALSE,158,0.02,1.02,,1.50,95,34,,28
247,amphetamine,ESI+,DTXCID70460551,FALSE,158,0.02,1.03,,1.50,94,32,,28
247,amphetamine,ESI+,DTXCID70515277,FALSE,158,0.01,1.09,,2.00,127,14,,24
247,amphetamine,ESI+,DTXCID70815446,FALSE,158,0.04,0.81,,1.67,68,60,,27
247,amphetamine,ESI+,DTXCID70881186,FALSE,158,0.20,0.61,,2.67,27,116,,15
247,amphetamine,ESI+,DTXCID70941754,FALSE,158,0.00,0.59,,1.50,140,127,,28
247,amphetamine,ESI+,DTXCID80134817,FALSE,158,0.34,0.64,,2.25,19,108,,21
247,amphetamine,ESI+,DTXCID801378042,FALSE,158,0.02,0.72,,1.00,85,76,,29
247,amphetamine,ESI+,DTXCID801854,FALSE,158,2.51,1.16,,4.98,2,7,,2
247,amphetamine,ESI+,DTXCID80245755,FALSE,158,0.06,0.67,,2.50,49,97,,17
247,amphetamine,ESI+,DTXCID80287251,FALSE,158,0.03,0.75,,2.50,82,71,,17
247,amphetamine,ESI+,DTXCID80348492,FALSE,158,0.04,1.04,,2.00,64,31,,24
247,amphetamine,ESI+,DTXCID80475196,FALSE,158,0.01,0.61,,1.50,120,120,,28
247,amphetamine,ESI+,DTXCID8096798,FALSE,158,0.44,1.15,,2.40,14,8,,18
247,amphetamine,ESI+,DTXCID80977089,FALSE,158,0.00,0.63,,1.50,140,110,,28
247,amphetamine,ESI+,DTXCID80977701,FALSE,158,0.00,0.59,,1.50,140,126,,28
247,amphetamine,ESI+,DTXCID901049131,FALSE,158,0.00,0.74,,1.50,140,72,,28
247,amphetamine,ESI+,DTXCID90124002,FALSE,158,0.05,0.67,,1.50,61,91,,28
247,amphetamine,ESI+,DTXCID901458861,FALSE,158,0.01,1.18,,0.00,114,6,,30
247,amphetamine,ESI+,DTXCID90228312,FALSE,158,0.06,0.69,,2.50,50,84,,17
247,amphetamine,ESI+,DTXCID90394743,FALSE,158,0.01,0.67,,1.50,121,96,,28
247,amphetamine,ESI+,DTXCID90441488,FALSE,158,0.06,0.61,,1.50,47,118,,28
247,amphetamine,ESI+,DTXCID90444277,FALSE,158,0.03,0.67,,2.50,83,92,,17
247,amphetamine,ESI+,DTXCID90446034,FALSE,158,0.05,0.56,,1.50,57,133,,28
247,amphetamine,ESI+,DTXCID90449828,FALSE,158,0.03,0.54,,1.50,79,134,,28
247,amphetamine,ESI+,DTXCID90499186,FALSE,158,0.01,0.65,,2.50,105,105,,17
247,amphetamine,ESI+,DTXCID90502588,FALSE,158,0.01,1.04,,2.00,111,27,,24
247,amphetamine,ESI+,DTXCID90569116,FALSE,158,0.02,0.82,,2.50,100,57,,17
247,amphetamine,ESI+,DTXCID9085837,FALSE,158,0.04,0.62,,2.33,63,113,,20
373,methamphetamine,ESI+,DTXCID00111105,FALSE,198,0.05,0.88,,1.50,93,18,,30
373,methamphetamine,ESI+,DTXCID00124432,FALSE,198,0.07,0.59,,2.40,62,110,,20
373,methamphetamine,ESI+,DTXCID00134930,FALSE,198,0.18,0.54,,2.33,24,141,,21
373,methamphetamine,ESI+,DTXCID001427556,FALSE,198,0.04,0.52,,1.00,102,149,,31
373,methamphetamine,ESI+,DTXCID00201676,FALSE,198,0.09,0.58,,2.00,49,112,,25
373,methamphetamine,ESI+,DTXCID00203433,FALSE,198,0.03,0.96,,2.00,116,13,,25
373,methamphetamine,ESI+,DTXCID00226748,FALSE,198,0.14,0.91,,1.50,34,15,,30
373,methamphetamine,ESI+,DTXCID0040670,FALSE,198,0.20,0.50,,2.50,23,158,,19
373,methamphetamine,ESI+,DTXCID00438768,FALSE,198,0.04,0.68,,1.50,99,70,,30
373,methamphetamine,ESI+,DTXCID00452025,FALSE,198,0.04,0.66,,2.50,107,79,,19
373,methamphetamine,ESI+,DTXCID0046640,FALSE,198,0.82,0.55,,2.50,6,131,,19
373,methamphetamine,ESI+,DTXCID00548255,FALSE,198,0.05,0.79,,1.50,96,40,,30
373,methamphetamine,ESI+,DTXCID00668280,FALSE,198,0.01,0.85,,1.50,160,25,,30
373,methamphetamine,ESI+,DTXCID00738932,FALSE,198,0.01,0.52,,1.50,174,150,,30
373,methamphetamine,ESI+,DTXCID0078902,FALSE,198,0.07,0.69,,1.50,59,60,,30
373,methamphetamine,ESI+,DTXCID00803558,FALSE,198,0.01,0.50,,1.50,174,160,,30
373,methamphetamine,ESI+,DTXCID00826484,FALSE,198,0.05,0.56,,2.67,87,122,,16
373,methamphetamine,ESI+,DTXCID00935424,FALSE,198,0.02,0.35,,1.50,148,191,,30
373,methamphetamine,ESI+,DTXCID00985762,FALSE,198,0.03,0.55,,3.00,127,129,,12
373,methamphetamine,ESI+,DTXCID10106284,FALSE,198,0.17,0.44,,2.25,27,176,,22
373,methamphetamine,ESI+,DTXCID10118488,FALSE,198,0.10,0.76,,1.50,45,47,,30
373,methamphetamine,ESI+,DTXCID101331196,FALSE,198,0.04,0.22,,3.00,109,195,,12
373,methamphetamine,ESI+,DTXCID101372843,FALSE,198,0.08,0.46,,3.00,55,172,,12
373,methamphetamine,ESI+,DTXCID101390594,FALSE,198,0.01,0.39,,2.00,168,186,,25
373,methamphetamine,ESI+,DTXCID101404127,FALSE,198,0.07,0.66,,2.00,56,81,,25
373,methamphetamine,ESI+,DTXCID101466498,FALSE,198,0.01,0.45,,3.00,163,175,,12
373,methamphetamine,ESI+,DTXCID1016286,FALSE,198,1.53,0.56,,3.31,5,128,,10
373,methamphetamine,ESI+,DTXCID1023861,TRUE,198,7.88,0.92,,3.56,1,14,,7
373,methamphetamine,ESI+,DTXCID10279528,FALSE,198,0.07,0.84,,2.00,61,30,,25
373,methamphetamine,ESI+,DTXCID10279942,FALSE,198,0.04,0.86,,2.00,110,22,,25
373,methamphetamine,ESI+,DTXCID10293087,FALSE,198,0.09,0.41,,1.50,51,185,,30
373,methamphetamine,ESI+,DTXCID1032694,FALSE,198,0.46,1.14,,2.00,11,3,,25
373,methamphetamine,ESI+,DTXCID1036258,FALSE,198,0.18,1.28,,2.00,25,2,,25
373,methamphetamine,ESI+,DTXCID10810576,FALSE,198,0.21,0.80,,1.00,20,37,,31
373,methamphetamine,ESI+,DTXCID10819004,FALSE,198,0.61,0.60,,2.50,9,103,,19
373,methamphetamine,ESI+,DTXCID1086095,FALSE,198,0.03,0.65,,1.50,121,85,,30
373,methamphetamine,ESI+,DTXCID10862691,FALSE,198,0.01,0.83,,2.00,167,33,,25
373,methamphetamine,ESI+,DTXCID10889707,FALSE,198,0.16,0.67,,2.00,29,73,,25
373,methamphetamine,ESI+,DTXCID201087819,FALSE,198,0.01,0.14,,2.00,174,198,,25
373,methamphetamine,ESI+,DTXCID20116879,FALSE,198,0.07,0.46,,1.50,68,173,,30
373,methamphetamine,ESI+,DTXCID20127965,FALSE,198,0.05,0.65,,1.50,84,87,,30
373,methamphetamine,ESI+,DTXCID201373670,FALSE,198,0.39,0.67,,4.50,12,71,,3
373,methamphetamine,ESI+,DTXCID20422866,FALSE,198,0.04,0.54,,1.50,113,138,,30
373,methamphetamine,ESI+,DTXCID20438048,FALSE,198,0.03,0.67,,1.50,118,76,,30
373,methamphetamine,ESI+,DTXCID20445191,FALSE,198,0.04,0.28,,1.50,112,194,,30
373,methamphetamine,ESI+,DTXCID20448647,FALSE,198,0.03,0.49,,2.50,125,166,,19
373,methamphetamine,ESI+,DTXCID2045028,FALSE,198,0.04,0.54,,1.67,105,142,,29
373,methamphetamine,ESI+,DTXCID20579546,FALSE,198,0.03,1.07,,2.50,124,5,,19
373,methamphetamine,ESI+,DTXCID20773941,FALSE,198,0.01,0.54,,1.50,174,140,,30
373,methamphetamine,ESI+,DTXCID20817410,FALSE,198,0.00,0.41,,1.67,175,184,,29
373,methamphetamine,ESI+,DTXCID20919483,FALSE,198,0.02,0.53,,1.50,149,145,,30
373,methamphetamine,ESI+,DTXCID20971329,FALSE,198,0.04,0.79,,1.50,106,39,,30
373,methamphetamine,ESI+,DTXCID20985764,FALSE,198,0.01,0.51,,2.00,171,157,,25
373,methamphetamine,ESI+,DTXCID301005999,FALSE,198,0.02,0.32,,1.50,149,192,,30
373,methamphetamine,ESI+,DTXCID30142523,FALSE,198,0.07,0.48,,1.75,63,168,,28
373,methamphetamine,ESI+,DTXCID301467735,FALSE,198,0.17,0.66,,0.00,28,80,,32
373,methamphetamine,ESI+,DTXCID30283607,FALSE,198,0.07,0.79,,1.50,67,38,,30
373,methamphetamine,ESI+,DTXCID303461,FALSE,198,4.02,0.64,,4.00,2,92,,4
373,methamphetamine,ESI+,DTXCID30374761,FALSE,198,0.05,0.60,,2.50,90,105,,19
373,methamphetamine,ESI+,DTXCID30410532,FALSE,198,0.07,0.43,,1.50,69,178,,30
373,methamphetamine,ESI+,DTXCID3044968,FALSE,198,0.03,0.54,,2.00,131,137,,25
373,methamphetamine,ESI+,DTXCID3047926,FALSE,198,0.22,0.50,,1.50,19,162,,30
373,methamphetamine,ESI+,DTXCID30502840,FALSE,198,0.05,0.48,,2.50,91,169,,19
373,methamphetamine,ESI+,DTXCID30528707,FALSE,198,0.05,1.00,,1.00,92,8,,31
373,methamphetamine,ESI+,DTXCID30570923,FALSE,198,0.02,0.78,,2.00,150,43,,25
373,methamphetamine,ESI+,DTXCID30576021,FALSE,198,0.01,0.89,,2.00,155,17,,25
373,methamphetamine,ESI+,DTXCID3079862,FALSE,198,0.39,0.83,,2.60,13,34,,17
373,methamphetamine,ESI+,DTXCID30813089,FALSE,198,0.23,0.60,,1.80,18,104,,27
373,methamphetamine,ESI+,DTXCID30813721,FALSE,198,0.11,0.54,,2.78,42,139,,14
373,methamphetamine,ESI+,DTXCID30814778,FALSE,198,0.12,0.67,,3.21,38,75,,11
373,methamphetamine,ESI+,DTXCID30948188,FALSE,198,0.01,0.55,,1.50,166,134,,30
373,methamphetamine,ESI+,DTXCID3097002,FALSE,198,0.12,0.90,,2.50,40,16,,19
373,methamphetamine,ESI+,DTXCID401004401,FALSE,198,0.03,0.86,,1.50,142,24,,30
373,methamphetamine,ESI+,DTXCID40100710,FALSE,198,0.05,0.62,,2.00,86,102,,25
373,methamphetamine,ESI+,DTXCID401028431,FALSE,198,0.05,0.59,,2.00,78,109,,25
373,methamphetamine,ESI+,DTXCID40116290,FALSE,198,0.07,0.68,,2.50,66,63,,19
373,methamphetamine,ESI+,DTXCID40137061,FALSE,198,0.10,0.82,,2.50,46,36,,19
373,methamphetamine,ESI+,DTXCID401386964,FALSE,198,0.05,0.71,,2.25,95,57,,22
373,methamphetamine,ESI+,DTXCID40294704,FALSE,198,0.07,0.49,,1.50,58,165,,30
373,methamphetamine,ESI+,DTXCID4036778,FALSE,198,0.33,0.52,,2.25,15,151,,22
373,methamphetamine,ESI+,DTXCID40452584,FALSE,198,0.02,0.37,,2.50,143,188,,19
373,methamphetamine,ESI+,DTXCID40454609,FALSE,198,0.06,0.64,,2.50,70,94,,19
373,methamphetamine,ESI+,DTXCID40495870,FALSE,198,0.02,0.67,,1.50,145,72,,30
373,methamphetamine,ESI+,DTXCID40563184,FALSE,198,0.01,0.73,,2.00,169,53,,25
373,methamphetamine,ESI+,DTXCID4072605,FALSE,198,0.33,0.68,,2.00,17,66,,25
373,methamphetamine,ESI+,DTXCID40822940,FALSE,198,0.03,0.84,,2.67,115,29,,16
373,methamphetamine,ESI+,DTXCID40835853,FALSE,198,0.03,0.66,,2.00,117,84,,25
373,methamphetamine,ESI+,DTXCID40937048,FALSE,198,0.02,0.42,,1.50,148,180,,30
373,methamphetamine,ESI+,DTXCID40946599,FALSE,198,0.01,0.52,,1.50,171,154,,30
373,methamphetamine,ESI+,DTXCID40950954,FALSE,198,0.03,0.58,,1.50,141,115,,30
373,methamphetamine,ESI+,DTXCID40951587,FALSE,198,0.35,0.41,,2.00,14,182,,25
373,methamphetamine,ESI+,DTXCID40952998,FALSE,198,0.01,0.50,,2.50,171,159,,19
373,methamphetamine,ESI+,DTXCID40985766,FALSE,198,0.01,0.84,,2.00,171,31,,25
373,methamphetamine,ESI+,DTXCID50106667,FALSE,198,0.06,0.78,,2.33,72,41,,21
373,methamphetamine,ESI+,DTXCID50116024,FALSE,198,0.16,0.72,,1.50,31,56,,30
373,methamphetamine,ESI+,DTXCID501418584,FALSE,198,0.06,0.74,,2.00,76,51,,25
373,methamphetamine,ESI+,DTXCID50228313,FALSE,198,0.07,0.55,,2.50,60,132,,19
373,methamphetamine,ESI+,DTXCID50236837,FALSE,198,0.13,0.52,,2.22,37,153,,23
373,methamphetamine,ESI+,DTXCID50286453,FALSE,198,0.04,0.46,,1.50,111,174,,30
373,methamphetamine,ESI+,DTXCID50291466,FALSE,198,0.05,0.52,,1.50,82,155,,30
373,methamphetamine,ESI+,DTXCID50293809,FALSE,198,0.05,0.69,,2.50,81,61,,19
373,methamphetamine,ESI+,DTXCID5031050,FALSE,198,0.20,0.68,,2.67,21,67,,16
373,methamphetamine,ESI+,DTXCID50351539,FALSE,198,0.06,0.85,,1.50,74,28,,30
373,methamphetamine,ESI+,DTXCID50357910,FALSE,198,0.01,0.88,,1.50,172,19,,30
373,methamphetamine,ESI+,DTXCID50411243,FALSE,198,0.04,0.64,,1.50,108,93,,30
373,methamphetamine,ESI+,DTXCID50425567,FALSE,198,0.03,0.78,,2.50,133,42,,19
373,methamphetamine,ESI+,DTXCID50438637,FALSE,198,0.01,0.69,,1.50,169,59,,30
373,methamphetamine,ESI+,DTXCID50441489,FALSE,198,0.02,0.66,,2.50,146,82,,19
373,methamphetamine,ESI+,DTXCID50450112,FALSE,198,0.03,0.62,,1.50,130,97,,30
373,methamphetamine,ESI+,DTXCID50453522,FALSE,198,0.02,0.98,,2.50,150,11,,19
373,methamphetamine,ESI+,DTXCID50454594,FALSE,198,0.03,0.73,,1.50,129,52,,30
373,methamphetamine,ESI+,DTXCID50477364,FALSE,198,0.03,0.68,,2.50,139,64,,19
373,methamphetamine,ESI+,DTXCID50478038,FALSE,198,0.01,0.75,,1.50,174,48,,30
373,methamphetamine,ESI+,DTXCID50499187,FALSE,198,0.01,0.66,,1.50,166,78,,30
373,methamphetamine,ESI+,DTXCID50826156,FALSE,198,0.18,0.62,,2.50,26,101,,19
373,methamphetamine,ESI+,DTXCID50826196,FALSE,198,0.06,0.56,,2.50,73,125,,19
373,methamphetamine,ESI+,DTXCID50885364,FALSE,198,0.01,0.68,,2.00,165,68,,25
373,methamphetamine,ESI+,DTXCID50994708,FALSE,198,0.02,0.51,,2.00,147,156,,25
373,methamphetamine,ESI+,DTXCID60124433,FALSE,198,0.11,0.22,,2.50,44,196,,19
373,methamphetamine,ESI+,DTXCID60130019,FALSE,198,0.10,0.17,,1.50,48,197,,30
373,methamphetamine,ESI+,DTXCID601398943,FALSE,198,0.05,0.71,,2.33,88,58,,21
373,methamphetamine,ESI+,DTXCID601470327,FALSE,198,0.03,0.56,,3.00,128,126,,12
373,methamphetamine,ESI+,DTXCID60148179,FALSE,198,0.06,0.68,,2.50,75,69,,19
373,methamphetamine,ESI+,DTXCID601856,FALSE,198,0.33,0.59,,3.53,16,111,,8
373,methamphetamine,ESI+,DTXCID60241199,FALSE,198,0.11,1.28,,1.67,41,1,,29
373,methamphetamine,ESI+,DTXCID6028155,FALSE,198,0.52,0.54,,2.94,10,135,,13
373,methamphetamine,ESI+,DTXCID60292409,FALSE,198,0.04,0.55,,2.50,97,130,,19
373,methamphetamine,ESI+,DTXCID60343506,FALSE,198,0.08,0.72,,1.50,52,55,,30
373,methamphetamine,ESI+,DTXCID6038954,FALSE,198,0.12,0.56,,2.67,39,127,,16
373,methamphetamine,ESI+,DTXCID60413011,FALSE,198,0.04,0.65,,1.50,98,89,,30
373,methamphetamine,ESI+,DTXCID60441490,FALSE,198,0.01,0.59,,1.50,171,108,,30
373,methamphetamine,ESI+,DTXCID60450446,FALSE,198,0.01,0.57,,1.50,174,120,,30
373,methamphetamine,ESI+,DTXCID60462125,FALSE,198,0.06,0.59,,1.50,77,106,,30
373,methamphetamine,ESI+,DTXCID60490529,FALSE,198,0.03,0.50,,2.50,137,161,,19
373,methamphetamine,ESI+,DTXCID60558996,FALSE,198,0.01,0.69,,2.50,161,62,,19
373,methamphetamine,ESI+,DTXCID60575729,FALSE,198,0.03,0.77,,2.00,122,46,,25
373,methamphetamine,ESI+,DTXCID60668281,FALSE,198,0.01,0.83,,1.50,156,35,,30
373,methamphetamine,ESI+,DTXCID607218,FALSE,198,1.84,0.73,,3.97,4,54,,5
373,methamphetamine,ESI+,DTXCID60803938,FALSE,198,0.01,0.50,,1.50,174,163,,30
373,methamphetamine,ESI+,DTXCID60973786,FALSE,198,0.01,0.62,,1.50,173,100,,30
373,methamphetamine,ESI+,DTXCID60985763,FALSE,198,0.02,0.37,,2.00,148,190,,25
373,methamphetamine,ESI+,DTXCID70103936,FALSE,198,0.13,0.68,,2.20,36,65,,24
373,methamphetamine,ESI+,DTXCID70123119,FALSE,198,0.15,0.87,,2.60,32,20,,17
373,methamphetamine,ESI+,DTXCID70142229,FALSE,198,0.07,0.77,,1.50,65,44,,30
373,methamphetamine,ESI+,DTXCID701800,FALSE,198,2.43,0.37,,4.74,3,187,,2
373,methamphetamine,ESI+,DTXCID70242955,FALSE,198,0.16,0.37,,1.50,30,189,,30
373,methamphetamine,ESI+,DTXCID7024370,FALSE,198,0.77,0.30,,3.36,7,193,,9
373,methamphetamine,ESI+,DTXCID70255005,FALSE,198,0.04,0.57,,1.50,103,118,,30
373,methamphetamine,ESI+,DTXCID7030012,FALSE,198,0.09,0.44,,2.50,50,177,,19
373,methamphetamine,ESI+,DTXCID70317218,FALSE,198,0.02,0.99,,2.00,151,10,,25
373,methamphetamine,ESI+,DTXCID7037503,FALSE,198,0.05,0.55,,2.22,89,133,,23
373,methamphetamine,ESI+,DTXCID70429724,FALSE,198,0.04,0.83,,2.50,100,32,,19
373,methamphetamine,ESI+,DTXCID7043619,FALSE,198,0.08,0.48,,2.75,54,167,,15
373,methamphetamine,ESI+,DTXCID70450215,FALSE,198,0.07,0.66,,1.50,64,83,,30
373,methamphetamine,ESI+,DTXCID70473464,FALSE,198,0.01,0.54,,2.50,164,143,,19
373,methamphetamine,ESI+,DTXCID70559858,FALSE,198,0.01,0.53,,2.00,162,147,,25
373,methamphetamine,ESI+,DTXCID70560641,FALSE,198,0.01,0.43,,2.00,154,179,,25
373,methamphetamine,ESI+,DTXCID70563455,FALSE,198,0.02,1.00,,2.00,152,9,,25
373,methamphetamine,ESI+,DTXCID70914645,FALSE,198,0.01,0.57,,1.67,174,117,,29
373,methamphetamine,ESI+,DTXCID70956085,FALSE,198,0.06,1.10,,1.50,71,4,,30
373,methamphetamine,ESI+,DTXCID801034282,FALSE,198,0.03,0.62,,0.00,136,98,,32
373,methamphetamine,ESI+,DTXCID801335187,FALSE,198,0.07,0.58,,5.00,57,114,,1
373,methamphetamine,ESI+,DTXCID80241070,FALSE,198,0.03,0.77,,1.50,119,45,,30
373,methamphetamine,ESI+,DTXCID80353167,FALSE,198,0.04,0.63,,2.00,109,96,,25
373,methamphetamine,ESI+,DTXCID8038439,FALSE,198,0.03,0.53,,1.67,135,148,,29
373,methamphetamine,ESI+,DTXCID80404986,FALSE,198,0.03,0.67,,2.50,123,77,,19
373,methamphetamine,ESI+,DTXCID80454608,FALSE,198,0.05,0.64,,1.50,85,90,,30
373,methamphetamine,ESI+,DTXCID80506510,FALSE,198,0.03,0.65,,2.50,134,86,,19
373,methamphetamine,ESI+,DTXCID80565187,FALSE,198,0.02,0.57,,2.67,144,119,,16
373,methamphetamine,ESI+,DTXCID80567686,FALSE,198,0.03,0.62,,2.50,138,99,,19
373,methamphetamine,ESI+,DTXCID80579567,FALSE,198,0.01,1.04,,2.67,158,6,,16
373,methamphetamine,ESI+,DTXCID80812168,FALSE,198,0.20,0.63,,2.00,22,95,,25
373,methamphetamine,ESI+,DTXCID80813933,FALSE,198,0.13,0.56,,2.57,35,124,,18
373,methamphetamine,ESI+,DTXCID80817411,FALSE,198,0.04,0.56,,1.88,104,123,,26
373,methamphetamine,ESI+,DTXCID80845153,FALSE,198,0.01,0.75,,2.00,174,50,,25
373,methamphetamine,ESI+,DTXCID80862229,FALSE,198,0.01,0.59,,2.00,159,107,,25
373,methamphetamine,ESI+,DTXCID80985765,FALSE,198,0.01,0.54,,2.00,174,136,,25
373,methamphetamine,ESI+,DTXCID90100124,FALSE,198,0.08,0.85,,2.00,53,26,,25
373,methamphetamine,ESI+,DTXCID901014207,FALSE,198,0.01,0.86,,1.00,157,23,,31
373,methamphetamine,ESI+,DTXCID901047309,FALSE,198,0.01,0.67,,1.50,174,74,,30
373,methamphetamine,ESI+,DTXCID901373126,FALSE,198,0.04,0.50,,3.00,101,164,,12
373,methamphetamine,ESI+,DTXCID901389268,FALSE,198,0.10,0.54,,2.00,47,144,,25
373,methamphetamine,ESI+,DTXCID90150189,FALSE,198,0.11,0.47,,2.50,43,171,,19
373,methamphetamine,ESI+,DTXCID90235061,FALSE,198,0.03,0.58,,1.50,132,113,,30
373,methamphetamine,ESI+,DTXCID90285768,FALSE,198,0.04,0.85,,2.50,114,27,,19
373,methamphetamine,ESI+,DTXCID90353178,FALSE,198,0.05,0.97,,2.33,80,12,,21
373,methamphetamine,ESI+,DTXCID90356725,FALSE,198,0.05,0.41,,2.50,83,183,,19
373,methamphetamine,ESI+,DTXCID90451062,FALSE,198,0.03,0.64,,1.50,120,91,,30
373,methamphetamine,ESI+,DTXCID90457004,FALSE,198,0.01,1.02,,1.50,153,7,,30
373,methamphetamine,ESI+,DTXCID90466358,FALSE,198,0.03,0.53,,2.50,126,146,,19
373,methamphetamine,ESI+,DTXCID90471220,FALSE,198,0.01,0.75,,1.50,171,49,,30
373,methamphetamine,ESI+,DTXCID90477363,FALSE,198,0.03,0.65,,2.50,140,88,,19
373,methamphetamine,ESI+,DTXCID90478037,FALSE,198,0.01,0.57,,1.50,174,121,,30
373,methamphetamine,ESI+,DTXCID90811647,FALSE,198,0.66,0.42,,3.94,8,181,,6
373,methamphetamine,ESI+,DTXCID90817301,FALSE,198,0.05,0.47,,1.00,79,170,,31
373,methamphetamine,ESI+,DTXCID90822612,FALSE,198,0.14,0.57,,1.50,33,116,,30
373,methamphetamine,ESI+,DTXCID90878871,FALSE,198,0.01,0.87,,1.50,170,21,,30
373,methamphetamine,ESI+,DTXCID9091864,FALSE,198,0.05,0.52,,2.00,94,152,,25
401,acetaminophen,ESI+,DTXCID001010139,FALSE,313,0.02,0.60,0.31,0.00,225,152,270,35
401,acetaminophen,ESI+,DTXCID00102053,FALSE,313,0.17,0.65,0.36,2.25,45,114,231,23
401,acetaminophen,ESI+,DTXCID00109360,FALSE,313,0.04,0.28,0.62,3.11,125,296,62,11
401,acetaminophen,ESI+,DTXCID001110395,FALSE,313,0.03,0.77,0.44,2.00,154,47,181,29
401,acetaminophen,ESI+,DTXCID001360550,FALSE,313,0.12,0.71,0.64,1.00,53,74,58,34
401,acetaminophen,ESI+,DTXCID001433117,FALSE,313,0.06,0.49,0.35,1.50,97,240,233,32
401,acetaminophen,ESI+,DTXCID00233932,FALSE,313,0.14,0.60,0.48,2.50,50,155,137,20
401,acetaminophen,ESI+,DTXCID00255412,FALSE,313,0.03,0.52,0.49,2.50,153,228,131,20
401,acetaminophen,ESI+,DTXCID0027016,FALSE,313,0.84,0.47,0.46,2.50,5,254,160,20
401,acetaminophen,ESI+,DTXCID00281216,FALSE,313,0.11,0.54,0.99,2.00,54,210,2,29
401,acetaminophen,ESI+,DTXCID0033469,FALSE,313,0.47,0.57,0.46,2.33,11,177,156,22
401,acetaminophen,ESI+,DTXCID00379586,FALSE,313,0.01,0.57,0.44,1.50,253,181,178,32
401,acetaminophen,ESI+,DTXCID00388936,FALSE,313,0.02,0.60,0.38,1.50,211,151,216,32
401,acetaminophen,ESI+,DTXCID00399123,FALSE,313,0.02,0.46,0.47,2.50,192,256,147,20
401,acetaminophen,ESI+,DTXCID0040389,FALSE,313,0.24,0.42,0.51,2.40,28,267,111,21
401,acetaminophen,ESI+,DTXCID00419092,FALSE,313,0.04,0.59,0.51,1.50,143,163,115,32
401,acetaminophen,ESI+,DTXCID00433874,FALSE,313,0.05,0.45,0.49,2.50,108,264,134,20
401,acetaminophen,ESI+,DTXCID00510755,FALSE,313,0.04,0.67,0.48,1.50,133,102,144,32
401,acetaminophen,ESI+,DTXCID005136,FALSE,313,0.21,0.56,0.87,3.36,34,191,11,9
401,acetaminophen,ESI+,DTXCID00522095,FALSE,313,0.03,0.46,0.35,1.50,165,259,237,32
401,acetaminophen,ESI+,DTXCID00523446,FALSE,313,0.03,0.49,0.43,2.00,177,244,193,29
401,acetaminophen,ESI+,DTXCID00546998,FALSE,313,0.02,0.42,0.32,2.00,222,269,257,29
401,acetaminophen,ESI+,DTXCID00548654,FALSE,313,0.01,0.59,0.86,1.67,232,157,14,31
401,acetaminophen,ESI+,DTXCID00550878,FALSE,313,0.02,0.48,0.45,1.50,197,246,164,32
401,acetaminophen,ESI+,DTXCID00569142,FALSE,313,0.02,0.76,0.45,2.00,204,52,168,29
401,acetaminophen,ESI+,DTXCID00579640,FALSE,313,0.02,0.69,0.43,1.67,220,87,191,31
401,acetaminophen,ESI+,DTXCID00610087,FALSE,313,0.03,0.52,0.38,1.00,184,224,217,34
401,acetaminophen,ESI+,DTXCID00615779,FALSE,313,0.01,0.49,0.32,1.00,258,243,254,34
401,acetaminophen,ESI+,DTXCID00657679,FALSE,313,0.01,0.61,0.74,2.00,249,141,36,29
401,acetaminophen,ESI+,DTXCID00674129,FALSE,313,0.02,0.48,0.60,2.00,203,245,70,29
401,acetaminophen,ESI+,DTXCID00723202,FALSE,313,0.02,0.60,0.32,1.50,224,156,260,32
401,acetaminophen,ESI+,DTXCID00806943,FALSE,313,0.01,0.74,0.39,1.50,248,62,214,32
401,acetaminophen,ESI+,DTXCID00868965,FALSE,313,0.02,0.68,0.36,1.50,230,95,224,32
401,acetaminophen,ESI+,DTXCID00885657,FALSE,313,0.01,0.49,0.32,0.00,258,242,255,35
401,acetaminophen,ESI+,DTXCID00887570,FALSE,313,0.08,0.79,0.33,1.00,73,41,251,34
401,acetaminophen,ESI+,DTXCID101017445,FALSE,313,0.31,0.39,0.94,1.67,18,276,4,31
401,acetaminophen,ESI+,DTXCID10101810,FALSE,313,0.17,0.75,0.51,2.88,43,53,114,14
401,acetaminophen,ESI+,DTXCID101019241,FALSE,313,0.03,0.70,0.48,1.50,187,83,138,32
401,acetaminophen,ESI+,DTXCID10109972,FALSE,313,0.07,0.68,0.76,1.00,82,93,30,34
401,acetaminophen,ESI+,DTXCID10115194,FALSE,313,0.04,0.53,0.74,1.50,128,220,35,32
401,acetaminophen,ESI+,DTXCID101255946,FALSE,313,0.02,0.78,0.49,2.00,228,46,129,29
401,acetaminophen,ESI+,DTXCID10125910,FALSE,313,0.01,0.76,0.48,1.50,253,50,136,32
401,acetaminophen,ESI+,DTXCID101329999,FALSE,313,0.01,0.75,0.65,3.00,265,56,53,12
401,acetaminophen,ESI+,DTXCID10134421,FALSE,313,0.11,0.31,0.32,1.00,56,294,256,34
401,acetaminophen,ESI+,DTXCID101487098,FALSE,313,0.01,,,1.50,265,,,32
401,acetaminophen,ESI+,DTXCID101488189,FALSE,313,0.01,,,0.00,264,,,35
401,acetaminophen,ESI+,DTXCID10201485,FALSE,313,0.06,0.97,0.83,2.50,98,9,20,20
401,acetaminophen,ESI+,DTXCID10244599,FALSE,313,0.25,0.57,0.56,1.50,26,180,89,32
401,acetaminophen,ESI+,DTXCID10283721,FALSE,313,0.05,1.02,0.80,2.00,113,2,25,29
401,acetaminophen,ESI+,DTXCID10293764,FALSE,313,0.08,0.80,0.57,1.00,74,36,86,34
401,acetaminophen,ESI+,DTXCID10306843,FALSE,313,0.02,0.56,0.22,2.00,205,186,291,29
401,acetaminophen,ESI+,DTXCID10354849,FALSE,313,0.03,0.62,0.41,1.00,168,134,201,34
401,acetaminophen,ESI+,DTXCID1038870,FALSE,313,0.03,,,2.50,148,,,20
401,acetaminophen,ESI+,DTXCID10410171,FALSE,313,0.02,0.36,0.40,1.50,227,281,205,32
401,acetaminophen,ESI+,DTXCID10421828,FALSE,313,0.04,0.56,0.44,2.00,139,185,177,29
401,acetaminophen,ESI+,DTXCID10423428,FALSE,313,0.05,0.59,0.58,1.50,109,162,81,32
401,acetaminophen,ESI+,DTXCID1043176,FALSE,313,0.54,0.52,0.41,2.50,9,222,195,20
401,acetaminophen,ESI+,DTXCID10520946,FALSE,313,0.04,0.73,0.86,3.00,120,64,13,12
401,acetaminophen,ESI+,DTXCID105567,FALSE,313,2.47,0.51,0.41,3.82,2,229,202,5
401,acetaminophen,ESI+,DTXCID10616232,FALSE,313,0.01,0.57,0.37,2.00,257,182,220,29
401,acetaminophen,ESI+,DTXCID106513,FALSE,313,1.26,0.58,0.69,1.88,3,175,46,30
401,acetaminophen,ESI+,DTXCID10678734,FALSE,313,0.01,0.69,0.53,2.00,242,91,101,29
401,acetaminophen,ESI+,DTXCID10869165,FALSE,313,0.01,0.63,0.61,2.00,261,126,66,29
401,acetaminophen,ESI+,DTXCID1094359,FALSE,313,0.09,0.64,0.59,2.50,64,121,78,20
401,acetaminophen,ESI+,DTXCID201087164,FALSE,313,0.01,0.73,0.65,3.00,265,67,52,12
401,acetaminophen,ESI+,DTXCID201101536,FALSE,313,0.01,0.63,0.22,1.50,258,129,289,32
401,acetaminophen,ESI+,DTXCID20115544,FALSE,313,0.08,0.55,0.44,2.25,77,198,184,23
401,acetaminophen,ESI+,DTXCID201320895,FALSE,313,0.04,0.76,0.75,1.50,137,51,32,32
401,acetaminophen,ESI+,DTXCID201380160,FALSE,313,0.03,,,1.00,149,,,34
401,acetaminophen,ESI+,DTXCID201457743,FALSE,313,0.01,0.82,0.37,1.00,240,32,222,34
401,acetaminophen,ESI+,DTXCID201480552,FALSE,313,0.01,,,2.00,258,,,29
401,acetaminophen,ESI+,DTXCID201484423,FALSE,313,0.01,,,2.00,263,,,29
401,acetaminophen,ESI+,DTXCID202089,FALSE,313,0.70,0.86,0.35,3.30,7,21,240,10
401,acetaminophen,ESI+,DTXCID20228648,FALSE,313,0.07,0.54,0.40,1.00,91,213,210,34
401,acetaminophen,ESI+,DTXCID20238303,FALSE,313,0.11,0.75,0.44,1.00,57,57,183,34
401,acetaminophen,ESI+,DTXCID20277696,FALSE,313,0.03,0.80,0.50,1.50,144,37,125,32
401,acetaminophen,ESI+,DTXCID20284547,FALSE,313,0.02,0.69,0.21,1.50,229,90,298,32
401,acetaminophen,ESI+,DTXCID20294828,FALSE,313,0.01,,,1.50,260,,,32
401,acetaminophen,ESI+,DTXCID20314595,FALSE,313,0.03,0.65,0.49,2.00,174,115,133,29
401,acetaminophen,ESI+,DTXCID2037714,FALSE,313,0.08,0.73,0.51,3.00,76,68,110,12
401,acetaminophen,ESI+,DTXCID2042141,FALSE,313,0.09,0.63,0.48,1.50,65,131,141,32
401,acetaminophen,ESI+,DTXCID20429214,FALSE,313,0.04,0.35,0.47,2.50,116,282,145,20
401,acetaminophen,ESI+,DTXCID205134,FALSE,313,0.44,0.56,0.85,3.44,14,189,19,8
401,acetaminophen,ESI+,DTXCID20527704,FALSE,313,0.03,0.91,0.57,1.50,151,14,87,32
401,acetaminophen,ESI+,DTXCID20549305,FALSE,313,0.01,0.58,0.50,2.50,242,174,124,20
401,acetaminophen,ESI+,DTXCID20559883,FALSE,313,0.01,0.70,0.74,2.00,245,81,38,29
401,acetaminophen,ESI+,DTXCID20560272,FALSE,313,0.01,0.35,0.39,2.00,254,287,213,29
401,acetaminophen,ESI+,DTXCID20571308,FALSE,313,0.02,0.63,0.59,2.00,216,127,76,29
401,acetaminophen,ESI+,DTXCID20654342,FALSE,313,0.01,0.64,0.46,2.00,254,122,154,29
401,acetaminophen,ESI+,DTXCID20902310,FALSE,313,0.01,0.87,0.29,1.50,265,19,275,32
401,acetaminophen,ESI+,DTXCID2098952,FALSE,313,0.17,0.55,0.60,2.19,42,202,73,27
401,acetaminophen,ESI+,DTXCID301005294,FALSE,313,0.02,0.82,0.38,1.50,213,31,218,32
401,acetaminophen,ESI+,DTXCID301006804,FALSE,313,0.03,0.54,0.58,2.00,172,207,84,29
401,acetaminophen,ESI+,DTXCID30106120,FALSE,313,0.20,0.64,0.21,1.33,37,118,293,33
401,acetaminophen,ESI+,DTXCID301072273,FALSE,313,0.04,0.54,0.23,1.50,140,211,288,32
401,acetaminophen,ESI+,DTXCID301135710,FALSE,313,0.01,0.59,0.47,1.50,265,160,148,32
401,acetaminophen,ESI+,DTXCID30125654,FALSE,313,0.18,0.54,0.40,1.67,41,206,207,31
401,acetaminophen,ESI+,DTXCID30129339,FALSE,313,0.21,0.51,0.95,2.50,36,230,3,20
401,acetaminophen,ESI+,DTXCID30132646,FALSE,313,0.14,0.33,0.44,1.67,49,291,175,31
401,acetaminophen,ESI+,DTXCID301330051,FALSE,313,0.08,0.80,0.39,1.50,72,38,215,32
401,acetaminophen,ESI+,DTXCID301387240,FALSE,313,0.13,,,1.00,52,,,34
401,acetaminophen,ESI+,DTXCID301425135,FALSE,313,0.03,0.47,0.21,1.00,163,251,297,34
401,acetaminophen,ESI+,DTXCID30144603,FALSE,313,0.05,0.63,0.41,1.50,111,132,198,32
401,acetaminophen,ESI+,DTXCID30150305,FALSE,313,0.07,0.54,0.33,1.50,81,209,248,32
401,acetaminophen,ESI+,DTXCID30160484,FALSE,313,0.04,1.02,0.50,1.50,130,3,122,32
401,acetaminophen,ESI+,DTXCID30235767,FALSE,313,0.06,0.53,0.72,2.50,94,217,41,20
401,acetaminophen,ESI+,DTXCID30247547,FALSE,313,0.04,0.51,0.50,2.50,121,232,116,20
401,acetaminophen,ESI+,DTXCID30250758,FALSE,313,0.03,0.84,0.85,2.50,183,25,17,20
401,acetaminophen,ESI+,DTXCID30265605,FALSE,313,0.02,0.65,0.59,1.50,193,113,75,32
401,acetaminophen,ESI+,DTXCID30294839,FALSE,313,0.07,0.37,0.41,1.50,88,278,203,32
401,acetaminophen,ESI+,DTXCID30330488,FALSE,313,0.07,1.02,0.48,2.00,92,1,140,29
401,acetaminophen,ESI+,DTXCID3033519,FALSE,313,0.30,0.74,0.30,2.64,19,59,272,18
401,acetaminophen,ESI+,DTXCID30355015,FALSE,313,0.01,0.56,0.65,2.50,252,194,54,20
401,acetaminophen,ESI+,DTXCID30384885,FALSE,313,0.02,0.69,0.66,1.50,191,85,51,32
401,acetaminophen,ESI+,DTXCID30392142,FALSE,313,0.17,0.55,0.88,2.00,44,196,10,29
401,acetaminophen,ESI+,DTXCID30393472,FALSE,313,0.02,0.60,0.85,1.50,209,154,18,32
401,acetaminophen,ESI+,DTXCID30414393,FALSE,313,0.03,0.56,0.33,1.50,146,190,252,32
401,acetaminophen,ESI+,DTXCID30511735,FALSE,313,0.04,0.71,0.45,1.50,132,75,171,32
401,acetaminophen,ESI+,DTXCID30518547,FALSE,313,0.02,0.64,0.36,1.50,196,123,228,32
401,acetaminophen,ESI+,DTXCID30542347,FALSE,313,0.02,0.58,0.31,2.50,199,170,268,20
401,acetaminophen,ESI+,DTXCID30548521,FALSE,313,0.02,0.63,0.31,1.50,198,125,271,32
401,acetaminophen,ESI+,DTXCID30550447,FALSE,313,0.02,0.65,0.52,1.50,214,117,107,32
401,acetaminophen,ESI+,DTXCID30602591,FALSE,313,0.01,0.46,0.39,2.00,250,260,211,29
401,acetaminophen,ESI+,DTXCID30616234,FALSE,313,0.03,0.72,0.45,2.00,180,71,165,29
401,acetaminophen,ESI+,DTXCID30631427,FALSE,313,0.02,0.61,0.35,2.00,222,143,238,29
401,acetaminophen,ESI+,DTXCID30647164,FALSE,313,0.02,0.61,0.36,1.50,219,145,225,32
401,acetaminophen,ESI+,DTXCID30649188,FALSE,313,0.01,0.59,0.36,2.00,262,158,230,29
401,acetaminophen,ESI+,DTXCID30653508,FALSE,313,0.01,0.55,0.32,2.00,243,201,261,29
401,acetaminophen,ESI+,DTXCID3065954,FALSE,313,0.11,0.69,0.72,2.25,55,88,40,23
401,acetaminophen,ESI+,DTXCID30667706,FALSE,313,0.01,0.62,0.52,2.00,237,139,102,29
401,acetaminophen,ESI+,DTXCID3069485,FALSE,313,0.04,0.79,0.59,2.67,131,44,74,17
401,acetaminophen,ESI+,DTXCID3077828,FALSE,313,0.05,0.42,0.80,1.00,114,268,26,34
401,acetaminophen,ESI+,DTXCID30886374,FALSE,313,0.01,0.62,0.52,2.00,264,137,106,29
401,acetaminophen,ESI+,DTXCID30984026,FALSE,313,0.01,0.41,0.46,2.00,263,273,152,29
401,acetaminophen,ESI+,DTXCID40103165,FALSE,313,0.29,0.47,0.21,1.67,20,250,295,31
401,acetaminophen,ESI+,DTXCID40103327,FALSE,313,0.28,0.47,0.50,2.00,22,255,126,29
401,acetaminophen,ESI+,DTXCID401183655,FALSE,313,0.03,0.77,0.62,1.00,162,48,63,34
401,acetaminophen,ESI+,DTXCID40118855,FALSE,313,0.08,0.94,0.65,1.50,80,13,55,32
401,acetaminophen,ESI+,DTXCID40125908,FALSE,313,0.05,1.00,0.46,1.50,107,5,161,32
401,acetaminophen,ESI+,DTXCID401315838,FALSE,313,0.01,0.79,0.64,1.00,239,40,57,34
401,acetaminophen,ESI+,DTXCID401403497,FALSE,313,0.00,0.55,0.31,1.00,266,200,267,34
401,acetaminophen,ESI+,DTXCID402082,FALSE,313,0.59,0.86,0.36,2.72,8,20,232,16
401,acetaminophen,ESI+,DTXCID402189,FALSE,313,0.22,0.53,0.94,2.24,32,215,5,24
401,acetaminophen,ESI+,DTXCID40234600,FALSE,313,0.09,0.55,0.52,1.50,67,197,105,32
401,acetaminophen,ESI+,DTXCID40243611,FALSE,313,0.08,0.55,0.49,2.50,69,204,132,20
401,acetaminophen,ESI+,DTXCID40285677,FALSE,313,0.05,0.73,0.41,2.50,103,65,196,20
401,acetaminophen,ESI+,DTXCID40302277,FALSE,313,0.03,0.59,0.45,2.00,145,169,172,29
401,acetaminophen,ESI+,DTXCID4032956,FALSE,313,0.24,0.63,0.35,2.53,29,128,235,19
401,acetaminophen,ESI+,DTXCID40344859,FALSE,313,0.04,0.54,0.35,2.00,126,212,239,29
401,acetaminophen,ESI+,DTXCID4034497,FALSE,313,0.09,0.85,0.32,1.50,66,23,259,32
401,acetaminophen,ESI+,DTXCID4035043,FALSE,313,0.36,0.73,0.45,2.40,17,66,166,21
401,acetaminophen,ESI+,DTXCID40428744,FALSE,313,0.03,0.46,0.32,1.50,156,257,262,32
401,acetaminophen,ESI+,DTXCID40461070,FALSE,313,0.03,0.80,0.56,1.50,186,39,91,32
401,acetaminophen,ESI+,DTXCID40504254,FALSE,313,0.04,0.61,0.74,1.50,135,142,37,32
401,acetaminophen,ESI+,DTXCID405132,FALSE,313,0.29,0.67,0.53,4.08,21,100,99,2
401,acetaminophen,ESI+,DTXCID405137,FALSE,313,0.41,0.50,0.55,3.64,16,239,95,6
401,acetaminophen,ESI+,DTXCID40544211,FALSE,313,0.03,0.50,0.40,1.00,150,237,206,34
401,acetaminophen,ESI+,DTXCID40546997,FALSE,313,0.01,0.51,0.70,1.50,241,234,43,32
401,acetaminophen,ESI+,DTXCID40573844,FALSE,313,0.01,0.47,0.71,1.00,233,253,42,34
401,acetaminophen,ESI+,DTXCID40577726,FALSE,313,0.05,0.52,0.52,1.00,110,225,103,34
401,acetaminophen,ESI+,DTXCID40581308,FALSE,313,0.01,0.56,0.31,1.00,245,193,269,34
401,acetaminophen,ESI+,DTXCID40599382,FALSE,313,0.03,0.64,0.32,2.00,177,119,253,29
401,acetaminophen,ESI+,DTXCID40615773,FALSE,313,0.02,0.50,0.23,2.00,218,238,287,29
401,acetaminophen,ESI+,DTXCID40672164,FALSE,313,0.01,,,1.50,265,,,32
401,acetaminophen,ESI+,DTXCID40813893,FALSE,313,0.20,0.94,0.57,2.00,38,12,88,29
401,acetaminophen,ESI+,DTXCID40872329,FALSE,313,0.01,0.60,0.33,2.00,265,150,246,29
401,acetaminophen,ESI+,DTXCID501018083,FALSE,313,0.02,0.34,0.40,0.00,227,288,208,35
401,acetaminophen,ESI+,DTXCID501019431,FALSE,313,0.02,0.35,0.24,0.00,194,284,282,35
401,acetaminophen,ESI+,DTXCID501100575,FALSE,313,0.01,0.66,0.36,2.00,258,106,227,29
401,acetaminophen,ESI+,DTXCID50127059,FALSE,313,0.72,0.65,0.32,2.67,6,116,263,17
401,acetaminophen,ESI+,DTXCID50133650,FALSE,313,0.44,0.34,0.58,1.67,13,289,83,31
401,acetaminophen,ESI+,DTXCID501459629,FALSE,313,0.03,0.67,0.46,3.00,157,99,151,12
401,acetaminophen,ESI+,DTXCID501460947,FALSE,313,0.01,0.47,0.48,0.00,258,247,142,35
401,acetaminophen,ESI+,DTXCID501470667,FALSE,313,0.00,0.64,0.33,0.00,266,120,247,35
401,acetaminophen,ESI+,DTXCID50219009,FALSE,313,0.09,0.46,0.32,1.50,68,258,258,32
401,acetaminophen,ESI+,DTXCID50284535,FALSE,313,0.09,0.58,0.31,1.00,62,172,265,34
401,acetaminophen,ESI+,DTXCID50293900,FALSE,313,0.04,0.59,0.72,1.50,123,166,39,32
401,acetaminophen,ESI+,DTXCID50309939,FALSE,313,0.03,0.37,0.50,2.00,158,279,119,29
401,acetaminophen,ESI+,DTXCID5032446,FALSE,313,0.26,0.58,0.56,2.16,24,173,94,28
401,acetaminophen,ESI+,DTXCID5034145,FALSE,313,0.11,0.78,0.60,2.80,58,45,71,15
401,acetaminophen,ESI+,DTXCID50357915,FALSE,313,0.01,0.60,0.66,1.00,246,148,50,34
401,acetaminophen,ESI+,DTXCID50478795,FALSE,313,0.02,0.56,0.35,2.50,201,187,236,20
401,acetaminophen,ESI+,DTXCID50549338,FALSE,313,0.02,0.84,0.50,1.00,212,24,121,34
401,acetaminophen,ESI+,DTXCID50552488,FALSE,313,0.01,0.71,0.46,1.50,252,77,159,32
401,acetaminophen,ESI+,DTXCID50616236,FALSE,313,0.02,0.84,0.42,2.00,190,29,194,29
401,acetaminophen,ESI+,DTXCID50650539,FALSE,313,0.01,0.13,0.45,2.00,258,299,167,29
401,acetaminophen,ESI+,DTXCID50869149,FALSE,313,0.01,0.44,0.41,2.00,265,265,197,29
401,acetaminophen,ESI+,DTXCID50938283,FALSE,313,0.01,0.83,0.90,1.50,265,30,8,32
401,acetaminophen,ESI+,DTXCID50943892,FALSE,313,0.04,0.71,0.39,1.00,141,78,212,34
401,acetaminophen,ESI+,DTXCID50980020,FALSE,313,0.01,0.71,0.34,1.00,265,73,241,34
401,acetaminophen,ESI+,DTXCID601007099,FALSE,313,0.02,0.68,0.28,1.50,191,98,276,32
401,acetaminophen,ESI+,DTXCID60103162,FALSE,313,0.23,0.81,0.64,3.00,31,35,56,12
401,acetaminophen,ESI+,DTXCID60106436,FALSE,313,0.07,0.54,0.48,2.40,85,205,143,21
401,acetaminophen,ESI+,DTXCID60122419,FALSE,313,0.09,0.62,0.49,2.33,63,133,130,22
401,acetaminophen,ESI+,DTXCID601287576,FALSE,313,0.01,0.66,0.43,2.00,259,112,192,29
401,acetaminophen,ESI+,DTXCID60222347,FALSE,313,0.04,0.47,0.77,2.00,136,249,29,29
401,acetaminophen,ESI+,DTXCID60278440,FALSE,313,0.10,0.44,0.58,1.50,61,266,80,32
401,acetaminophen,ESI+,DTXCID60280341,FALSE,313,0.01,0.79,0.58,2.50,238,42,82,20
401,acetaminophen,ESI+,DTXCID60292464,FALSE,313,0.06,0.31,0.59,1.50,95,293,77,32
401,acetaminophen,ESI+,DTXCID6031259,FALSE,313,0.18,0.67,0.69,2.00,40,103,45,29
401,acetaminophen,ESI+,DTXCID6035497,FALSE,313,0.26,0.66,0.81,2.50,25,107,23,20
401,acetaminophen,ESI+,DTXCID60377568,FALSE,313,0.06,0.62,0.43,2.00,96,138,188,29
401,acetaminophen,ESI+,DTXCID60394457,FALSE,313,0.04,0.50,0.79,3.00,122,235,27,12
401,acetaminophen,ESI+,DTXCID60411976,FALSE,313,0.03,0.33,0.83,2.50,178,290,21,20
401,acetaminophen,ESI+,DTXCID60449330,FALSE,313,0.02,0.70,0.57,1.50,195,84,85,32
401,acetaminophen,ESI+,DTXCID60453932,FALSE,313,0.02,0.59,0.45,1.50,223,159,170,32
401,acetaminophen,ESI+,DTXCID60496485,FALSE,313,0.03,0.75,0.60,1.50,171,54,67,32
401,acetaminophen,ESI+,DTXCID60497831,FALSE,313,0.03,0.66,0.49,1.50,166,111,135,32
401,acetaminophen,ESI+,DTXCID60512033,FALSE,313,0.01,0.90,0.60,2.50,250,15,72,20
401,acetaminophen,ESI+,DTXCID605135,FALSE,313,0.45,0.55,0.81,3.92,12,203,22,3
401,acetaminophen,ESI+,DTXCID60528937,FALSE,313,0.03,0.59,0.44,2.00,152,167,180,29
401,acetaminophen,ESI+,DTXCID60559206,FALSE,313,0.03,0.53,0.69,1.00,181,219,47,34
401,acetaminophen,ESI+,DTXCID606,TRUE,313,7.44,0.84,0.36,4.24,1,28,229,1
401,acetaminophen,ESI+,DTXCID60616601,FALSE,313,0.02,0.95,0.46,2.00,208,10,153,29
401,acetaminophen,ESI+,DTXCID60671856,FALSE,313,0.01,,,1.50,248,,,32
401,acetaminophen,ESI+,DTXCID60811215,FALSE,313,1.18,0.45,0.37,3.00,4,263,221,12
401,acetaminophen,ESI+,DTXCID6099481,FALSE,313,0.08,0.68,0.90,2.00,70,94,9,29
401,acetaminophen,ESI+,DTXCID70108683,FALSE,313,0.03,0.62,0.37,2.50,159,140,219,20
401,acetaminophen,ESI+,DTXCID70118469,FALSE,313,0.24,0.53,0.21,1.33,27,218,292,33
401,acetaminophen,ESI+,DTXCID701243147,FALSE,313,0.05,0.74,0.51,0.00,115,60,112,35
401,acetaminophen,ESI+,DTXCID70131698,FALSE,313,0.04,0.52,0.40,2.50,118,227,204,20
401,acetaminophen,ESI+,DTXCID701321981,FALSE,313,0.03,0.47,0.47,2.50,161,248,150,20
401,acetaminophen,ESI+,DTXCID701365032,FALSE,313,0.03,0.60,0.56,1.00,160,149,90,34
401,acetaminophen,ESI+,DTXCID701391576,FALSE,313,0.22,0.51,0.34,2.25,33,233,242,23
401,acetaminophen,ESI+,DTXCID701485226,FALSE,313,0.01,,,1.50,255,,,32
401,acetaminophen,ESI+,DTXCID70251941,FALSE,313,0.07,0.69,0.34,1.00,86,89,243,34
401,acetaminophen,ESI+,DTXCID7026526,FALSE,313,0.42,0.66,0.45,2.92,15,110,163,13
401,acetaminophen,ESI+,DTXCID70283722,FALSE,313,0.05,0.98,0.56,2.50,105,8,92,20
401,acetaminophen,ESI+,DTXCID70314767,FALSE,313,0.03,0.63,0.46,1.67,167,130,158,31
401,acetaminophen,ESI+,DTXCID7036088,FALSE,313,0.16,0.79,0.23,3.50,47,43,286,7
401,acetaminophen,ESI+,DTXCID70389637,FALSE,313,0.06,0.72,0.33,1.50,100,70,250,32
401,acetaminophen,ESI+,DTXCID70392141,FALSE,313,0.04,0.84,0.86,2.00,142,26,12,29
401,acetaminophen,ESI+,DTXCID7042980,FALSE,313,0.21,0.50,0.54,2.20,35,236,98,26
401,acetaminophen,ESI+,DTXCID70444492,FALSE,313,0.08,0.40,0.24,1.50,79,275,281,32
401,acetaminophen,ESI+,DTXCID70498470,FALSE,313,0.04,0.99,0.62,2.00,127,7,64,29
401,acetaminophen,ESI+,DTXCID70501978,FALSE,313,0.03,0.77,0.50,1.50,185,49,123,32
401,acetaminophen,ESI+,DTXCID70505572,FALSE,313,0.02,0.52,0.21,1.00,215,223,296,34
401,acetaminophen,ESI+,DTXCID70517317,FALSE,313,0.02,0.51,0.60,2.00,202,231,69,29
401,acetaminophen,ESI+,DTXCID70522668,FALSE,313,0.04,0.71,0.51,1.50,117,76,109,32
401,acetaminophen,ESI+,DTXCID70542225,FALSE,313,0.03,0.62,0.43,2.50,179,136,185,20
401,acetaminophen,ESI+,DTXCID70569033,FALSE,313,0.01,0.35,0.43,2.00,258,286,187,29
401,acetaminophen,ESI+,DTXCID70616233,FALSE,313,0.01,0.59,0.45,2.00,258,164,162,29
401,acetaminophen,ESI+,DTXCID70616430,FALSE,313,0.03,0.63,0.35,1.00,170,124,234,34
401,acetaminophen,ESI+,DTXCID801036933,FALSE,313,0.01,0.66,0.49,1.00,265,108,128,34
401,acetaminophen,ESI+,DTXCID801039763,FALSE,313,0.01,0.35,0.44,1.50,265,285,179,32
401,acetaminophen,ESI+,DTXCID80107425,FALSE,313,0.05,1.01,0.43,1.50,104,4,190,32
401,acetaminophen,ESI+,DTXCID80118470,FALSE,313,0.19,0.75,0.22,1.50,39,55,290,32
401,acetaminophen,ESI+,DTXCID80121207,FALSE,313,0.10,0.87,0.70,1.50,60,18,44,32
401,acetaminophen,ESI+,DTXCID801330056,FALSE,313,0.07,0.45,0.46,2.00,90,262,155,29
401,acetaminophen,ESI+,DTXCID801382164,FALSE,313,0.08,,,2.00,78,,,29
401,acetaminophen,ESI+,DTXCID801421657,FALSE,313,0.02,0.46,0.54,3.00,227,261,96,12
401,acetaminophen,ESI+,DTXCID80146470,FALSE,313,0.10,0.55,0.53,2.25,59,199,100,23
401,acetaminophen,ESI+,DTXCID801492640,FALSE,313,0.03,,,0.00,173,,,35
401,acetaminophen,ESI+,DTXCID80255410,FALSE,313,0.08,0.72,0.43,2.50,71,72,189,20
401,acetaminophen,ESI+,DTXCID80272066,FALSE,313,0.02,0.61,0.52,1.50,217,146,108,32
401,acetaminophen,ESI+,DTXCID80277733,FALSE,313,0.03,0.53,0.85,1.50,178,216,15,32
401,acetaminophen,ESI+,DTXCID80291454,FALSE,313,0.04,0.59,0.50,1.00,119,165,117,34
401,acetaminophen,ESI+,DTXCID80294829,FALSE,313,0.05,0.68,0.46,1.50,106,96,157,32
401,acetaminophen,ESI+,DTXCID80352458,FALSE,313,0.04,0.52,0.99,2.00,129,221,1,29
401,acetaminophen,ESI+,DTXCID80352837,FALSE,313,0.05,0.75,0.50,1.50,102,58,127,32
401,acetaminophen,ESI+,DTXCID80355040,FALSE,313,0.02,0.88,0.58,1.00,226,16,79,34
401,acetaminophen,ESI+,DTXCID80397526,FALSE,313,0.06,0.59,0.44,2.50,99,161,174,20
401,acetaminophen,ESI+,DTXCID8043236,FALSE,313,0.23,0.54,0.91,2.00,30,214,6,29
401,acetaminophen,ESI+,DTXCID80457331,FALSE,313,0.01,0.84,0.63,1.50,254,27,61,32
401,acetaminophen,ESI+,DTXCID80485755,FALSE,313,0.01,0.58,0.31,1.50,256,176,266,32
401,acetaminophen,ESI+,DTXCID805133,FALSE,313,0.49,0.54,0.56,3.92,10,208,93,4
401,acetaminophen,ESI+,DTXCID80541986,FALSE,313,0.03,0.57,0.31,1.00,189,184,264,34
401,acetaminophen,ESI+,DTXCID80564397,FALSE,313,0.01,0.56,0.24,2.50,247,192,284,20
401,acetaminophen,ESI+,DTXCID80592796,FALSE,313,0.01,0.70,0.23,2.50,258,82,285,20
401,acetaminophen,ESI+,DTXCID80603159,FALSE,313,0.01,0.72,0.64,1.00,257,69,60,34
401,acetaminophen,ESI+,DTXCID80659494,FALSE,313,0.01,0.88,0.41,2.00,244,17,200,29
401,acetaminophen,ESI+,DTXCID8065955,FALSE,313,0.13,0.68,0.75,1.67,51,97,33,31
401,acetaminophen,ESI+,DTXCID80675654,FALSE,313,0.01,,,2.00,231,,,29
401,acetaminophen,ESI+,DTXCID8082123,FALSE,313,0.07,0.36,0.50,2.67,89,280,120,17
401,acetaminophen,ESI+,DTXCID80886006,FALSE,313,0.01,0.40,0.20,2.00,258,274,299,29
401,acetaminophen,ESI+,DTXCID80893679,FALSE,313,0.07,0.49,0.66,3.00,84,241,49,12
401,acetaminophen,ESI+,DTXCID80902311,FALSE,313,0.01,0.60,0.36,1.50,265,147,226,32
401,acetaminophen,ESI+,DTXCID8090518,FALSE,313,0.15,0.59,0.47,2.00,48,168,146,29
401,acetaminophen,ESI+,DTXCID80944135,FALSE,313,0.01,0.35,0.29,1.50,265,283,274,32
401,acetaminophen,ESI+,DTXCID80984758,FALSE,313,0.01,0.57,0.68,2.00,265,179,48,29
401,acetaminophen,ESI+,DTXCID8099831,FALSE,313,0.07,0.61,0.30,1.00,87,144,273,34
401,acetaminophen,ESI+,DTXCID90100104,FALSE,313,0.17,0.74,0.24,2.50,46,63,283,20
401,acetaminophen,ESI+,DTXCID90104607,FALSE,313,0.04,0.57,0.26,1.50,118,178,279,32
401,acetaminophen,ESI+,DTXCID901073479,FALSE,313,0.01,0.41,0.41,2.00,258,271,199,29
401,acetaminophen,ESI+,DTXCID90110283,FALSE,313,0.05,0.85,0.37,2.67,112,22,223,17
401,acetaminophen,ESI+,DTXCID90118002,FALSE,313,0.04,0.56,0.52,1.50,134,188,104,32
401,acetaminophen,ESI+,DTXCID901378095,FALSE,313,0.03,0.69,0.85,3.00,155,86,16,12
401,acetaminophen,ESI+,DTXCID90154642,FALSE,313,0.03,0.28,0.27,1.50,188,295,277,32
401,acetaminophen,ESI+,DTXCID90202410,FALSE,313,0.01,0.52,0.91,1.00,258,226,7,34
401,acetaminophen,ESI+,DTXCID90251746,FALSE,313,0.07,0.58,0.50,1.50,83,171,118,32
401,acetaminophen,ESI+,DTXCID90288037,FALSE,313,0.06,0.70,0.44,1.00,101,80,176,34
401,acetaminophen,ESI+,DTXCID9037246,FALSE,313,0.27,0.66,0.43,2.24,23,104,186,25
401,acetaminophen,ESI+,DTXCID90386683,FALSE,313,0.04,0.74,0.61,1.00,124,61,65,34
401,acetaminophen,ESI+,DTXCID90405606,FALSE,313,0.02,0.15,0.45,1.50,221,298,169,32
401,acetaminophen,ESI+,DTXCID90407660,FALSE,313,0.02,0.37,0.47,2.50,206,277,149,20
401,acetaminophen,ESI+,DTXCID90411606,FALSE,313,0.03,0.25,0.45,2.50,169,297,173,20
401,acetaminophen,ESI+,DTXCID90424498,FALSE,313,0.04,0.68,0.64,1.50,138,92,59,32
401,acetaminophen,ESI+,DTXCID90478794,FALSE,313,0.01,0.47,0.34,2.00,234,252,244,29
401,acetaminophen,ESI+,DTXCID90485786,FALSE,313,0.02,1.00,0.60,2.50,200,6,68,20
401,acetaminophen,ESI+,DTXCID90511736,FALSE,313,0.01,0.67,0.75,1.50,235,101,34,32
401,acetaminophen,ESI+,DTXCID90513538,FALSE,313,0.03,0.94,0.80,1.50,175,11,24,32
401,acetaminophen,ESI+,DTXCID90513831,FALSE,313,0.03,0.81,0.75,1.50,182,34,31,32
401,acetaminophen,ESI+,DTXCID90518669,FALSE,313,0.02,0.55,0.21,2.50,207,195,294,20
401,acetaminophen,ESI+,DTXCID90550448,FALSE,313,0.02,0.70,0.44,1.50,210,79,182,32
401,acetaminophen,ESI+,DTXCID90575590,FALSE,313,0.01,0.62,0.40,2.00,236,135,209,29
401,acetaminophen,ESI+,DTXCID90577115,FALSE,313,0.03,0.57,0.33,2.00,147,183,249,29
401,acetaminophen,ESI+,DTXCID90609268,FALSE,313,0.03,0.41,0.34,1.00,176,272,245,34
401,acetaminophen,ESI+,DTXCID90609965,FALSE,313,0.03,0.41,0.26,2.00,164,270,280,29
401,acetaminophen,ESI+,DTXCID90649321,FALSE,313,0.01,0.66,0.48,2.00,262,109,139,29
401,acetaminophen,ESI+,DTXCID9083716,FALSE,313,0.08,0.60,0.79,3.11,75,153,28,11
401,acetaminophen,ESI+,DTXCID90886173,FALSE,313,0.01,0.66,0.54,0.00,251,105,97,35
401,acetaminophen,ESI+,DTXCID90886592,FALSE,313,0.01,0.33,0.26,2.00,265,292,278,29
401,acetaminophen,ESI+,DTXCID9094163,FALSE,313,0.06,0.81,0.51,2.50,93,33,113,20
669,gabapentin,ESI+,DTXCID001000376,FALSE,235,0.03,,0.52,1.50,138,,197,10
669,gabapentin,ESI+,DTXCID001010696,FALSE,235,0.01,,0.72,1.50,167,,97,10
669,gabapentin,ESI+,DTXCID00104299,FALSE,235,0.06,,0.60,1.50,72,,161,10
669,gabapentin,ESI+,DTXCID001151109,FALSE,235,0.03,,0.48,1.50,113,,207,10
669,gabapentin,ESI+,DTXCID001394824,FALSE,235,0.03,,0.53,1.00,144,,194,12
669,gabapentin,ESI+,DTXCID001395234,FALSE,235,0.04,,0.52,2.00,107,,195,7
669,gabapentin,ESI+,DTXCID00258908,FALSE,235,0.08,,0.84,1.50,43,,37,10
669,gabapentin,ESI+,DTXCID00387449,FALSE,235,0.04,,0.38,1.50,99,,228,10
669,gabapentin,ESI+,DTXCID00389665,FALSE,235,0.04,,0.68,1.00,98,,120,12
669,gabapentin,ESI+,DTXCID00547228,FALSE,235,0.03,,0.59,1.00,119,,167,12
669,gabapentin,ESI+,DTXCID00572853,FALSE,235,0.01,,0.73,1.00,146,,91,12
669,gabapentin,ESI+,DTXCID00821515,FALSE,235,0.01,,0.69,1.50,164,,110,10
669,gabapentin,ESI+,DTXCID00840822,FALSE,235,0.03,,0.78,2.00,112,,65,7
669,gabapentin,ESI+,DTXCID00863298,FALSE,235,0.03,,0.69,2.00,134,,109,7
669,gabapentin,ESI+,DTXCID00864563,FALSE,235,0.01,,0.63,0.00,156,,150,13
669,gabapentin,ESI+,DTXCID00872244,FALSE,235,0.37,,0.80,1.00,5,,54,12
669,gabapentin,ESI+,DTXCID00877395,FALSE,235,0.03,,0.69,1.00,131,,106,12
669,gabapentin,ESI+,DTXCID00883911,FALSE,235,0.03,,0.60,2.00,118,,163,7
669,gabapentin,ESI+,DTXCID00884463,FALSE,235,0.15,,0.53,1.50,15,,192,10
669,gabapentin,ESI+,DTXCID00887515,FALSE,235,0.01,,0.66,2.00,168,,130,7
669,gabapentin,ESI+,DTXCID00891399,FALSE,235,0.03,,1.09,2.00,143,,3,7
669,gabapentin,ESI+,DTXCID00939265,FALSE,235,0.01,,0.62,1.50,168,,152,10
669,gabapentin,ESI+,DTXCID00940114,FALSE,235,0.01,,0.78,1.50,155,,60,10
669,gabapentin,ESI+,DTXCID00955783,FALSE,235,0.03,,0.77,1.50,144,,69,10
669,gabapentin,ESI+,DTXCID00965786,FALSE,235,0.05,,0.92,1.50,84,,20,10
669,gabapentin,ESI+,DTXCID00968914,FALSE,235,0.03,,0.73,0.00,123,,85,13
669,gabapentin,ESI+,DTXCID00984457,FALSE,235,0.03,,0.67,1.00,143,,124,12
669,gabapentin,ESI+,DTXCID10117693,FALSE,235,0.10,,1.14,1.50,26,,2,10
669,gabapentin,ESI+,DTXCID101330843,FALSE,235,0.07,,0.93,0.00,54,,18,13
669,gabapentin,ESI+,DTXCID101364612,FALSE,235,0.05,,0.54,1.00,83,,189,12
669,gabapentin,ESI+,DTXCID101416493,FALSE,235,0.07,,0.73,1.50,58,,90,10
669,gabapentin,ESI+,DTXCID101470934,FALSE,235,0.01,,0.40,0.00,168,,224,13
669,gabapentin,ESI+,DTXCID10237345,FALSE,235,0.09,,0.65,1.50,35,,138,10
669,gabapentin,ESI+,DTXCID10251465,FALSE,235,0.04,,0.56,1.50,108,,177,10
669,gabapentin,ESI+,DTXCID10258515,FALSE,235,0.09,,0.71,1.50,33,,101,10
669,gabapentin,ESI+,DTXCID10300260,FALSE,235,0.15,,0.61,1.50,16,,160,10
669,gabapentin,ESI+,DTXCID10344826,FALSE,235,0.01,,0.70,1.50,159,,103,10
669,gabapentin,ESI+,DTXCID10388265,FALSE,235,0.06,,0.70,2.00,63,,105,7
669,gabapentin,ESI+,DTXCID10400390,FALSE,235,0.07,,1.03,1.50,53,,7,10
669,gabapentin,ESI+,DTXCID1045611,FALSE,235,0.10,,0.64,1.50,30,,144,10
669,gabapentin,ESI+,DTXCID10581592,FALSE,235,0.03,,0.88,1.50,128,,25,10
669,gabapentin,ESI+,DTXCID10877644,FALSE,235,0.07,,0.89,1.00,57,,23,12
669,gabapentin,ESI+,DTXCID10882899,FALSE,235,0.03,,0.48,2.50,135,,208,6
669,gabapentin,ESI+,DTXCID10886913,FALSE,235,0.03,,0.51,1.00,124,,201,12
669,gabapentin,ESI+,DTXCID10904262,FALSE,235,0.03,,1.05,1.50,144,,6,10
669,gabapentin,ESI+,DTXCID10922441,FALSE,235,0.03,,0.73,1.50,144,,86,10
669,gabapentin,ESI+,DTXCID10926909,FALSE,235,0.05,,1.00,1.00,80,,8,12
669,gabapentin,ESI+,DTXCID10941536,FALSE,235,0.03,,0.88,1.50,142,,24,10
669,gabapentin,ESI+,DTXCID10950466,FALSE,235,0.04,,0.82,1.00,92,,43,12
669,gabapentin,ESI+,DTXCID10963238,FALSE,235,0.04,,0.52,1.50,104,,199,10
669,gabapentin,ESI+,DTXCID10970745,FALSE,235,0.03,,0.45,1.00,114,,217,12
669,gabapentin,ESI+,DTXCID20104993,FALSE,235,0.18,,0.95,2.00,11,,15,7
669,gabapentin,ESI+,DTXCID201449724,FALSE,235,0.01,,1.06,0.00,168,,5,13
669,gabapentin,ESI+,DTXCID20203854,FALSE,235,0.28,,0.58,2.00,7,,172,7
669,gabapentin,ESI+,DTXCID20231071,FALSE,235,0.08,,0.81,1.50,47,,51,10
669,gabapentin,ESI+,DTXCID20242061,FALSE,235,0.06,,0.72,1.00,71,,96,12
669,gabapentin,ESI+,DTXCID20300256,FALSE,235,0.27,,0.64,1.50,9,,141,10
669,gabapentin,ESI+,DTXCID20737664,FALSE,235,0.01,,0.58,1.50,168,,169,10
669,gabapentin,ESI+,DTXCID20821532,FALSE,235,0.01,,0.84,2.67,153,,38,4
669,gabapentin,ESI+,DTXCID20822524,FALSE,235,0.03,,0.80,1.50,141,,52,10
669,gabapentin,ESI+,DTXCID20878783,FALSE,235,0.06,,0.78,1.50,62,,64,10
669,gabapentin,ESI+,DTXCID20879078,FALSE,235,0.03,,0.87,1.50,143,,30,10
669,gabapentin,ESI+,DTXCID20883655,FALSE,235,0.09,,0.55,2.00,41,,181,7
669,gabapentin,ESI+,DTXCID20889879,FALSE,235,0.03,,0.66,1.00,127,,129,12
669,gabapentin,ESI+,DTXCID20942635,FALSE,235,0.01,,0.62,1.50,156,,155,10
669,gabapentin,ESI+,DTXCID20950215,FALSE,235,0.02,,0.62,3.00,145,,153,3
669,gabapentin,ESI+,DTXCID20958352,FALSE,235,0.04,,0.81,1.50,91,,50,10
669,gabapentin,ESI+,DTXCID2099009,FALSE,235,0.10,,0.71,2.50,28,,100,6
669,gabapentin,ESI+,DTXCID301008379,FALSE,235,0.00,,0.78,1.00,169,,62,12
669,gabapentin,ESI+,DTXCID301038546,FALSE,235,0.03,,0.62,2.00,144,,154,7
669,gabapentin,ESI+,DTXCID30104005,FALSE,235,0.08,,0.47,1.50,42,,211,10
669,gabapentin,ESI+,DTXCID301389610,FALSE,235,0.11,,0.87,2.60,25,,32,5
669,gabapentin,ESI+,DTXCID301469955,FALSE,235,0.03,,1.08,0.00,144,,4,13
669,gabapentin,ESI+,DTXCID30391115,FALSE,235,0.04,,0.74,1.50,97,,82,10
669,gabapentin,ESI+,DTXCID30728301,FALSE,235,0.03,,0.65,1.50,144,,139,10
669,gabapentin,ESI+,DTXCID30764305,FALSE,235,0.03,,0.96,1.50,144,,12,10
669,gabapentin,ESI+,DTXCID30776569,FALSE,235,0.01,,0.55,1.50,168,,183,10
669,gabapentin,ESI+,DTXCID30856471,FALSE,235,0.01,,0.63,2.00,168,,146,7
669,gabapentin,ESI+,DTXCID30863983,FALSE,235,0.03,,0.76,1.33,139,,75,11
669,gabapentin,ESI+,DTXCID30868236,FALSE,235,0.03,,0.92,1.50,115,,19,10
669,gabapentin,ESI+,DTXCID30870495,FALSE,235,0.03,,0.77,2.00,111,,68,7
669,gabapentin,ESI+,DTXCID30870854,FALSE,235,0.04,,0.85,0.00,101,,35,13
669,gabapentin,ESI+,DTXCID30875026,FALSE,235,0.03,,0.69,2.00,144,,111,7
669,gabapentin,ESI+,DTXCID30893407,FALSE,235,0.06,,0.76,1.50,68,,74,10
669,gabapentin,ESI+,DTXCID30943092,FALSE,235,0.01,,0.63,1.50,152,,151,10
669,gabapentin,ESI+,DTXCID30951910,FALSE,235,0.04,,0.78,1.00,85,,66,12
669,gabapentin,ESI+,DTXCID30952942,FALSE,235,0.03,,0.45,1.50,144,,216,10
669,gabapentin,ESI+,DTXCID30968028,FALSE,235,0.01,,0.45,1.50,168,,215,10
669,gabapentin,ESI+,DTXCID30974604,FALSE,235,0.01,,0.63,2.00,158,,149,7
669,gabapentin,ESI+,DTXCID30977953,FALSE,235,0.01,,0.82,1.50,157,,42,10
669,gabapentin,ESI+,DTXCID40134999,FALSE,235,0.14,,0.55,2.50,19,,179,6
669,gabapentin,ESI+,DTXCID401355101,FALSE,235,0.07,,0.68,3.00,51,,116,3
669,gabapentin,ESI+,DTXCID401364611,FALSE,235,0.05,,0.66,1.00,81,,131,12
669,gabapentin,ESI+,DTXCID40375244,FALSE,235,0.05,,0.70,3.00,82,,102,3
669,gabapentin,ESI+,DTXCID40507467,FALSE,235,0.06,,0.96,2.00,69,,14,7
669,gabapentin,ESI+,DTXCID40605472,FALSE,235,0.01,,0.82,2.00,164,,45,7
669,gabapentin,ESI+,DTXCID40644144,FALSE,235,0.04,,0.64,2.00,96,,142,7
669,gabapentin,ESI+,DTXCID40757925,FALSE,235,0.03,,0.59,1.00,144,,168,12
669,gabapentin,ESI+,DTXCID40867078,FALSE,235,0.01,,0.68,2.00,168,,118,7
669,gabapentin,ESI+,DTXCID40867356,FALSE,235,0.07,,0.44,1.00,59,,219,12
669,gabapentin,ESI+,DTXCID40868545,FALSE,235,0.09,,0.61,1.00,39,,158,12
669,gabapentin,ESI+,DTXCID40868661,FALSE,235,0.08,,0.98,1.00,46,,10,12
669,gabapentin,ESI+,DTXCID40871690,FALSE,235,0.01,,0.60,2.00,162,,165,7
669,gabapentin,ESI+,DTXCID40872546,FALSE,235,0.34,,0.65,2.50,6,,137,6
669,gabapentin,ESI+,DTXCID40876903,FALSE,235,0.05,,0.64,1.50,80,,140,10
669,gabapentin,ESI+,DTXCID40893796,FALSE,235,0.05,,0.56,2.50,80,,178,6
669,gabapentin,ESI+,DTXCID40969743,FALSE,235,0.01,,0.87,1.50,168,,29,10
669,gabapentin,ESI+,DTXCID40971124,FALSE,235,0.01,,0.69,1.50,165,,112,10
669,gabapentin,ESI+,DTXCID40975602,FALSE,235,0.03,,0.31,1.50,132,,231,10
669,gabapentin,ESI+,DTXCID40979286,FALSE,235,0.01,,0.73,2.50,149,,87,6
669,gabapentin,ESI+,DTXCID40991165,FALSE,235,0.03,,0.60,0.00,144,,162,13
669,gabapentin,ESI+,DTXCID40999742,FALSE,235,0.04,,0.63,1.50,100,,145,10
669,gabapentin,ESI+,DTXCID501001436,FALSE,235,0.03,,0.62,1.00,144,,156,12
669,gabapentin,ESI+,DTXCID50119015,FALSE,235,0.14,,0.49,1.33,20,,205,11
669,gabapentin,ESI+,DTXCID50119419,FALSE,235,0.09,,0.74,1.50,32,,81,10
669,gabapentin,ESI+,DTXCID501330819,FALSE,235,0.07,,0.89,0.00,56,,22,13
669,gabapentin,ESI+,DTXCID501449678,FALSE,235,0.03,,0.96,0.00,120,,13,13
669,gabapentin,ESI+,DTXCID501458857,FALSE,235,0.06,,0.74,0.00,66,,80,13
669,gabapentin,ESI+,DTXCID50220695,FALSE,235,0.05,,0.49,1.50,80,,204,10
669,gabapentin,ESI+,DTXCID50229906,FALSE,235,0.14,,0.81,2.00,18,,47,7
669,gabapentin,ESI+,DTXCID50242079,FALSE,235,0.09,,0.47,1.50,37,,212,10
669,gabapentin,ESI+,DTXCID50263188,FALSE,235,0.04,,0.53,1.50,108,,193,10
669,gabapentin,ESI+,DTXCID50326202,FALSE,235,0.12,,0.55,2.00,22,,180,7
669,gabapentin,ESI+,DTXCID50341192,FALSE,235,0.03,,0.69,1.50,129,,108,10
669,gabapentin,ESI+,DTXCID50351433,FALSE,235,0.01,,0.69,1.50,148,,113,10
669,gabapentin,ESI+,DTXCID50395110,FALSE,235,0.06,,0.65,2.00,67,,135,7
669,gabapentin,ESI+,DTXCID50454690,FALSE,235,0.05,,0.42,1.50,84,,222,10
669,gabapentin,ESI+,DTXCID50473508,FALSE,235,0.05,,0.87,1.50,76,,31,10
669,gabapentin,ESI+,DTXCID50569455,FALSE,235,0.03,,0.68,1.67,122,,119,9
669,gabapentin,ESI+,DTXCID50584961,FALSE,235,0.03,,0.79,2.50,130,,57,6
669,gabapentin,ESI+,DTXCID50716422,FALSE,235,0.01,,0.65,1.50,168,,136,10
669,gabapentin,ESI+,DTXCID5074,TRUE,235,7.00,,0.67,2.00,1,,122,7
669,gabapentin,ESI+,DTXCID50845286,FALSE,235,0.01,,0.75,1.00,168,,78,12
669,gabapentin,ESI+,DTXCID50845706,FALSE,235,0.01,,0.85,1.50,168,,33,10
669,gabapentin,ESI+,DTXCID50862337,FALSE,235,0.11,,0.68,2.00,23,,115,7
669,gabapentin,ESI+,DTXCID50864891,FALSE,235,0.01,,0.69,2.00,166,,107,7
669,gabapentin,ESI+,DTXCID50868197,FALSE,235,0.01,,0.71,2.00,166,,98,7
669,gabapentin,ESI+,DTXCID50917356,FALSE,235,0.05,,0.77,1.00,75,,70,12
669,gabapentin,ESI+,DTXCID50917497,FALSE,235,0.01,,0.54,2.00,168,,188,7
669,gabapentin,ESI+,DTXCID50938127,FALSE,235,0.01,,0.63,0.00,168,,148,13
669,gabapentin,ESI+,DTXCID50963015,FALSE,235,0.01,,0.88,3.00,150,,28,3
669,gabapentin,ESI+,DTXCID601002049,FALSE,235,0.05,,0.67,1.50,77,,126,10
669,gabapentin,ESI+,DTXCID601077153,FALSE,235,0.01,,0.49,1.50,166,,206,10
669,gabapentin,ESI+,DTXCID601078418,FALSE,235,0.01,,0.65,1.50,168,,134,10
669,gabapentin,ESI+,DTXCID60152539,FALSE,235,0.09,,0.61,1.50,40,,157,10
669,gabapentin,ESI+,DTXCID60234364,FALSE,235,0.06,,0.44,1.50,65,,218,10
669,gabapentin,ESI+,DTXCID60470245,FALSE,235,0.03,,0.42,1.50,144,,221,10
669,gabapentin,ESI+,DTXCID60485551,FALSE,235,0.07,,0.98,2.00,55,,11,7
669,gabapentin,ESI+,DTXCID60515746,FALSE,235,0.03,,0.74,1.50,136,,84,10
669,gabapentin,ESI+,DTXCID60562073,FALSE,235,0.09,,0.94,2.00,34,,16,7
669,gabapentin,ESI+,DTXCID60568454,FALSE,235,0.04,,0.33,1.50,89,,230,10
669,gabapentin,ESI+,DTXCID60575103,FALSE,235,0.08,,0.99,2.50,48,,9,6
669,gabapentin,ESI+,DTXCID60581582,FALSE,235,0.03,,0.76,1.67,136,,73,9
669,gabapentin,ESI+,DTXCID60670920,FALSE,235,0.01,,0.77,1.50,160,,72,10
669,gabapentin,ESI+,DTXCID60839737,FALSE,235,0.06,,0.71,1.00,64,,99,12
669,gabapentin,ESI+,DTXCID60845297,FALSE,235,0.01,,0.28,2.50,168,,232,6
669,gabapentin,ESI+,DTXCID60871011,FALSE,235,0.04,,0.54,2.00,105,,190,7
669,gabapentin,ESI+,DTXCID60882768,FALSE,235,0.08,,0.66,2.00,44,,132,7
669,gabapentin,ESI+,DTXCID60885113,FALSE,235,0.16,,0.80,2.00,13,,53,7
669,gabapentin,ESI+,DTXCID60894361,FALSE,235,0.07,,0.78,1.50,52,,63,10
669,gabapentin,ESI+,DTXCID60941248,FALSE,235,0.03,,0.79,2.50,140,,58,6
669,gabapentin,ESI+,DTXCID60976297,FALSE,235,0.01,,0.75,1.00,166,,77,12
669,gabapentin,ESI+,DTXCID60982616,FALSE,235,0.01,,0.58,1.50,168,,170,10
669,gabapentin,ESI+,DTXCID60996056,FALSE,235,0.01,,0.81,1.00,167,,48,12
669,gabapentin,ESI+,DTXCID701011221,FALSE,235,0.01,,0.39,1.50,157,,226,10
669,gabapentin,ESI+,DTXCID70103875,FALSE,235,0.16,,0.67,2.00,14,,123,7
669,gabapentin,ESI+,DTXCID70121993,FALSE,235,0.27,,0.48,1.33,10,,209,11
669,gabapentin,ESI+,DTXCID701374780,FALSE,235,0.04,,0.54,1.00,108,,187,12
669,gabapentin,ESI+,DTXCID701385010,FALSE,235,0.07,,0.59,1.00,49,,166,12
669,gabapentin,ESI+,DTXCID701404151,FALSE,235,0.08,,0.54,2.00,45,,191,7
669,gabapentin,ESI+,DTXCID70157636,FALSE,235,0.10,,0.72,1.50,27,,95,10
669,gabapentin,ESI+,DTXCID70234370,FALSE,235,0.07,,0.46,1.67,50,,214,9
669,gabapentin,ESI+,DTXCID70404596,FALSE,235,0.12,,0.79,1.50,21,,56,10
669,gabapentin,ESI+,DTXCID70462914,FALSE,235,0.03,,0.73,1.33,137,,92,11
669,gabapentin,ESI+,DTXCID70549476,FALSE,235,0.04,,0.64,1.50,95,,143,10
669,gabapentin,ESI+,DTXCID70680999,FALSE,235,0.04,,0.41,2.00,93,,223,7
669,gabapentin,ESI+,DTXCID70839642,FALSE,235,0.01,,0.61,1.50,164,,159,10
669,gabapentin,ESI+,DTXCID70841780,FALSE,235,0.01,,0.60,2.00,168,,164,7
669,gabapentin,ESI+,DTXCID70872211,FALSE,235,0.03,,0.90,1.00,133,,21,12
669,gabapentin,ESI+,DTXCID7088023,FALSE,235,0.17,,0.23,1.50,12,,234,10
669,gabapentin,ESI+,DTXCID70882335,FALSE,235,0.04,,0.68,2.00,106,,117,7
669,gabapentin,ESI+,DTXCID70936701,FALSE,235,0.01,,0.73,1.00,167,,89,12
669,gabapentin,ESI+,DTXCID70949235,FALSE,235,0.10,,0.52,1.50,29,,198,10
669,gabapentin,ESI+,DTXCID70949275,FALSE,235,0.01,,0.39,2.00,165,,227,7
669,gabapentin,ESI+,DTXCID70950684,FALSE,235,0.01,,0.50,2.00,147,,203,7
669,gabapentin,ESI+,DTXCID70951414,FALSE,235,0.04,,0.47,1.50,88,,213,10
669,gabapentin,ESI+,DTXCID70966649,FALSE,235,0.04,,0.40,1.50,91,,225,10
669,gabapentin,ESI+,DTXCID70984141,FALSE,235,0.01,,0.56,2.00,154,,175,7
669,gabapentin,ESI+,DTXCID801002376,FALSE,235,0.04,,0.70,1.50,90,,104,10
669,gabapentin,ESI+,DTXCID801002619,FALSE,235,0.06,,0.72,1.00,73,,93,12
669,gabapentin,ESI+,DTXCID801317212,FALSE,235,0.01,,0.58,1.50,168,,171,10
669,gabapentin,ESI+,DTXCID801335244,FALSE,235,0.04,,0.44,3.00,108,,220,3
669,gabapentin,ESI+,DTXCID80136735,FALSE,235,0.05,,0.50,1.50,79,,202,10
669,gabapentin,ESI+,DTXCID801433216,FALSE,235,0.05,,0.82,0.00,80,,44,13
669,gabapentin,ESI+,DTXCID80340597,FALSE,235,0.39,,0.94,1.88,4,,17,8
669,gabapentin,ESI+,DTXCID80350353,FALSE,235,0.03,,0.77,1.00,125,,67,12
669,gabapentin,ESI+,DTXCID80359942,FALSE,235,0.09,,0.76,1.67,36,,76,9
669,gabapentin,ESI+,DTXCID80422903,FALSE,235,0.09,,0.69,1.50,31,,114,10
669,gabapentin,ESI+,DTXCID80543566,FALSE,235,0.03,,0.80,2.00,110,,55,7
669,gabapentin,ESI+,DTXCID80549124,FALSE,235,0.06,,0.81,2.00,60,,46,7
669,gabapentin,ESI+,DTXCID80617695,FALSE,235,0.04,,0.35,1.67,87,,229,9
669,gabapentin,ESI+,DTXCID80803374,FALSE,235,0.01,,,1.50,168,,,10
669,gabapentin,ESI+,DTXCID80834047,FALSE,235,0.03,,0.57,2.00,121,,174,7
669,gabapentin,ESI+,DTXCID80865154,FALSE,235,0.01,,0.67,1.00,167,,128,12
669,gabapentin,ESI+,DTXCID80867072,FALSE,235,0.01,,0.67,0.00,168,,125,13
669,gabapentin,ESI+,DTXCID80916312,FALSE,235,0.01,,0.88,1.50,166,,26,10
669,gabapentin,ESI+,DTXCID80955867,FALSE,235,0.05,,0.85,1.00,78,,34,12
669,gabapentin,ESI+,DTXCID80974417,FALSE,235,0.01,,0.83,1.50,168,,40,10
669,gabapentin,ESI+,DTXCID80978036,FALSE,235,0.03,,0.79,1.50,116,,59,10
669,gabapentin,ESI+,DTXCID901004406,FALSE,235,0.03,,0.51,1.50,144,,200,10
669,gabapentin,ESI+,DTXCID901010312,FALSE,235,0.06,,0.67,1.50,70,,127,10
669,gabapentin,ESI+,DTXCID90112383,FALSE,235,1.96,,1.22,3.50,2,,1,2
669,gabapentin,ESI+,DTXCID901330835,FALSE,235,0.04,,0.83,0.00,86,,39,13
669,gabapentin,ESI+,DTXCID901361331,FALSE,235,0.06,,0.57,0.00,61,,173,13
669,gabapentin,ESI+,DTXCID901373483,FALSE,235,0.04,,0.52,2.00,108,,196,7
669,gabapentin,ESI+,DTXCID90246470,FALSE,235,0.04,,0.47,1.50,94,,210,10
669,gabapentin,ESI+,DTXCID90291768,FALSE,235,0.14,,0.66,1.50,17,,133,10
669,gabapentin,ESI+,DTXCID9030462,FALSE,235,1.03,,0.55,4.00,3,,184,1
669,gabapentin,ESI+,DTXCID9036353,FALSE,235,0.28,,0.74,2.50,8,,83,6
669,gabapentin,ESI+,DTXCID90386789,FALSE,235,0.11,,0.55,1.50,24,,182,10
669,gabapentin,ESI+,DTXCID90411262,FALSE,235,0.09,,0.27,1.50,38,,233,10
669,gabapentin,ESI+,DTXCID90523293,FALSE,235,0.04,,0.83,1.00,103,,41,12
669,gabapentin,ESI+,DTXCID90581419,FALSE,235,0.03,,0.55,1.67,140,,185,9
669,gabapentin,ESI+,DTXCID90602017,FALSE,235,0.03,,0.63,2.00,117,,147,7
669,gabapentin,ESI+,DTXCID90662792,FALSE,235,0.01,,0.88,2.00,162,,27,7
669,gabapentin,ESI+,DTXCID90825981,FALSE,235,0.05,,0.81,1.00,74,,49,12
669,gabapentin,ESI+,DTXCID90841525,FALSE,235,0.01,,0.55,2.00,166,,186,7
669,gabapentin,ESI+,DTXCID90870815,FALSE,235,0.01,,0.68,0.00,163,,121,13
669,gabapentin,ESI+,DTXCID90872359,FALSE,235,0.04,,0.77,2.00,109,,71,7
669,gabapentin,ESI+,DTXCID90882716,FALSE,235,0.04,,0.85,2.50,102,,36,6
669,gabapentin,ESI+,DTXCID90890053,FALSE,235,0.01,,0.78,2.00,151,,61,7
669,gabapentin,ESI+,DTXCID90947051,FALSE,235,0.04,,0.72,1.00,107,,94,12
669,gabapentin,ESI+,DTXCID90950686,FALSE,235,0.01,,0.74,3.00,168,,79,3
669,gabapentin,ESI+,DTXCID90950782,FALSE,235,0.03,,0.56,1.00,126,,176,12
669,gabapentin,ESI+,DTXCID90972929,FALSE,235,0.01,,0.73,1.50,161,,88,10
793,theophylline,ESI+,DTXCID001084764,FALSE,76,0.01,0.79,0.52,0.00,36,26,59,10
793,theophylline,ESI+,DTXCID001336,TRUE,76,8.00,1.41,1.07,6.00,1,1,9,1
793,theophylline,ESI+,DTXCID00618861,FALSE,76,0.00,0.66,,1.00,53,43,,9
793,theophylline,ESI+,DTXCID00716573,FALSE,76,0.00,0.57,0.75,1.50,52,56,35,7
793,theophylline,ESI+,DTXCID00860429,FALSE,76,0.01,0.46,0.53,1.50,45,65,57,7
793,theophylline,ESI+,DTXCID00887393,FALSE,76,0.00,0.44,0.80,3.00,52,66,24,3
793,theophylline,ESI+,DTXCID00927506,FALSE,76,0.00,0.43,,1.00,53,68,,9
793,theophylline,ESI+,DTXCID101329870,FALSE,76,0.02,1.22,1.10,3.00,14,6,8,3
793,theophylline,ESI+,DTXCID10278930,FALSE,76,0.02,0.82,0.70,1.00,18,23,39,9
793,theophylline,ESI+,DTXCID10493565,FALSE,76,0.01,0.53,0.53,1.00,46,59,56,9
793,theophylline,ESI+,DTXCID10568762,FALSE,76,0.01,0.78,0.68,2.00,40,27,41,5
793,theophylline,ESI+,DTXCID10688994,FALSE,76,0.00,0.65,0.77,0.00,51,45,31,10
793,theophylline,ESI+,DTXCID10716589,FALSE,76,0.00,0.67,0.70,1.50,52,42,40,7
793,theophylline,ESI+,DTXCID10739132,FALSE,76,0.01,0.61,0.46,1.00,46,51,62,9
793,theophylline,ESI+,DTXCID10997715,FALSE,76,0.00,0.78,0.96,1.00,50,29,13,9
793,theophylline,ESI+,DTXCID2030853,FALSE,76,1.66,1.29,0.91,1.50,3,3,17,7
793,theophylline,ESI+,DTXCID20887158,FALSE,76,0.00,1.04,0.78,1.50,52,13,27,7
793,theophylline,ESI+,DTXCID20985840,FALSE,76,0.00,0.68,1.35,0.00,52,40,3,10
793,theophylline,ESI+,DTXCID301397358,FALSE,76,0.01,0.44,0.55,1.00,48,67,52,9
793,theophylline,ESI+,DTXCID301420442,FALSE,76,0.02,1.26,0.93,1.00,23,4,15,9
793,theophylline,ESI+,DTXCID30279146,FALSE,76,0.01,0.46,0.54,1.00,27,64,55,9
793,theophylline,ESI+,DTXCID30292471,FALSE,76,0.03,0.50,0.55,1.00,11,62,54,9
793,theophylline,ESI+,DTXCID30353612,FALSE,76,0.02,0.69,0.84,0.00,25,37,20,10
793,theophylline,ESI+,DTXCID30359477,FALSE,76,0.01,1.12,0.98,1.50,31,8,12,7
793,theophylline,ESI+,DTXCID30495667,FALSE,76,0.01,0.79,0.82,1.50,32,25,21,7
793,theophylline,ESI+,DTXCID30705132,FALSE,76,0.00,,,1.50,52,,,7
793,theophylline,ESI+,DTXCID30740462,FALSE,76,0.00,0.64,0.75,1.00,52,48,34,9
793,theophylline,ESI+,DTXCID30765458,FALSE,76,0.01,0.33,0.95,1.50,47,72,14,7
793,theophylline,ESI+,DTXCID401319654,FALSE,76,0.01,0.62,0.65,1.00,41,49,44,9
793,theophylline,ESI+,DTXCID40220109,FALSE,76,0.01,,,1.00,37,,,9
793,theophylline,ESI+,DTXCID40264088,FALSE,76,0.05,0.58,0.59,2.00,5,53,49,5
793,theophylline,ESI+,DTXCID40438984,FALSE,76,0.00,0.71,0.59,1.50,52,35,50,7
793,theophylline,ESI+,DTXCID40497632,FALSE,76,0.01,0.33,0.26,1.00,39,70,68,9
793,theophylline,ESI+,DTXCID40619852,FALSE,76,0.01,1.20,0.42,1.33,46,7,63,8
793,theophylline,ESI+,DTXCID40766037,FALSE,76,0.01,0.83,0.50,1.50,48,21,60,7
793,theophylline,ESI+,DTXCID40952413,FALSE,76,0.01,1.07,0.77,1.00,41,11,28,9
793,theophylline,ESI+,DTXCID50109214,FALSE,76,0.04,1.32,0.87,1.50,7,2,18,7
793,theophylline,ESI+,DTXCID501400515,FALSE,76,0.01,0.93,1.38,1.00,48,17,2,9
793,theophylline,ESI+,DTXCID501453988,FALSE,76,0.01,0.70,0.75,1.00,28,36,36,9
793,theophylline,ESI+,DTXCID50232071,FALSE,76,0.02,0.72,0.52,1.00,20,33,58,9
793,theophylline,ESI+,DTXCID50396142,FALSE,76,0.01,0.83,1.40,1.00,34,22,1,9
793,theophylline,ESI+,DTXCID506132,FALSE,76,2.65,1.03,0.74,4.28,2,14,38,2
793,theophylline,ESI+,DTXCID50682153,FALSE,76,0.01,0.42,0.55,2.00,42,69,53,5
793,theophylline,ESI+,DTXCID50984528,FALSE,76,0.01,0.97,0.65,0.00,48,15,45,10
793,theophylline,ESI+,DTXCID601113078,FALSE,76,0.01,0.78,0.66,0.00,48,30,42,10
793,theophylline,ESI+,DTXCID601176509,FALSE,76,0.02,0.64,0.38,1.00,17,46,65,9
793,theophylline,ESI+,DTXCID601317711,FALSE,76,0.02,0.33,,1.50,26,71,,7
793,theophylline,ESI+,DTXCID601480380,FALSE,76,0.01,,,1.00,48,,,9
793,theophylline,ESI+,DTXCID601490381,FALSE,76,0.03,,,3.00,9,,,3
793,theophylline,ESI+,DTXCID60250488,FALSE,76,0.02,0.64,0.37,1.00,24,47,67,9
793,theophylline,ESI+,DTXCID60276784,FALSE,76,0.03,0.77,0.74,1.00,12,31,37,9
793,theophylline,ESI+,DTXCID60418304,FALSE,76,0.01,0.71,0.66,1.00,48,34,43,9
793,theophylline,ESI+,DTXCID60710991,FALSE,76,0.00,0.50,,1.50,53,61,,7
793,theophylline,ESI+,DTXCID6088901,FALSE,76,0.04,1.06,0.86,1.50,6,12,19,7
793,theophylline,ESI+,DTXCID60931543,FALSE,76,0.00,0.56,0.49,0.00,52,57,61,10
793,theophylline,ESI+,DTXCID70255444,FALSE,76,0.01,0.47,0.77,1.00,41,63,32,9
793,theophylline,ESI+,DTXCID70279509,FALSE,76,0.02,0.60,0.76,1.50,21,52,33,7
793,theophylline,ESI+,DTXCID70630232,FALSE,76,0.01,1.22,1.03,1.00,38,5,10,9
793,theophylline,ESI+,DTXCID70740461,FALSE,76,0.01,0.65,0.80,1.00,30,44,23,9
793,theophylline,ESI+,DTXCID70869181,FALSE,76,0.00,1.07,1.17,0.00,49,10,5,10
793,theophylline,ESI+,DTXCID80116138,FALSE,76,0.03,0.54,0.81,1.78,8,58,22,6
793,theophylline,ESI+,DTXCID801296670,FALSE,76,0.00,0.72,0.37,1.50,52,32,66,7
793,theophylline,ESI+,DTXCID80131447,FALSE,76,0.01,0.68,0.77,1.50,33,39,30,7
793,theophylline,ESI+,DTXCID80211955,FALSE,76,0.03,0.78,0.77,1.00,10,28,29,9
793,theophylline,ESI+,DTXCID80278083,FALSE,76,0.02,0.51,0.60,1.00,13,60,48,9
793,theophylline,ESI+,DTXCID80542796,FALSE,76,0.02,0.91,0.93,1.00,16,18,16,9
793,theophylline,ESI+,DTXCID80659636,FALSE,76,0.02,0.67,0.55,0.00,19,41,51,10
793,theophylline,ESI+,DTXCID80679652,FALSE,76,0.01,0.58,0.61,2.00,44,54,47,5
793,theophylline,ESI+,DTXCID80942934,FALSE,76,0.01,0.94,1.15,0.00,29,16,7,10
793,theophylline,ESI+,DTXCID80985841,FALSE,76,0.00,0.69,1.22,0.00,52,38,4,10
793,theophylline,ESI+,DTXCID90130264,FALSE,76,0.05,0.88,1.16,2.50,4,19,6,4
793,theophylline,ESI+,DTXCID901309222,FALSE,76,0.01,0.84,0.39,1.00,35,20,64,9
793,theophylline,ESI+,DTXCID901373233,FALSE,76,0.02,0.61,0.79,1.00,22,50,25,9
793,theophylline,ESI+,DTXCID90530523,FALSE,76,0.02,0.81,0.63,2.00,15,24,46,5
793,theophylline,ESI+,DTXCID90765459,FALSE,76,0.01,0.57,0.78,1.00,48,55,26,9
793,theophylline,ESI+,DTXCID90822814,FALSE,76,0.01,1.07,0.98,1.00,43,9,11,9
983,mdma,ESI+,DTXCID001002289,FALSE,563,0.14,0.65,,2.50,114,115,,12
983,mdma,ESI+,DTXCID001014612,FALSE,563,0.09,0.57,,0.00,180,217,,25
983,mdma,ESI+,DTXCID00103040,FALSE,563,0.06,0.36,,1.50,283,464,,22
983,mdma,ESI+,DTXCID001049089,FALSE,563,0.02,0.58,,2.00,361,207,,18
983,mdma,ESI+,DTXCID001111931,FALSE,563,0.02,0.48,,0.00,361,321,,25
983,mdma,ESI+,DTXCID00114212,FALSE,563,0.14,0.34,,1.50,109,482,,22
983,mdma,ESI+,DTXCID00122493,FALSE,563,0.06,0.48,,1.50,271,329,,22
983,mdma,ESI+,DTXCID001317963,FALSE,563,0.04,0.63,,2.50,335,143,,12
983,mdma,ESI+,DTXCID001413034,FALSE,563,0.09,0.55,,2.00,218,230,,18
983,mdma,ESI+,DTXCID001425198,FALSE,563,0.13,0.61,,1.00,119,157,,24
983,mdma,ESI+,DTXCID00206868,FALSE,563,0.13,0.57,,1.00,130,215,,24
983,mdma,ESI+,DTXCID00212404,FALSE,563,0.13,0.45,,1.50,132,363,,22
983,mdma,ESI+,DTXCID00221995,FALSE,563,0.06,0.51,,1.00,283,290,,24
983,mdma,ESI+,DTXCID00239873,FALSE,563,0.06,0.21,,1.50,283,537,,22
983,mdma,ESI+,DTXCID0024763,FALSE,563,2.54,0.45,,2.63,3,365,,11
983,mdma,ESI+,DTXCID00271172,FALSE,563,0.11,0.37,,1.50,161,459,,22
983,mdma,ESI+,DTXCID00287031,FALSE,563,0.09,0.70,,1.50,174,71,,22
983,mdma,ESI+,DTXCID00427152,FALSE,563,0.10,0.38,,1.50,168,439,,22
983,mdma,ESI+,DTXCID00430767,FALSE,563,0.09,0.50,,1.50,175,298,,22
983,mdma,ESI+,DTXCID00442002,FALSE,563,0.05,0.37,,1.50,287,449,,22
983,mdma,ESI+,DTXCID00463419,FALSE,563,0.15,0.47,,1.00,102,345,,24
983,mdma,ESI+,DTXCID00510134,FALSE,563,0.06,0.49,,1.00,283,313,,24
983,mdma,ESI+,DTXCID00511646,FALSE,563,0.06,0.60,,1.00,245,173,,24
983,mdma,ESI+,DTXCID00532775,FALSE,563,0.06,0.41,,2.50,272,405,,12
983,mdma,ESI+,DTXCID00560417,FALSE,563,0.04,0.25,,2.50,307,521,,12
983,mdma,ESI+,DTXCID00561505,FALSE,563,0.09,0.96,,2.00,192,9,,18
983,mdma,ESI+,DTXCID00591286,FALSE,563,0.09,0.73,,2.00,218,46,,18
983,mdma,ESI+,DTXCID00592798,FALSE,563,0.04,0.42,,2.00,335,402,,18
983,mdma,ESI+,DTXCID00716932,FALSE,563,0.04,0.33,,1.00,333,487,,24
983,mdma,ESI+,DTXCID0073370,FALSE,563,0.06,0.15,,1.50,283,547,,22
983,mdma,ESI+,DTXCID00826080,FALSE,563,0.09,0.44,,1.00,176,374,,24
983,mdma,ESI+,DTXCID00853391,FALSE,563,0.02,0.74,,3.00,361,40,,9
983,mdma,ESI+,DTXCID00878029,FALSE,563,0.06,0.36,,1.50,279,470,,22
983,mdma,ESI+,DTXCID00881270,FALSE,563,0.06,0.79,,0.00,258,25,,25
983,mdma,ESI+,DTXCID00881639,FALSE,563,0.04,0.59,,0.00,335,185,,25
983,mdma,ESI+,DTXCID00883092,FALSE,563,0.04,0.46,,2.00,331,351,,18
983,mdma,ESI+,DTXCID00886664,FALSE,563,0.02,0.64,,3.00,361,122,,9
983,mdma,ESI+,DTXCID0092326,FALSE,563,0.79,0.70,,1.00,18,64,,24
983,mdma,ESI+,DTXCID0092873,FALSE,563,0.10,0.59,,2.22,170,184,,17
983,mdma,ESI+,DTXCID00933561,FALSE,563,0.02,0.67,,3.00,361,94,,9
983,mdma,ESI+,DTXCID00938278,FALSE,563,0.02,0.25,,1.00,361,526,,24
983,mdma,ESI+,DTXCID00941762,FALSE,563,0.02,0.46,,1.00,361,354,,24
983,mdma,ESI+,DTXCID00945043,FALSE,563,0.04,0.43,,1.00,335,393,,24
983,mdma,ESI+,DTXCID00960534,FALSE,563,0.09,0.41,,3.00,212,414,,9
983,mdma,ESI+,DTXCID00962715,FALSE,563,0.06,0.54,,1.00,282,247,,24
983,mdma,ESI+,DTXCID00963126,FALSE,563,0.13,0.65,,0.00,132,113,,25
983,mdma,ESI+,DTXCID0097164,FALSE,563,0.23,0.64,,2.33,51,117,,15
983,mdma,ESI+,DTXCID0098215,FALSE,563,0.15,0.53,,2.40,103,264,,14
983,mdma,ESI+,DTXCID00992956,FALSE,563,0.02,0.63,,0.00,353,131,,25
983,mdma,ESI+,DTXCID101000317,FALSE,563,0.11,0.38,,1.00,162,437,,24
983,mdma,ESI+,DTXCID101000929,FALSE,563,0.04,0.23,,1.50,297,532,,22
983,mdma,ESI+,DTXCID101014615,FALSE,563,0.06,0.87,,1.00,281,17,,24
983,mdma,ESI+,DTXCID101365753,FALSE,563,0.19,0.48,,2.00,76,328,,18
983,mdma,ESI+,DTXCID101388173,FALSE,563,0.06,0.56,,1.50,280,223,,22
983,mdma,ESI+,DTXCID101388997,FALSE,563,0.18,0.65,,1.00,81,112,,24
983,mdma,ESI+,DTXCID101398300,FALSE,563,0.51,0.37,,1.00,26,456,,24
983,mdma,ESI+,DTXCID101400644,FALSE,563,0.06,0.62,,2.50,279,150,,12
983,mdma,ESI+,DTXCID101418582,FALSE,563,0.09,0.38,,1.00,190,438,,24
983,mdma,ESI+,DTXCID10144166,FALSE,563,0.19,0.63,,1.00,74,139,,24
983,mdma,ESI+,DTXCID10145370,FALSE,563,0.17,0.74,,2.67,87,43,,10
983,mdma,ESI+,DTXCID101466012,FALSE,563,0.07,0.72,,0.00,229,54,,25
983,mdma,ESI+,DTXCID10161010,FALSE,563,0.06,0.55,,1.33,282,232,,23
983,mdma,ESI+,DTXCID102271,FALSE,563,0.69,0.57,,3.14,21,211,,6
983,mdma,ESI+,DTXCID10240798,FALSE,563,0.24,0.58,,1.50,46,193,,22
983,mdma,ESI+,DTXCID102417,FALSE,563,2.00,0.42,,3.75,4,403,,5
983,mdma,ESI+,DTXCID10266110,FALSE,563,0.06,0.50,,1.00,283,297,,24
983,mdma,ESI+,DTXCID10276158,FALSE,563,0.03,0.82,,1.50,338,23,,22
983,mdma,ESI+,DTXCID10284511,FALSE,563,0.22,0.40,,2.50,53,423,,12
983,mdma,ESI+,DTXCID10287027,FALSE,563,0.14,0.58,,1.50,108,192,,22
983,mdma,ESI+,DTXCID1029332,FALSE,563,0.26,0.30,,1.50,43,504,,22
983,mdma,ESI+,DTXCID10296750,FALSE,563,0.02,0.53,,1.50,361,267,,22
983,mdma,ESI+,DTXCID10310480,FALSE,563,0.02,0.39,,2.67,361,426,,10
983,mdma,ESI+,DTXCID10341138,FALSE,563,0.09,0.36,,1.50,207,465,,22
983,mdma,ESI+,DTXCID10352067,FALSE,563,0.02,,,2.50,360,,,12
983,mdma,ESI+,DTXCID10378525,FALSE,563,0.11,0.58,,2.50,148,206,,12
983,mdma,ESI+,DTXCID10382667,FALSE,563,0.04,0.69,,1.00,334,81,,24
983,mdma,ESI+,DTXCID10385310,FALSE,563,0.15,0.48,,1.50,106,322,,22
983,mdma,ESI+,DTXCID10390767,FALSE,563,0.07,0.67,,1.50,232,93,,22
983,mdma,ESI+,DTXCID10399598,FALSE,563,0.11,0.17,,2.50,158,542,,12
983,mdma,ESI+,DTXCID10402071,FALSE,563,0.06,0.58,,1.50,264,197,,22
983,mdma,ESI+,DTXCID10410590,FALSE,563,0.09,0.31,,1.50,215,496,,22
983,mdma,ESI+,DTXCID10419109,FALSE,563,0.06,0.30,,1.50,250,502,,22
983,mdma,ESI+,DTXCID10421308,FALSE,563,0.06,0.49,,1.50,273,315,,22
983,mdma,ESI+,DTXCID10424879,FALSE,563,0.07,0.14,,1.50,224,548,,22
983,mdma,ESI+,DTXCID10425563,FALSE,563,0.09,0.42,,1.00,184,396,,24
983,mdma,ESI+,DTXCID10429945,FALSE,563,0.06,0.51,,1.50,283,293,,22
983,mdma,ESI+,DTXCID10464396,FALSE,563,0.07,0.70,,2.00,233,66,,18
983,mdma,ESI+,DTXCID10467822,FALSE,563,0.04,0.62,,1.00,320,145,,24
983,mdma,ESI+,DTXCID10473463,FALSE,563,0.08,0.59,,2.50,220,179,,12
983,mdma,ESI+,DTXCID10516723,FALSE,563,0.13,0.40,,1.50,135,425,,22
983,mdma,ESI+,DTXCID105460,FALSE,563,1.66,0.36,,2.67,7,462,,10
983,mdma,ESI+,DTXCID10550041,FALSE,563,0.06,0.63,,2.00,277,133,,18
983,mdma,ESI+,DTXCID10583915,FALSE,563,0.04,0.28,,2.00,325,513,,18
983,mdma,ESI+,DTXCID10590982,FALSE,563,0.04,0.43,,1.00,313,389,,24
983,mdma,ESI+,DTXCID10603329,FALSE,563,0.04,0.52,,1.50,332,281,,22
983,mdma,ESI+,DTXCID10662335,FALSE,563,0.02,0.59,,0.00,353,178,,25
983,mdma,ESI+,DTXCID10672979,FALSE,563,0.02,,,2.50,358,,,12
983,mdma,ESI+,DTXCID1076373,FALSE,563,0.06,0.65,,2.67,283,107,,10
983,mdma,ESI+,DTXCID10838795,FALSE,563,0.13,0.69,,1.50,124,83,,22
983,mdma,ESI+,DTXCID10864054,FALSE,563,0.04,0.32,,0.00,321,492,,25
983,mdma,ESI+,DTXCID10878237,FALSE,563,0.06,0.65,,1.00,253,105,,24
983,mdma,ESI+,DTXCID10881261,FALSE,563,0.04,0.55,,0.00,334,241,,25
983,mdma,ESI+,DTXCID10881640,FALSE,563,0.11,0.47,,0.00,147,336,,25
983,mdma,ESI+,DTXCID10885562,FALSE,563,0.02,0.37,,0.00,361,451,,25
983,mdma,ESI+,DTXCID10887748,FALSE,563,0.02,0.59,,2.00,358,189,,18
983,mdma,ESI+,DTXCID10937813,FALSE,563,0.63,0.59,,2.00,22,182,,18
983,mdma,ESI+,DTXCID1095406,FALSE,563,0.39,0.31,,3.13,30,497,,7
983,mdma,ESI+,DTXCID10969194,FALSE,563,0.07,0.24,,2.00,231,529,,18
983,mdma,ESI+,DTXCID201002516,FALSE,563,0.04,0.64,,2.50,334,120,,12
983,mdma,ESI+,DTXCID201005558,FALSE,563,0.04,0.37,,1.00,332,455,,24
983,mdma,ESI+,DTXCID201014606,FALSE,563,0.09,0.46,,2.00,209,360,,18
983,mdma,ESI+,DTXCID201014618,FALSE,563,0.11,0.58,,1.00,165,201,,24
983,mdma,ESI+,DTXCID201021558,FALSE,563,0.00,0.47,,3.00,362,344,,9
983,mdma,ESI+,DTXCID20105066,FALSE,563,0.09,0.37,,3.11,211,450,,8
983,mdma,ESI+,DTXCID201065780,FALSE,563,0.04,0.58,,1.00,335,205,,24
983,mdma,ESI+,DTXCID20115281,FALSE,563,0.06,0.60,,1.50,283,165,,22
983,mdma,ESI+,DTXCID20115286,FALSE,563,0.09,0.70,,1.33,214,75,,23
983,mdma,ESI+,DTXCID201320007,FALSE,563,0.11,0.56,,1.00,163,228,,24
983,mdma,ESI+,DTXCID201330941,FALSE,563,0.21,0.61,,8.00,62,159,,1
983,mdma,ESI+,DTXCID201331563,FALSE,563,0.06,0.35,,3.00,262,476,,9
983,mdma,ESI+,DTXCID201344087,FALSE,563,0.06,0.57,,1.50,283,219,,22
983,mdma,ESI+,DTXCID201349249,FALSE,563,0.09,0.44,,1.00,218,372,,24
983,mdma,ESI+,DTXCID201367071,FALSE,563,0.21,0.38,,1.00,63,443,,24
983,mdma,ESI+,DTXCID20137069,FALSE,563,0.42,0.31,,2.00,29,498,,18
983,mdma,ESI+,DTXCID201391214,FALSE,563,0.27,0.71,,4.00,42,61,,3
983,mdma,ESI+,DTXCID201394806,FALSE,563,0.29,0.72,,1.00,39,53,,24
983,mdma,ESI+,DTXCID201403310,FALSE,563,0.09,0.64,,1.00,177,118,,24
983,mdma,ESI+,DTXCID201404720,FALSE,563,0.11,0.73,,2.00,167,49,,18
983,mdma,ESI+,DTXCID201418773,FALSE,563,0.13,0.57,,3.00,123,214,,9
983,mdma,ESI+,DTXCID201421954,FALSE,563,0.09,0.36,,3.00,213,460,,9
983,mdma,ESI+,DTXCID201463611,FALSE,563,0.02,0.55,,0.00,361,239,,25
983,mdma,ESI+,DTXCID20165180,FALSE,563,1.01,0.60,,1.50,15,170,,22
983,mdma,ESI+,DTXCID20232381,FALSE,563,0.09,0.51,,1.50,204,289,,22
983,mdma,ESI+,DTXCID20232543,FALSE,563,0.06,0.76,,2.50,261,36,,12
983,mdma,ESI+,DTXCID20234608,FALSE,563,0.18,0.16,,1.50,80,545,,22
983,mdma,ESI+,DTXCID20257493,FALSE,563,0.13,0.37,,1.50,120,446,,22
983,mdma,ESI+,DTXCID20274569,FALSE,563,0.12,0.74,,1.00,140,44,,24
983,mdma,ESI+,DTXCID20275970,FALSE,563,0.24,0.43,,1.50,48,395,,22
983,mdma,ESI+,DTXCID20343264,FALSE,563,0.13,0.25,,1.50,116,524,,22
983,mdma,ESI+,DTXCID20346215,FALSE,563,0.06,0.51,,1.50,274,288,,22
983,mdma,ESI+,DTXCID20352795,FALSE,563,0.04,0.70,,0.00,334,73,,25
983,mdma,ESI+,DTXCID20400442,FALSE,563,0.09,0.32,,2.50,181,490,,12
983,mdma,ESI+,DTXCID2040076,FALSE,563,0.19,0.46,,2.43,73,350,,13
983,mdma,ESI+,DTXCID20406606,FALSE,563,0.19,0.55,,1.50,72,235,,22
983,mdma,ESI+,DTXCID20446466,FALSE,563,0.09,0.46,,1.50,178,356,,22
983,mdma,ESI+,DTXCID204683,FALSE,563,1.89,0.44,,2.50,5,378,,12
983,mdma,ESI+,DTXCID20474163,FALSE,563,0.09,0.39,,2.50,194,429,,12
983,mdma,ESI+,DTXCID20505486,FALSE,563,0.04,0.53,,1.00,328,263,,24
983,mdma,ESI+,DTXCID20511027,FALSE,563,0.04,0.56,,1.50,310,225,,22
983,mdma,ESI+,DTXCID20513344,FALSE,563,0.07,0.30,,1.50,236,503,,22
983,mdma,ESI+,DTXCID20525104,FALSE,563,0.04,0.53,,1.50,291,260,,22
983,mdma,ESI+,DTXCID20536876,FALSE,563,0.04,0.65,,1.00,335,110,,24
983,mdma,ESI+,DTXCID20540519,FALSE,563,0.09,0.38,,3.00,210,444,,9
983,mdma,ESI+,DTXCID20549986,FALSE,563,0.09,0.46,,1.50,205,348,,22
983,mdma,ESI+,DTXCID20574051,FALSE,563,0.04,0.63,,3.00,294,135,,9
983,mdma,ESI+,DTXCID20578115,FALSE,563,0.04,0.40,,1.67,314,416,,21
983,mdma,ESI+,DTXCID20582252,FALSE,563,0.06,0.35,,1.33,283,472,,23
983,mdma,ESI+,DTXCID20591425,FALSE,563,0.04,0.30,,3.00,306,501,,9
983,mdma,ESI+,DTXCID20609276,FALSE,563,0.06,0.56,,2.00,265,222,,18
983,mdma,ESI+,DTXCID20613676,FALSE,563,0.06,0.52,,2.00,279,276,,18
983,mdma,ESI+,DTXCID20617598,FALSE,563,0.04,0.34,,0.00,335,480,,25
983,mdma,ESI+,DTXCID20675158,FALSE,563,0.04,,,2.00,330,,,18
983,mdma,ESI+,DTXCID20687155,FALSE,563,0.04,0.52,,0.00,293,275,,25
983,mdma,ESI+,DTXCID20737508,FALSE,563,0.02,,,2.50,358,,,12
983,mdma,ESI+,DTXCID20834001,FALSE,563,0.02,0.43,,2.50,361,394,,12
983,mdma,ESI+,DTXCID20840147,FALSE,563,0.04,0.60,,2.00,290,174,,18
983,mdma,ESI+,DTXCID20841437,FALSE,563,0.04,1.03,,1.00,298,3,,24
983,mdma,ESI+,DTXCID20881631,FALSE,563,0.06,0.56,,0.00,283,220,,25
983,mdma,ESI+,DTXCID20891755,FALSE,563,0.13,0.77,,1.00,136,28,,24
983,mdma,ESI+,DTXCID20913880,FALSE,563,0.09,0.62,,1.00,173,153,,24
983,mdma,ESI+,DTXCID20954970,FALSE,563,0.04,0.76,,3.00,335,35,,9
983,mdma,ESI+,DTXCID20962994,FALSE,563,0.16,0.25,,1.50,94,525,,22
983,mdma,ESI+,DTXCID301006311,FALSE,563,0.11,0.49,,1.00,159,316,,24
983,mdma,ESI+,DTXCID301014609,FALSE,563,0.23,0.44,,1.00,49,377,,24
983,mdma,ESI+,DTXCID301014611,FALSE,563,0.09,0.63,,1.00,180,137,,24
983,mdma,ESI+,DTXCID301041622,FALSE,563,0.02,0.54,,1.50,361,251,,22
983,mdma,ESI+,DTXCID30109090,FALSE,563,0.13,0.26,,1.50,128,518,,22
983,mdma,ESI+,DTXCID30120508,FALSE,563,0.22,0.43,,2.25,55,386,,16
983,mdma,ESI+,DTXCID301219895,FALSE,563,0.02,0.50,,0.00,361,295,,25
983,mdma,ESI+,DTXCID30131679,FALSE,563,0.17,0.46,,2.22,88,352,,17
983,mdma,ESI+,DTXCID301322818,FALSE,563,0.02,0.61,,0.00,361,155,,25
983,mdma,ESI+,DTXCID301348799,FALSE,563,0.04,0.28,,1.50,334,512,,22
983,mdma,ESI+,DTXCID301379138,FALSE,563,0.21,0.60,,3.00,59,163,,9
983,mdma,ESI+,DTXCID301403856,FALSE,563,0.06,0.57,,2.25,277,213,,16
983,mdma,ESI+,DTXCID301414281,FALSE,563,0.06,0.47,,0.00,283,337,,25
983,mdma,ESI+,DTXCID301454685,FALSE,563,0.04,0.64,,0.00,335,128,,25
983,mdma,ESI+,DTXCID301484476,FALSE,563,0.02,,,2.00,361,,,18
983,mdma,ESI+,DTXCID30231123,FALSE,563,0.31,0.43,,3.00,35,390,,9
983,mdma,ESI+,DTXCID30305873,FALSE,563,0.15,0.40,,3.00,101,418,,9
983,mdma,ESI+,DTXCID30316040,FALSE,563,0.09,0.40,,3.00,199,420,,9
983,mdma,ESI+,DTXCID30331213,FALSE,563,0.11,0.52,,2.00,150,271,,18
983,mdma,ESI+,DTXCID30342647,FALSE,563,0.14,0.28,,1.00,113,514,,24
983,mdma,ESI+,DTXCID30342788,FALSE,563,0.13,0.44,,1.67,137,375,,21
983,mdma,ESI+,DTXCID30351592,FALSE,563,0.04,0.36,,1.00,292,469,,24
983,mdma,ESI+,DTXCID30375551,FALSE,563,0.07,0.59,,1.50,240,187,,22
983,mdma,ESI+,DTXCID30408075,FALSE,563,0.04,0.35,,1.00,304,477,,24
983,mdma,ESI+,DTXCID30419000,FALSE,563,0.11,0.67,,2.00,156,95,,18
983,mdma,ESI+,DTXCID30434399,FALSE,563,0.04,0.73,,1.50,335,45,,22
983,mdma,ESI+,DTXCID30444973,FALSE,563,0.13,0.64,,1.50,133,127,,22
983,mdma,ESI+,DTXCID30454653,FALSE,563,0.04,0.29,,1.50,323,509,,22
983,mdma,ESI+,DTXCID30459082,FALSE,563,0.04,0.37,,1.50,335,452,,22
983,mdma,ESI+,DTXCID30477569,FALSE,563,0.06,0.32,,2.50,280,488,,12
983,mdma,ESI+,DTXCID30508307,FALSE,563,0.07,0.72,,1.50,241,55,,22
983,mdma,ESI+,DTXCID30552880,FALSE,563,0.12,1.00,,1.50,144,4,,22
983,mdma,ESI+,DTXCID30583896,FALSE,563,0.04,0.23,,2.50,332,531,,12
983,mdma,ESI+,DTXCID30675705,FALSE,563,0.04,0.91,,2.00,324,13,,18
983,mdma,ESI+,DTXCID30760049,FALSE,563,0.02,0.51,,1.50,361,292,,22
983,mdma,ESI+,DTXCID30782206,FALSE,563,0.02,0.53,,1.00,361,256,,24
983,mdma,ESI+,DTXCID30863488,FALSE,563,0.22,0.40,,2.00,54,417,,18
983,mdma,ESI+,DTXCID30867941,FALSE,563,0.02,0.06,,2.00,340,550,,18
983,mdma,ESI+,DTXCID30869723,FALSE,563,0.11,0.36,,0.00,149,466,,25
983,mdma,ESI+,DTXCID30878037,FALSE,563,0.04,0.74,,1.50,309,41,,22
983,mdma,ESI+,DTXCID30879261,FALSE,563,0.04,0.64,,2.00,335,119,,18
983,mdma,ESI+,DTXCID30888575,FALSE,563,0.02,0.41,,1.00,361,406,,24
983,mdma,ESI+,DTXCID30898730,FALSE,563,0.02,0.52,,2.00,356,272,,18
983,mdma,ESI+,DTXCID30947818,FALSE,563,0.04,0.58,,1.67,310,204,,21
983,mdma,ESI+,DTXCID30948648,FALSE,563,0.09,0.65,,2.00,182,114,,18
983,mdma,ESI+,DTXCID30961812,FALSE,563,0.13,0.41,,1.50,134,411,,22
983,mdma,ESI+,DTXCID30971491,FALSE,563,0.06,0.84,,1.00,259,20,,24
983,mdma,ESI+,DTXCID30975914,FALSE,563,0.02,0.63,,1.00,361,130,,24
983,mdma,ESI+,DTXCID30998860,FALSE,563,0.02,0.42,,1.00,359,399,,24
983,mdma,ESI+,DTXCID401000930,FALSE,563,0.20,0.32,,1.50,67,495,,22
983,mdma,ESI+,DTXCID401014614,FALSE,563,0.06,0.94,,1.00,268,10,,24
983,mdma,ESI+,DTXCID40101727,FALSE,563,0.11,0.54,,1.00,155,246,,24
983,mdma,ESI+,DTXCID40103226,FALSE,563,0.23,0.26,,2.33,50,520,,15
983,mdma,ESI+,DTXCID401102861,FALSE,563,0.09,0.53,,1.00,216,261,,24
983,mdma,ESI+,DTXCID40110293,FALSE,563,0.34,0.19,,1.50,33,540,,22
983,mdma,ESI+,DTXCID40115243,FALSE,563,0.15,0.34,,1.50,105,478,,22
983,mdma,ESI+,DTXCID40125049,FALSE,563,0.30,0.40,,2.00,37,422,,18
983,mdma,ESI+,DTXCID40126854,FALSE,563,0.13,0.40,,3.00,131,419,,9
983,mdma,ESI+,DTXCID40133568,FALSE,563,0.11,0.63,,2.50,167,141,,12
983,mdma,ESI+,DTXCID401356147,FALSE,563,0.21,0.59,,0.00,65,183,,25
983,mdma,ESI+,DTXCID401388308,FALSE,563,0.11,0.49,,1.00,167,306,,24
983,mdma,ESI+,DTXCID401414165,FALSE,563,0.09,0.52,,3.00,216,282,,9
983,mdma,ESI+,DTXCID401425469,FALSE,563,0.17,0.50,,1.00,86,299,,24
983,mdma,ESI+,DTXCID401430846,FALSE,563,0.11,0.25,,0.00,167,522,,25
983,mdma,ESI+,DTXCID401432042,FALSE,563,0.09,0.64,,1.00,196,125,,24
983,mdma,ESI+,DTXCID401464839,FALSE,563,0.05,0.50,,0.00,286,305,,25
983,mdma,ESI+,DTXCID401475119,FALSE,563,0.18,,,0.00,83,,,25
983,mdma,ESI+,DTXCID401480827,FALSE,563,0.02,,,2.00,351,,,18
983,mdma,ESI+,DTXCID401483538,FALSE,563,0.02,,,2.50,361,,,12
983,mdma,ESI+,DTXCID401485003,FALSE,563,0.02,,,1.50,361,,,22
983,mdma,ESI+,DTXCID4022072,FALSE,563,3.64,0.66,,3.88,2,103,,4
983,mdma,ESI+,DTXCID40310958,FALSE,563,0.02,0.55,,1.50,361,240,,22
983,mdma,ESI+,DTXCID40350894,FALSE,563,0.07,0.59,,1.00,225,177,,24
983,mdma,ESI+,DTXCID40437573,FALSE,563,0.09,0.35,,1.50,183,475,,22
983,mdma,ESI+,DTXCID40466202,FALSE,563,0.25,0.57,,1.50,45,218,,22
983,mdma,ESI+,DTXCID40510299,FALSE,563,0.04,0.60,,1.00,333,172,,24
983,mdma,ESI+,DTXCID40512718,FALSE,563,0.06,0.68,,1.50,273,90,,22
983,mdma,ESI+,DTXCID40542419,FALSE,563,0.02,0.29,,1.00,350,506,,24
983,mdma,ESI+,DTXCID40550332,FALSE,563,0.02,0.30,,1.00,341,505,,24
983,mdma,ESI+,DTXCID40563806,FALSE,563,0.13,0.45,,2.00,126,366,,18
983,mdma,ESI+,DTXCID40583701,FALSE,563,0.06,0.53,,1.00,280,258,,24
983,mdma,ESI+,DTXCID40585861,FALSE,563,0.06,0.65,,2.50,255,106,,12
983,mdma,ESI+,DTXCID40598870,FALSE,563,0.06,0.59,,2.00,266,180,,18
983,mdma,ESI+,DTXCID40605573,FALSE,563,0.06,0.43,,1.00,283,388,,24
983,mdma,ESI+,DTXCID40627174,FALSE,563,0.04,0.76,,1.50,323,34,,22
983,mdma,ESI+,DTXCID40648581,FALSE,563,0.04,0.50,,1.00,335,302,,24
983,mdma,ESI+,DTXCID40657658,FALSE,563,0.04,0.22,,2.00,301,533,,18
983,mdma,ESI+,DTXCID40814269,FALSE,563,1.41,0.45,,1.67,10,371,,21
983,mdma,ESI+,DTXCID40818666,FALSE,563,0.03,0.46,,1.00,339,355,,24
983,mdma,ESI+,DTXCID40822046,FALSE,563,0.04,0.40,,3.00,308,424,,9
983,mdma,ESI+,DTXCID40823396,FALSE,563,0.07,0.51,,1.50,227,294,,22
983,mdma,ESI+,DTXCID40833778,FALSE,563,0.10,0.19,,2.00,172,541,,18
983,mdma,ESI+,DTXCID40839871,FALSE,563,0.06,0.55,,2.00,247,244,,18
983,mdma,ESI+,DTXCID40855278,FALSE,563,0.02,0.32,,2.50,361,491,,12
983,mdma,ESI+,DTXCID40856023,FALSE,563,0.04,0.51,,3.00,335,285,,9
983,mdma,ESI+,DTXCID40863358,FALSE,563,0.02,0.63,,1.00,342,136,,24
983,mdma,ESI+,DTXCID4087377,FALSE,563,0.21,0.52,,2.50,61,273,,12
983,mdma,ESI+,DTXCID40891752,FALSE,563,0.13,0.69,,1.00,117,78,,24
983,mdma,ESI+,DTXCID40895972,FALSE,563,0.15,0.56,,1.00,99,226,,24
983,mdma,ESI+,DTXCID40908612,FALSE,563,0.03,1.06,,1.00,337,2,,24
983,mdma,ESI+,DTXCID40923865,FALSE,563,0.02,0.70,,1.00,361,65,,24
983,mdma,ESI+,DTXCID40936879,FALSE,563,0.06,0.81,,1.00,283,24,,24
983,mdma,ESI+,DTXCID40989269,FALSE,563,0.02,0.70,,0.00,344,70,,25
983,mdma,ESI+,DTXCID501000383,FALSE,563,0.09,0.51,,1.50,206,286,,22
983,mdma,ESI+,DTXCID501012366,FALSE,563,0.04,0.43,,3.00,326,385,,9
983,mdma,ESI+,DTXCID501014605,FALSE,563,0.06,0.61,,1.00,280,154,,24
983,mdma,ESI+,DTXCID501021557,FALSE,563,0.00,0.34,,3.00,362,483,,9
983,mdma,ESI+,DTXCID50107417,FALSE,563,0.09,0.46,,1.50,187,349,,22
983,mdma,ESI+,DTXCID50115279,FALSE,563,0.11,0.76,,2.22,160,32,,17
983,mdma,ESI+,DTXCID5012503,FALSE,563,1.60,0.61,,3.11,8,158,,8
983,mdma,ESI+,DTXCID501382541,FALSE,563,0.13,0.58,,2.00,121,190,,18
983,mdma,ESI+,DTXCID501415904,FALSE,563,0.15,0.60,,1.33,104,176,,23
983,mdma,ESI+,DTXCID501461533,FALSE,563,0.02,0.98,,0.00,361,7,,25
983,mdma,ESI+,DTXCID501465561,FALSE,563,0.20,0.71,,0.00,70,63,,25
983,mdma,ESI+,DTXCID501471691,FALSE,563,0.00,0.60,,0.00,362,164,,25
983,mdma,ESI+,DTXCID50204091,FALSE,563,0.13,0.27,,2.00,125,515,,18
983,mdma,ESI+,DTXCID50258453,FALSE,563,0.09,0.41,,1.50,203,408,,22
983,mdma,ESI+,DTXCID50315010,FALSE,563,0.05,0.35,,1.50,285,473,,22
983,mdma,ESI+,DTXCID50330440,FALSE,563,0.09,0.75,,3.00,198,39,,9
983,mdma,ESI+,DTXCID50330485,FALSE,563,0.06,0.66,,2.50,268,101,,12
983,mdma,ESI+,DTXCID50378983,FALSE,563,0.09,0.47,,0.00,193,339,,25
983,mdma,ESI+,DTXCID50382666,FALSE,563,0.08,0.48,,1.00,222,325,,24
983,mdma,ESI+,DTXCID50386447,FALSE,563,0.04,0.48,,1.50,313,327,,22
983,mdma,ESI+,DTXCID50396162,FALSE,563,0.05,0.55,,1.50,289,242,,22
983,mdma,ESI+,DTXCID50402510,FALSE,563,0.07,0.60,,1.50,235,161,,22
983,mdma,ESI+,DTXCID50421201,FALSE,563,0.04,0.31,,1.50,317,499,,22
983,mdma,ESI+,DTXCID50450718,FALSE,563,0.04,0.63,,1.50,335,140,,22
983,mdma,ESI+,DTXCID50480338,FALSE,563,0.10,0.44,,2.00,171,379,,18
983,mdma,ESI+,DTXCID50504407,FALSE,563,0.06,0.64,,1.50,246,129,,22
983,mdma,ESI+,DTXCID50513615,FALSE,563,0.04,0.38,,1.50,334,441,,22
983,mdma,ESI+,DTXCID50520309,FALSE,563,0.07,0.68,,1.00,228,91,,24
983,mdma,ESI+,DTXCID50547410,FALSE,563,0.12,0.26,,1.00,139,517,,24
983,mdma,ESI+,DTXCID5066320,FALSE,563,0.38,0.37,,1.94,31,457,,19
983,mdma,ESI+,DTXCID50708100,FALSE,563,0.04,0.50,,1.50,335,301,,22
983,mdma,ESI+,DTXCID50757714,FALSE,563,0.04,0.41,,1.50,333,415,,22
983,mdma,ESI+,DTXCID50804838,FALSE,563,0.04,0.55,,1.50,335,231,,22
983,mdma,ESI+,DTXCID50846617,FALSE,563,0.02,0.55,,1.50,361,236,,22
983,mdma,ESI+,DTXCID50864856,FALSE,563,0.02,0.71,,2.00,354,62,,18
983,mdma,ESI+,DTXCID50878236,FALSE,563,0.04,0.58,,1.00,300,191,,24
983,mdma,ESI+,DTXCID50881260,FALSE,563,0.02,0.63,,3.00,361,138,,9
983,mdma,ESI+,DTXCID50881629,FALSE,563,0.13,0.45,,1.00,115,367,,24
983,mdma,ESI+,DTXCID50897982,FALSE,563,0.02,0.11,,2.00,347,549,,18
983,mdma,ESI+,DTXCID50947491,FALSE,563,0.02,0.52,,3.00,361,274,,9
983,mdma,ESI+,DTXCID50964941,FALSE,563,0.10,0.58,,1.00,168,202,,24
983,mdma,ESI+,DTXCID50966667,FALSE,563,0.10,0.70,,3.00,168,68,,9
983,mdma,ESI+,DTXCID5097325,FALSE,563,0.17,0.46,,1.50,91,359,,22
983,mdma,ESI+,DTXCID50975618,FALSE,563,0.07,0.58,,1.50,237,203,,22
983,mdma,ESI+,DTXCID50976706,FALSE,563,0.02,0.50,,3.00,361,303,,9
983,mdma,ESI+,DTXCID50990861,FALSE,563,0.04,0.47,,2.00,334,343,,18
983,mdma,ESI+,DTXCID50993453,FALSE,563,0.06,0.83,,2.00,252,22,,18
983,mdma,ESI+,DTXCID601011535,FALSE,563,0.02,0.54,,1.00,361,248,,24
983,mdma,ESI+,DTXCID601014608,FALSE,563,0.04,0.76,,1.00,328,31,,24
983,mdma,ESI+,DTXCID601014610,FALSE,563,0.09,0.60,,1.00,179,167,,24
983,mdma,ESI+,DTXCID60104659,FALSE,563,0.11,0.58,,1.78,164,196,,20
983,mdma,ESI+,DTXCID601048996,FALSE,563,0.02,0.52,,1.50,361,270,,22
983,mdma,ESI+,DTXCID60105065,FALSE,563,0.06,0.36,,1.50,260,461,,22
983,mdma,ESI+,DTXCID60115280,FALSE,563,0.06,0.73,,1.50,283,51,,22
983,mdma,ESI+,DTXCID601322817,FALSE,563,0.04,0.58,,0.00,335,194,,25
983,mdma,ESI+,DTXCID601329706,FALSE,563,0.06,0.64,,0.00,267,124,,25
983,mdma,ESI+,DTXCID601333123,FALSE,563,0.57,0.62,,3.00,25,149,,9
983,mdma,ESI+,DTXCID601348031,FALSE,563,0.04,0.57,,3.00,326,209,,9
983,mdma,ESI+,DTXCID601372850,FALSE,563,0.15,0.33,,1.00,98,486,,24
983,mdma,ESI+,DTXCID601395618,FALSE,563,0.06,0.47,,3.00,283,334,,9
983,mdma,ESI+,DTXCID601397688,FALSE,563,0.08,0.58,,3.00,219,199,,9
983,mdma,ESI+,DTXCID601414323,FALSE,563,0.04,0.68,,2.00,335,86,,18
983,mdma,ESI+,DTXCID601430654,FALSE,563,0.17,0.73,,1.00,90,50,,24
983,mdma,ESI+,DTXCID60145749,FALSE,563,1.18,0.58,,1.50,11,200,,22
983,mdma,ESI+,DTXCID601459446,FALSE,563,0.02,0.73,,0.00,361,48,,25
983,mdma,ESI+,DTXCID601461831,FALSE,563,0.02,0.72,,0.00,354,56,,25
983,mdma,ESI+,DTXCID601464330,FALSE,563,0.09,0.39,,3.00,217,428,,9
983,mdma,ESI+,DTXCID601485528,FALSE,563,0.02,,,1.50,355,,,22
983,mdma,ESI+,DTXCID60223874,FALSE,563,0.14,0.43,,1.00,112,383,,24
983,mdma,ESI+,DTXCID60231297,FALSE,563,0.16,0.42,,1.50,92,404,,22
983,mdma,ESI+,DTXCID60250766,FALSE,563,0.29,0.90,,1.00,38,15,,24
983,mdma,ESI+,DTXCID60251879,FALSE,563,0.06,0.25,,1.50,257,528,,22
983,mdma,ESI+,DTXCID60258328,FALSE,563,0.14,0.41,,1.50,111,412,,22
983,mdma,ESI+,DTXCID60274568,FALSE,563,0.09,0.71,,1.00,191,58,,24
983,mdma,ESI+,DTXCID60284900,FALSE,563,0.19,0.53,,1.50,75,254,,22
983,mdma,ESI+,DTXCID60292267,FALSE,563,0.22,0.66,,1.50,56,100,,22
983,mdma,ESI+,DTXCID603170,FALSE,563,0.98,0.39,,2.33,16,433,,15
983,mdma,ESI+,DTXCID60331120,FALSE,563,0.07,0.51,,1.00,234,283,,24
983,mdma,ESI+,DTXCID60352012,FALSE,563,0.11,0.71,,1.00,151,59,,24
983,mdma,ESI+,DTXCID60439453,FALSE,563,0.04,0.45,,1.50,335,362,,22
983,mdma,ESI+,DTXCID60448621,FALSE,563,0.08,0.57,,1.50,221,208,,22
983,mdma,ESI+,DTXCID60451635,FALSE,563,0.06,0.44,,1.50,244,376,,22
983,mdma,ESI+,DTXCID60485758,FALSE,563,0.04,0.24,,1.50,333,530,,22
983,mdma,ESI+,DTXCID60543721,FALSE,563,0.06,0.42,,1.50,263,400,,22
983,mdma,ESI+,DTXCID60590992,FALSE,563,0.07,0.49,,1.00,239,309,,24
983,mdma,ESI+,DTXCID60596873,FALSE,563,0.06,0.47,,2.00,277,338,,18
983,mdma,ESI+,DTXCID60602680,FALSE,563,0.09,0.65,,0.00,201,111,,25
983,mdma,ESI+,DTXCID60627176,FALSE,563,0.04,0.72,,1.50,323,52,,22
983,mdma,ESI+,DTXCID60630029,FALSE,563,0.06,0.53,,1.50,283,265,,22
983,mdma,ESI+,DTXCID60689875,FALSE,563,0.04,0.60,,2.00,318,160,,18
983,mdma,ESI+,DTXCID60711448,FALSE,563,0.06,0.42,,1.50,279,401,,22
983,mdma,ESI+,DTXCID60734399,FALSE,563,0.06,0.36,,1.50,275,467,,22
983,mdma,ESI+,DTXCID60822361,FALSE,563,0.02,0.66,,1.00,343,97,,24
983,mdma,ESI+,DTXCID60835779,FALSE,563,0.18,0.39,,1.00,84,430,,24
983,mdma,ESI+,DTXCID60874784,FALSE,563,0.04,0.15,,2.00,335,546,,18
983,mdma,ESI+,DTXCID60877336,FALSE,563,0.07,0.53,,1.00,226,266,,24
983,mdma,ESI+,DTXCID60881271,FALSE,563,0.06,0.75,,2.00,258,37,,18
983,mdma,ESI+,DTXCID60882824,FALSE,563,0.02,0.68,,0.00,349,92,,25
983,mdma,ESI+,DTXCID60887753,FALSE,563,0.15,0.34,,2.00,97,481,,18
983,mdma,ESI+,DTXCID60888588,FALSE,563,0.04,0.70,,2.00,335,74,,18
983,mdma,ESI+,DTXCID60895712,FALSE,563,0.04,0.48,,1.67,335,320,,21
983,mdma,ESI+,DTXCID60896522,FALSE,563,0.04,0.60,,1.00,325,166,,24
983,mdma,ESI+,DTXCID60901125,FALSE,563,0.04,0.56,,0.00,335,227,,25
983,mdma,ESI+,DTXCID60940655,FALSE,563,0.04,0.41,,1.50,329,407,,22
983,mdma,ESI+,DTXCID60951488,FALSE,563,0.09,0.56,,1.50,218,221,,22
983,mdma,ESI+,DTXCID60955340,FALSE,563,0.21,0.32,,1.50,64,493,,22
983,mdma,ESI+,DTXCID60967307,FALSE,563,0.02,0.28,,2.50,361,511,,12
983,mdma,ESI+,DTXCID60971186,FALSE,563,0.04,1.00,,2.50,335,5,,12
983,mdma,ESI+,DTXCID60972370,FALSE,563,0.04,0.20,,1.50,296,539,,22
983,mdma,ESI+,DTXCID60980758,FALSE,563,0.04,0.40,,1.00,329,421,,24
983,mdma,ESI+,DTXCID60981503,FALSE,563,0.02,0.90,,1.00,361,14,,24
983,mdma,ESI+,DTXCID60987005,FALSE,563,0.09,0.59,,2.00,186,181,,18
983,mdma,ESI+,DTXCID701005127,FALSE,563,0.06,0.43,,1.50,282,391,,22
983,mdma,ESI+,DTXCID701014613,FALSE,563,0.06,0.96,,0.00,282,8,,25
983,mdma,ESI+,DTXCID701077544,FALSE,563,0.04,0.43,,1.50,322,381,,22
983,mdma,ESI+,DTXCID70119618,FALSE,563,0.48,0.63,,2.50,28,142,,12
983,mdma,ESI+,DTXCID70128386,FALSE,563,0.17,0.35,,2.33,85,474,,15
983,mdma,ESI+,DTXCID701334562,FALSE,563,0.18,0.61,,2.50,82,156,,12
983,mdma,ESI+,DTXCID70134508,FALSE,563,0.13,0.43,,1.50,127,382,,22
983,mdma,ESI+,DTXCID701387973,FALSE,563,0.15,0.99,,3.00,100,6,,9
983,mdma,ESI+,DTXCID701464157,FALSE,563,0.04,0.55,,0.00,335,233,,25
983,mdma,ESI+,DTXCID70160948,FALSE,563,0.06,0.62,,2.22,266,148,,17
983,mdma,ESI+,DTXCID70161394,FALSE,563,0.06,0.51,,1.78,278,284,,20
983,mdma,ESI+,DTXCID70197310,TRUE,563,6.86,1.13,,2.00,1,1,,18
983,mdma,ESI+,DTXCID70201906,FALSE,563,0.04,0.42,,2.00,335,397,,18
983,mdma,ESI+,DTXCID70207761,FALSE,563,0.71,0.64,,3.00,20,123,,9
983,mdma,ESI+,DTXCID7021318,FALSE,563,1.03,0.69,,1.50,14,82,,22
983,mdma,ESI+,DTXCID70228774,FALSE,563,0.12,0.37,,1.50,142,448,,22
983,mdma,ESI+,DTXCID70235226,FALSE,563,0.11,0.73,,1.50,167,47,,22
983,mdma,ESI+,DTXCID70250075,FALSE,563,0.06,0.53,,1.50,280,253,,22
983,mdma,ESI+,DTXCID70258591,FALSE,563,0.13,0.37,,1.50,118,454,,22
983,mdma,ESI+,DTXCID70275480,FALSE,563,0.19,0.27,,1.00,77,516,,24
983,mdma,ESI+,DTXCID70276270,FALSE,563,0.09,0.49,,1.00,195,318,,24
983,mdma,ESI+,DTXCID70279802,FALSE,563,0.13,0.60,,2.00,122,175,,18
983,mdma,ESI+,DTXCID70291908,FALSE,563,0.17,0.16,,1.50,89,544,,22
983,mdma,ESI+,DTXCID70296756,FALSE,563,0.11,0.66,,1.50,166,98,,22
983,mdma,ESI+,DTXCID70306506,FALSE,563,0.04,0.33,,1.50,335,484,,22
983,mdma,ESI+,DTXCID70342489,FALSE,563,0.04,0.47,,1.50,299,341,,22
983,mdma,ESI+,DTXCID70393855,FALSE,563,0.14,0.41,,1.00,110,409,,24
983,mdma,ESI+,DTXCID70425584,FALSE,563,0.07,0.28,,1.00,242,510,,24
983,mdma,ESI+,DTXCID70434353,FALSE,563,0.06,0.70,,2.50,282,69,,12
983,mdma,ESI+,DTXCID70439944,FALSE,563,0.06,0.43,,1.50,256,384,,22
983,mdma,ESI+,DTXCID70442155,FALSE,563,0.04,0.53,,1.50,335,255,,22
983,mdma,ESI+,DTXCID70454652,FALSE,563,0.04,0.22,,1.50,333,536,,22
983,mdma,ESI+,DTXCID70464170,FALSE,563,0.11,0.52,,1.50,157,280,,22
983,mdma,ESI+,DTXCID70464918,FALSE,563,0.11,0.56,,1.50,145,229,,22
983,mdma,ESI+,DTXCID70514649,FALSE,563,0.04,0.52,,1.50,327,278,,22
983,mdma,ESI+,DTXCID70592801,FALSE,563,0.04,0.49,,2.00,335,319,,18
983,mdma,ESI+,DTXCID70606952,FALSE,563,0.04,0.48,,0.00,335,332,,25
983,mdma,ESI+,DTXCID70739077,FALSE,563,0.04,0.46,,3.00,335,357,,9
983,mdma,ESI+,DTXCID70767153,FALSE,563,0.02,0.58,,1.00,361,198,,24
983,mdma,ESI+,DTXCID70810936,FALSE,563,1.72,0.94,,2.00,6,11,,18
983,mdma,ESI+,DTXCID70823208,FALSE,563,0.09,0.79,,2.00,185,26,,18
983,mdma,ESI+,DTXCID70823703,FALSE,563,0.04,0.46,,1.50,305,353,,22
983,mdma,ESI+,DTXCID70844059,FALSE,563,0.02,0.49,,0.00,361,307,,25
983,mdma,ESI+,DTXCID70845243,FALSE,563,0.02,0.29,,1.50,361,508,,22
983,mdma,ESI+,DTXCID70861605,FALSE,563,0.02,0.35,,1.50,361,471,,22
983,mdma,ESI+,DTXCID70863386,FALSE,563,1.11,0.64,,1.00,12,126,,24
983,mdma,ESI+,DTXCID70878238,FALSE,563,0.06,0.46,,1.00,250,358,,24
983,mdma,ESI+,DTXCID70879760,FALSE,563,0.04,0.39,,1.00,334,427,,24
983,mdma,ESI+,DTXCID70881262,FALSE,563,0.04,0.60,,0.00,329,162,,25
983,mdma,ESI+,DTXCID70881828,FALSE,563,0.04,0.59,,0.00,335,186,,25
983,mdma,ESI+,DTXCID7088607,FALSE,563,0.13,0.53,,1.50,132,257,,22
983,mdma,ESI+,DTXCID70889905,FALSE,563,0.02,0.53,,0.00,361,262,,25
983,mdma,ESI+,DTXCID70891361,FALSE,563,0.09,0.57,,1.50,177,212,,22
983,mdma,ESI+,DTXCID70893704,FALSE,563,0.06,0.20,,1.50,243,538,,22
983,mdma,ESI+,DTXCID70894978,FALSE,563,0.06,0.32,,1.33,254,489,,23
983,mdma,ESI+,DTXCID7089546,FALSE,563,0.09,0.66,,1.00,197,104,,24
983,mdma,ESI+,DTXCID70897580,FALSE,563,0.02,0.48,,1.67,345,326,,21
983,mdma,ESI+,DTXCID70899327,FALSE,563,0.02,0.85,,1.00,348,19,,24
983,mdma,ESI+,DTXCID70973813,FALSE,563,0.06,0.39,,2.00,264,432,,18
983,mdma,ESI+,DTXCID70982965,FALSE,563,0.02,0.46,,3.00,346,361,,9
983,mdma,ESI+,DTXCID70985335,FALSE,563,0.02,0.62,,0.00,361,151,,25
983,mdma,ESI+,DTXCID70990686,FALSE,563,0.04,0.76,,0.00,335,33,,25
983,mdma,ESI+,DTXCID70992145,FALSE,563,0.04,0.38,,2.00,334,442,,18
983,mdma,ESI+,DTXCID801012365,FALSE,563,0.06,0.58,,1.00,279,195,,24
983,mdma,ESI+,DTXCID801014616,FALSE,563,0.11,0.53,,1.00,167,268,,24
983,mdma,ESI+,DTXCID801021556,FALSE,563,0.00,0.42,,3.00,362,398,,9
983,mdma,ESI+,DTXCID80114755,FALSE,563,0.20,0.22,,1.50,66,535,,22
983,mdma,ESI+,DTXCID801185865,FALSE,563,0.06,0.62,,1.00,283,152,,24
983,mdma,ESI+,DTXCID801219907,FALSE,563,0.06,0.52,,2.00,269,277,,18
983,mdma,ESI+,DTXCID801244324,FALSE,563,0.02,0.48,,1.50,361,324,,22
983,mdma,ESI+,DTXCID801329738,FALSE,563,0.02,0.62,,0.00,361,146,,25
983,mdma,ESI+,DTXCID801330937,FALSE,563,0.09,0.51,,3.00,200,287,,9
983,mdma,ESI+,DTXCID801370698,FALSE,563,0.13,0.33,,1.00,138,485,,24
983,mdma,ESI+,DTXCID801379888,FALSE,563,0.04,0.38,,1.00,315,434,,24
983,mdma,ESI+,DTXCID801386859,FALSE,563,0.06,0.48,,1.00,283,330,,24
983,mdma,ESI+,DTXCID801423722,FALSE,563,0.04,0.70,,0.00,326,67,,25
983,mdma,ESI+,DTXCID801442702,FALSE,563,0.02,0.68,,0.00,361,84,,25
983,mdma,ESI+,DTXCID801460708,FALSE,563,0.06,0.77,,0.00,270,30,,25
983,mdma,ESI+,DTXCID80201654,FALSE,563,0.25,0.51,,2.50,44,291,,12
983,mdma,ESI+,DTXCID80206189,FALSE,563,0.31,0.75,,2.00,34,38,,18
983,mdma,ESI+,DTXCID80219178,FALSE,563,0.85,0.54,,2.00,17,252,,18
983,mdma,ESI+,DTXCID80219653,FALSE,563,0.21,0.25,,2.50,57,527,,12
983,mdma,ESI+,DTXCID80223735,FALSE,563,0.12,0.49,,1.00,143,308,,24
983,mdma,ESI+,DTXCID80251917,FALSE,563,0.12,0.49,,1.50,141,314,,22
983,mdma,ESI+,DTXCID80280888,FALSE,563,0.27,0.48,,2.00,40,323,,18
983,mdma,ESI+,DTXCID80300994,FALSE,563,0.19,0.41,,1.50,78,410,,22
983,mdma,ESI+,DTXCID8036603,FALSE,563,0.58,0.32,,2.50,24,494,,12
983,mdma,ESI+,DTXCID80384214,FALSE,563,0.15,0.49,,1.00,96,311,,24
983,mdma,ESI+,DTXCID80403813,FALSE,563,0.09,0.63,,1.00,189,144,,24
983,mdma,ESI+,DTXCID80404643,FALSE,563,0.05,0.63,,3.00,288,134,,9
983,mdma,ESI+,DTXCID8041666,FALSE,563,0.50,0.43,,1.67,27,380,,21
983,mdma,ESI+,DTXCID80419217,FALSE,563,0.06,0.70,,1.50,249,72,,22
983,mdma,ESI+,DTXCID80432946,FALSE,563,0.09,0.54,,1.00,208,249,,24
983,mdma,ESI+,DTXCID80439455,FALSE,563,0.04,0.38,,2.50,324,435,,12
983,mdma,ESI+,DTXCID8046903,FALSE,563,0.13,0.49,,1.50,132,312,,22
983,mdma,ESI+,DTXCID80482587,FALSE,563,0.04,0.36,,1.00,335,463,,24
983,mdma,ESI+,DTXCID80484905,FALSE,563,0.07,0.34,,3.00,230,479,,9
983,mdma,ESI+,DTXCID80490228,FALSE,563,0.09,0.69,,1.50,217,79,,22
983,mdma,ESI+,DTXCID80496048,FALSE,563,0.06,0.50,,1.50,248,296,,22
983,mdma,ESI+,DTXCID80525105,FALSE,563,0.04,0.54,,1.50,333,250,,22
983,mdma,ESI+,DTXCID80525761,FALSE,563,0.06,0.55,,1.50,279,245,,22
983,mdma,ESI+,DTXCID80540212,FALSE,563,0.04,0.66,,1.00,302,102,,24
983,mdma,ESI+,DTXCID80544391,FALSE,563,0.04,0.78,,1.00,316,27,,24
983,mdma,ESI+,DTXCID80558675,FALSE,563,0.04,0.68,,2.00,317,87,,18
983,mdma,ESI+,DTXCID80618480,FALSE,563,0.04,0.38,,2.00,335,445,,18
983,mdma,ESI+,DTXCID80649638,FALSE,563,0.07,0.55,,2.00,238,234,,18
983,mdma,ESI+,DTXCID80654121,FALSE,563,0.04,0.64,,2.00,335,121,,18
983,mdma,ESI+,DTXCID80670902,FALSE,563,0.04,0.60,,3.00,331,168,,9
983,mdma,ESI+,DTXCID80678185,FALSE,563,0.06,0.45,,2.00,280,369,,18
983,mdma,ESI+,DTXCID80682868,FALSE,563,0.04,0.52,,2.00,296,269,,18
983,mdma,ESI+,DTXCID80744036,FALSE,563,0.04,0.68,,2.50,335,89,,12
983,mdma,ESI+,DTXCID80752858,FALSE,563,0.02,,,1.50,360,,,22
983,mdma,ESI+,DTXCID80805171,FALSE,563,0.04,0.53,,1.00,335,259,,24
983,mdma,ESI+,DTXCID80854422,FALSE,563,0.02,0.37,,1.00,361,447,,24
983,mdma,ESI+,DTXCID80864763,FALSE,563,0.02,0.66,,2.00,352,96,,18
983,mdma,ESI+,DTXCID80872025,FALSE,563,0.02,0.69,,1.00,353,77,,24
983,mdma,ESI+,DTXCID8087913,FALSE,563,0.30,0.30,,1.50,36,500,,22
983,mdma,ESI+,DTXCID80879812,FALSE,563,0.06,0.68,,1.50,276,88,,22
983,mdma,ESI+,DTXCID80880504,FALSE,563,0.04,0.46,,1.00,335,347,,24
983,mdma,ESI+,DTXCID80882442,FALSE,563,0.02,0.57,,2.00,361,216,,18
983,mdma,ESI+,DTXCID80893730,FALSE,563,0.21,0.60,,1.00,58,171,,24
983,mdma,ESI+,DTXCID80896206,FALSE,563,0.03,0.69,,2.67,336,80,,10
983,mdma,ESI+,DTXCID80982214,FALSE,563,0.02,0.47,,0.00,361,335,,25
983,mdma,ESI+,DTXCID80995900,FALSE,563,0.02,0.55,,0.00,361,243,,25
983,mdma,ESI+,DTXCID901007167,FALSE,563,0.06,0.77,,1.00,278,29,,24
983,mdma,ESI+,DTXCID901014607,FALSE,563,0.04,0.26,,3.00,303,519,,9
983,mdma,ESI+,DTXCID901037065,FALSE,563,0.02,0.37,,1.50,360,458,,22
983,mdma,ESI+,DTXCID90112580,FALSE,563,0.21,0.45,,1.50,60,364,,22
983,mdma,ESI+,DTXCID90120827,FALSE,563,0.12,0.17,,2.22,144,543,,17
983,mdma,ESI+,DTXCID90121450,FALSE,563,0.20,0.39,,1.50,68,431,,22
983,mdma,ESI+,DTXCID901370489,FALSE,563,0.13,0.45,,2.33,129,368,,15
983,mdma,ESI+,DTXCID901372823,FALSE,563,0.36,0.38,,1.00,32,436,,24
983,mdma,ESI+,DTXCID901402175,FALSE,563,0.11,0.36,,1.00,152,468,,24
983,mdma,ESI+,DTXCID90140702,FALSE,563,0.27,0.70,,1.50,41,76,,22
983,mdma,ESI+,DTXCID901475364,FALSE,563,0.72,,,0.00,19,,,25
983,mdma,ESI+,DTXCID90149432,FALSE,563,0.11,0.65,,1.00,154,116,,24
983,mdma,ESI+,DTXCID90201004,FALSE,563,0.20,0.45,,2.50,69,370,,12
983,mdma,ESI+,DTXCID9020324,FALSE,563,1.07,0.65,,5.28,13,108,,2
983,mdma,ESI+,DTXCID90220871,FALSE,563,0.61,0.86,,3.00,23,18,,9
983,mdma,ESI+,DTXCID90232156,FALSE,563,0.06,0.57,,1.50,283,210,,22
983,mdma,ESI+,DTXCID90234256,FALSE,563,0.19,0.29,,1.50,79,507,,22
983,mdma,ESI+,DTXCID90251125,FALSE,563,0.06,0.25,,1.50,277,523,,22
983,mdma,ESI+,DTXCID90273867,FALSE,563,0.06,0.47,,1.00,280,333,,24
983,mdma,ESI+,DTXCID90278897,FALSE,563,0.24,0.43,,1.50,47,387,,22
983,mdma,ESI+,DTXCID90293843,FALSE,563,0.22,0.87,,1.00,52,16,,24
983,mdma,ESI+,DTXCID90299749,FALSE,563,0.15,0.47,,1.50,107,346,,22
983,mdma,ESI+,DTXCID90307939,FALSE,563,0.09,0.38,,2.00,202,440,,18
983,mdma,ESI+,DTXCID90319693,FALSE,563,0.04,0.37,,1.00,319,453,,24
983,mdma,ESI+,DTXCID90347239,FALSE,563,0.16,0.92,,1.50,95,12,,22
983,mdma,ESI+,DTXCID90352626,FALSE,563,0.11,0.49,,1.50,146,317,,22
983,mdma,ESI+,DTXCID9036272,FALSE,563,0.19,0.71,,1.67,71,60,,21
983,mdma,ESI+,DTXCID90409866,FALSE,563,0.09,0.41,,1.00,188,413,,24
983,mdma,ESI+,DTXCID90448992,FALSE,563,0.07,0.63,,1.50,223,132,,22
983,mdma,ESI+,DTXCID90458036,FALSE,563,0.04,0.56,,2.50,311,224,,12
983,mdma,ESI+,DTXCID90491286,FALSE,563,0.02,0.50,,1.50,361,300,,22
983,mdma,ESI+,DTXCID90514101,FALSE,563,0.16,0.55,,3.00,93,237,,9
983,mdma,ESI+,DTXCID90516685,FALSE,563,0.04,0.62,,1.00,312,147,,24
983,mdma,ESI+,DTXCID90530225,FALSE,563,0.11,0.44,,1.50,153,373,,22
983,mdma,ESI+,DTXCID90539218,FALSE,563,0.06,0.74,,1.00,251,42,,24
983,mdma,ESI+,DTXCID90601787,FALSE,563,0.06,0.50,,0.00,283,304,,25
983,mdma,ESI+,DTXCID9065940,FALSE,563,0.06,0.59,,2.67,283,188,,10
983,mdma,ESI+,DTXCID90695904,FALSE,563,0.04,0.55,,2.00,335,238,,18
983,mdma,ESI+,DTXCID90708881,FALSE,563,0.06,0.48,,2.00,283,331,,18
983,mdma,ESI+,DTXCID90715454,FALSE,563,0.02,,,2.50,357,,,12
983,mdma,ESI+,DTXCID90823245,FALSE,563,0.05,0.47,,3.00,284,342,,9
983,mdma,ESI+,DTXCID90825547,FALSE,563,0.02,0.52,,1.50,361,279,,22
983,mdma,ESI+,DTXCID90834018,FALSE,563,0.04,0.47,,2.00,295,340,,18
983,mdma,ESI+,DTXCID90854155,FALSE,563,0.02,0.22,,2.00,361,534,,18
983,mdma,ESI+,DTXCID90864118,FALSE,563,0.02,0.84,,2.00,358,21,,18
983,mdma,ESI+,DTXCID90866713,FALSE,563,0.02,0.72,,3.00,355,57,,9
983,mdma,ESI+,DTXCID90868636,FALSE,563,0.02,0.66,,1.00,361,99,,24
983,mdma,ESI+,DTXCID90871069,FALSE,563,1.50,0.65,,2.00,9,109,,18
983,mdma,ESI+,DTXCID90878235,FALSE,563,0.05,0.60,,1.00,288,169,,24
983,mdma,ESI+,DTXCID90881244,FALSE,563,0.04,0.49,,0.00,329,310,,25
983,mdma,ESI+,DTXCID90957079,FALSE,563,0.11,0.68,,1.50,161,85,,22
983,mdma,ESI+,DTXCID90971139,FALSE,563,0.10,0.43,,2.00,169,392,,18
997,caffeine,ESI+,DTXCID001098179,FALSE,82,0.01,0.66,,3.00,41,37,,3
997,caffeine,ESI+,DTXCID001274935,FALSE,82,0.02,0.42,,0.00,19,68,,11
997,caffeine,ESI+,DTXCID001397185,FALSE,82,0.06,0.44,,2.00,7,67,,7
997,caffeine,ESI+,DTXCID001484508,FALSE,82,0.01,,,2.00,45,,,7
997,caffeine,ESI+,DTXCID0018813,FALSE,82,0.23,0.65,,2.47,2,39,,5
997,caffeine,ESI+,DTXCID00229678,FALSE,82,0.01,0.97,,1.50,37,9,,9
997,caffeine,ESI+,DTXCID00765460,FALSE,82,0.01,0.47,,1.50,45,63,,9
997,caffeine,ESI+,DTXCID00985489,FALSE,82,0.00,0.61,,0.00,48,50,,11
997,caffeine,ESI+,DTXCID101061892,FALSE,82,0.08,0.66,,3.33,6,38,,2
997,caffeine,ESI+,DTXCID101076386,FALSE,82,0.01,0.59,,1.50,35,52,,9
997,caffeine,ESI+,DTXCID10124988,FALSE,82,0.05,0.34,,1.00,8,72,,10
997,caffeine,ESI+,DTXCID101306579,FALSE,82,0.00,0.48,,1.00,51,61,,10
997,caffeine,ESI+,DTXCID101329751,FALSE,82,0.01,1.14,,0.00,40,6,,11
997,caffeine,ESI+,DTXCID101382070,FALSE,82,0.03,0.40,,1.00,15,69,,10
997,caffeine,ESI+,DTXCID101480909,FALSE,82,0.01,,,2.00,42,,,7
997,caffeine,ESI+,DTXCID10154609,FALSE,82,0.05,1.13,,1.50,10,7,,9
997,caffeine,ESI+,DTXCID10291048,FALSE,82,0.00,0.48,,1.50,52,62,,9
997,caffeine,ESI+,DTXCID10688999,FALSE,82,0.00,0.67,,0.00,50,33,,11
997,caffeine,ESI+,DTXCID10721976,FALSE,82,0.01,0.62,,1.00,45,44,,10
997,caffeine,ESI+,DTXCID10948181,FALSE,82,0.00,0.58,,1.00,51,53,,10
997,caffeine,ESI+,DTXCID201036680,FALSE,82,0.01,0.62,,1.00,37,43,,10
997,caffeine,ESI+,DTXCID20111405,FALSE,82,0.03,0.66,,1.00,14,35,,10
997,caffeine,ESI+,DTXCID20311382,FALSE,82,0.01,1.19,,1.67,45,4,,8
997,caffeine,ESI+,DTXCID20455598,FALSE,82,0.01,0.77,,1.00,33,18,,10
997,caffeine,ESI+,DTXCID20617194,FALSE,82,0.01,0.69,,2.50,45,26,,4
997,caffeine,ESI+,DTXCID20766035,FALSE,82,0.01,0.53,,1.50,43,57,,9
997,caffeine,ESI+,DTXCID301352885,FALSE,82,0.01,0.58,,1.00,45,54,,10
997,caffeine,ESI+,DTXCID301484507,FALSE,82,0.00,,,2.00,50,,,7
997,caffeine,ESI+,DTXCID30247683,FALSE,82,0.01,0.61,,1.00,37,49,,10
997,caffeine,ESI+,DTXCID401006433,FALSE,82,0.02,0.64,,0.00,18,40,,11
997,caffeine,ESI+,DTXCID401175979,FALSE,82,0.02,0.61,,1.00,26,47,,10
997,caffeine,ESI+,DTXCID401479642,FALSE,82,0.03,,,1.00,16,,,10
997,caffeine,ESI+,DTXCID401485322,FALSE,82,0.00,,,1.00,51,,,10
997,caffeine,ESI+,DTXCID40232,TRUE,82,8.00,1.22,,4.44,1,3,,1
997,caffeine,ESI+,DTXCID40347188,FALSE,82,0.02,0.68,,1.00,21,29,,10
997,caffeine,ESI+,DTXCID501061894,FALSE,82,0.01,0.40,,1.00,34,70,,10
997,caffeine,ESI+,DTXCID501316615,FALSE,82,0.00,0.74,,2.00,49,22,,7
997,caffeine,ESI+,DTXCID501422301,FALSE,82,0.02,0.39,,1.00,20,71,,10
997,caffeine,ESI+,DTXCID50232076,FALSE,82,0.01,1.28,,1.50,31,1,,9
997,caffeine,ESI+,DTXCID50276778,FALSE,82,0.01,0.97,,1.00,28,10,,10
997,caffeine,ESI+,DTXCID50530524,FALSE,82,0.02,0.82,,2.00,25,14,,7
997,caffeine,ESI+,DTXCID50660613,FALSE,82,0.00,0.95,,2.00,46,11,,7
997,caffeine,ESI+,DTXCID50773671,FALSE,82,0.00,0.61,,1.00,47,46,,10
997,caffeine,ESI+,DTXCID50789737,FALSE,82,0.01,0.60,,1.00,37,51,,10
997,caffeine,ESI+,DTXCID60268381,FALSE,82,0.01,0.70,,1.00,44,23,,10
997,caffeine,ESI+,DTXCID60273091,FALSE,82,0.01,0.70,,1.50,29,24,,9
997,caffeine,ESI+,DTXCID6034710,FALSE,82,0.03,0.62,,1.50,12,45,,9
997,caffeine,ESI+,DTXCID60461774,FALSE,82,0.01,0.84,,1.50,45,13,,9
997,caffeine,ESI+,DTXCID6068858,FALSE,82,0.03,0.78,,1.00,11,17,,10
997,caffeine,ESI+,DTXCID60802345,FALSE,82,0.01,0.44,,1.50,44,65,,9
997,caffeine,ESI+,DTXCID60937520,FALSE,82,0.00,0.79,,1.50,51,15,,9
997,caffeine,ESI+,DTXCID701363355,FALSE,82,0.03,0.79,,1.00,13,16,,10
997,caffeine,ESI+,DTXCID701368581,FALSE,82,0.02,0.69,,1.00,27,28,,10
997,caffeine,ESI+,DTXCID701416522,FALSE,82,0.02,0.62,,2.00,24,42,,7
997,caffeine,ESI+,DTXCID7025186,FALSE,82,0.15,0.67,,3.00,4,31,,3
997,caffeine,ESI+,DTXCID70445580,FALSE,82,0.01,1.14,,1.50,36,5,,9
997,caffeine,ESI+,DTXCID70530364,FALSE,82,0.02,0.56,,1.00,17,56,,10
997,caffeine,ESI+,DTXCID70533491,FALSE,82,0.02,0.61,,2.00,22,48,,7
997,caffeine,ESI+,DTXCID70763519,FALSE,82,0.01,0.68,,1.00,45,30,,10
997,caffeine,ESI+,DTXCID70763655,FALSE,82,0.01,0.86,,1.00,45,12,,10
997,caffeine,ESI+,DTXCID70814737,FALSE,82,0.00,0.32,,2.00,52,74,,7
997,caffeine,ESI+,DTXCID801018113,FALSE,82,0.00,0.74,,0.00,51,20,,11
997,caffeine,ESI+,DTXCID801061893,FALSE,82,0.05,0.67,,1.00,9,32,,10
997,caffeine,ESI+,DTXCID801134498,FALSE,82,0.00,0.70,,1.50,51,25,,9
997,caffeine,ESI+,DTXCID80122350,FALSE,82,0.19,1.26,,2.00,3,2,,7
997,caffeine,ESI+,DTXCID80308177,FALSE,82,0.02,0.44,,2.00,23,66,,7
997,caffeine,ESI+,DTXCID80311383,FALSE,82,0.01,1.08,,2.00,37,8,,7
997,caffeine,ESI+,DTXCID80435770,FALSE,82,0.01,0.76,,1.00,38,19,,10
997,caffeine,ESI+,DTXCID80652006,FALSE,82,0.00,0.49,,0.00,51,60,,11
997,caffeine,ESI+,DTXCID80754615,FALSE,82,0.01,0.23,,1.00,45,77,,10
997,caffeine,ESI+,DTXCID80766036,FALSE,82,0.01,0.74,,1.50,45,21,,9
997,caffeine,ESI+,DTXCID80767285,FALSE,82,0.01,0.69,,1.50,43,27,,9
997,caffeine,ESI+,DTXCID80794455,FALSE,82,0.00,0.31,,1.50,52,75,,9
997,caffeine,ESI+,DTXCID80999347,FALSE,82,0.00,0.53,,1.50,52,58,,9
997,caffeine,ESI+,DTXCID901078279,FALSE,82,0.00,0.45,,1.00,51,64,,10
997,caffeine,ESI+,DTXCID90129759,FALSE,82,0.01,0.28,,1.00,45,76,,10
997,caffeine,ESI+,DTXCID90161876,FALSE,82,0.01,0.56,,0.00,32,55,,11
997,caffeine,ESI+,DTXCID90306220,FALSE,82,0.01,0.34,,1.00,30,73,,10
997,caffeine,ESI+,DTXCID90562682,FALSE,82,0.01,0.50,,2.00,39,59,,7
997,caffeine,ESI+,DTXCID90628494,FALSE,82,0.01,0.63,,1.50,45,41,,9
997,caffeine,ESI+,DTXCID90689000,FALSE,82,0.00,0.66,,0.00,50,36,,11
997,caffeine,ESI+,DTXCID9082114,FALSE,82,0.12,0.66,,2.17,5,34,,6
1535,clonidine,ESI+,DTXCID00358811,FALSE,20,0.01,1.55,,2.00,20,6,,3
1535,clonidine,ESI+,DTXCID00382419,FALSE,20,0.01,1.13,,1.00,18,16,,5
1535,clonidine,ESI+,DTXCID10389818,FALSE,20,0.04,1.55,,1.00,9,5,,5
1535,clonidine,ESI+,DTXCID10568929,FALSE,20,0.04,1.41,,2.00,12,9,,3
1535,clonidine,ESI+,DTXCID10628052,FALSE,20,0.02,1.39,,1.00,15,10,,5
1535,clonidine,ESI+,DTXCID20408105,FALSE,20,0.04,0.90,,1.50,10,20,,4
1535,clonidine,ESI+,DTXCID20561183,FALSE,20,0.04,1.22,,2.50,6,14,,2
1535,clonidine,ESI+,DTXCID2076817,FALSE,20,0.04,1.07,,1.50,13,18,,4
1535,clonidine,ESI+,DTXCID30525599,FALSE,20,0.04,1.15,,1.50,8,15,,4
1535,clonidine,ESI+,DTXCID30528080,FALSE,20,0.04,1.54,,2.50,7,7,,2
1535,clonidine,ESI+,DTXCID401017751,FALSE,20,0.06,1.61,,1.00,3,3,,5
1535,clonidine,ESI+,DTXCID401462857,FALSE,20,0.15,1.04,,1.00,2,19,,5
1535,clonidine,ESI+,DTXCID402846,TRUE,20,7.00,1.64,,3.82,1,1,,1
1535,clonidine,ESI+,DTXCID5076834,FALSE,20,0.04,1.12,,1.50,11,17,,4
1535,clonidine,ESI+,DTXCID50974464,FALSE,20,0.01,1.61,,1.00,19,2,,5
1535,clonidine,ESI+,DTXCID601388885,FALSE,20,0.05,1.31,,1.00,5,12,,5
1535,clonidine,ESI+,DTXCID701017750,FALSE,20,0.05,1.57,,1.00,4,4,,5
1535,clonidine,ESI+,DTXCID70884076,FALSE,20,0.02,1.31,,1.00,17,11,,5
1535,clonidine,ESI+,DTXCID80949423,FALSE,20,0.02,1.29,,1.00,16,13,,5
1535,clonidine,ESI+,DTXCID90543330,FALSE,20,0.03,1.54,,1.50,14,8,,4
1621,carbamazepine,ESI+,DTXCID001453771,FALSE,178,0.04,0.59,,1.00,87,89,,10
1621,carbamazepine,ESI+,DTXCID001480699,FALSE,178,0.01,,,0.00,116,,,11
1621,carbamazepine,ESI+,DTXCID001480875,FALSE,178,0.03,,,2.00,106,,,6
1621,carbamazepine,ESI+,DTXCID00239934,FALSE,178,0.09,0.51,,1.00,45,121,,10
1621,carbamazepine,ESI+,DTXCID00270069,FALSE,178,0.04,0.96,,1.00,81,6,,10
1621,carbamazepine,ESI+,DTXCID00278585,FALSE,178,0.06,0.68,,1.00,63,55,,10
1621,carbamazepine,ESI+,DTXCID00301463,FALSE,178,0.07,0.43,,1.50,54,150,,9
1621,carbamazepine,ESI+,DTXCID00326010,FALSE,178,0.06,0.59,,1.00,71,88,,10
1621,carbamazepine,ESI+,DTXCID00349961,FALSE,178,0.04,0.37,,1.00,84,161,,10
1621,carbamazepine,ESI+,DTXCID00449319,FALSE,178,0.03,0.48,,1.00,110,133,,10
1621,carbamazepine,ESI+,DTXCID00483511,FALSE,178,0.03,0.49,,1.00,101,129,,10
1621,carbamazepine,ESI+,DTXCID00515063,FALSE,178,0.03,0.50,,2.00,107,123,,6
1621,carbamazepine,ESI+,DTXCID00602361,FALSE,178,0.03,0.58,,0.00,110,93,,11
1621,carbamazepine,ESI+,DTXCID00648502,FALSE,178,0.03,0.47,,1.00,90,138,,10
1621,carbamazepine,ESI+,DTXCID00691896,FALSE,178,0.03,0.79,,0.00,109,28,,11
1621,carbamazepine,ESI+,DTXCID0073823,FALSE,178,0.04,0.66,,3.00,81,58,,2
1621,carbamazepine,ESI+,DTXCID0083622,FALSE,178,0.09,0.89,,1.00,44,14,,10
1621,carbamazepine,ESI+,DTXCID00892528,FALSE,178,0.20,0.65,,1.50,8,60,,9
1621,carbamazepine,ESI+,DTXCID00970678,FALSE,178,0.01,0.46,,3.00,116,139,,2
1621,carbamazepine,ESI+,DTXCID101118085,FALSE,178,0.01,0.39,,0.00,116,158,,11
1621,carbamazepine,ESI+,DTXCID10112325,FALSE,178,0.15,0.58,,1.78,15,95,,7
1621,carbamazepine,ESI+,DTXCID101330255,FALSE,178,0.08,0.97,,1.00,48,4,,10
1621,carbamazepine,ESI+,DTXCID101438572,FALSE,178,0.01,0.52,,1.00,116,118,,10
1621,carbamazepine,ESI+,DTXCID10145395,FALSE,178,0.04,0.61,,1.00,88,77,,10
1621,carbamazepine,ESI+,DTXCID10214898,FALSE,178,0.04,0.88,,3.00,88,15,,2
1621,carbamazepine,ESI+,DTXCID10339212,FALSE,178,0.11,0.57,,1.00,31,97,,10
1621,carbamazepine,ESI+,DTXCID10418112,FALSE,178,0.03,0.52,,1.00,94,114,,10
1621,carbamazepine,ESI+,DTXCID10441889,FALSE,178,0.04,0.74,,1.00,86,33,,10
1621,carbamazepine,ESI+,DTXCID10474076,FALSE,178,0.03,0.59,,1.00,110,91,,10
1621,carbamazepine,ESI+,DTXCID10476510,FALSE,178,0.03,0.71,,2.00,108,40,,6
1621,carbamazepine,ESI+,DTXCID10534907,FALSE,178,0.06,0.42,,1.00,68,153,,10
1621,carbamazepine,ESI+,DTXCID10738403,FALSE,178,0.03,,,1.50,110,,,9
1621,carbamazepine,ESI+,DTXCID10807865,FALSE,178,0.03,0.73,,1.00,103,36,,10
1621,carbamazepine,ESI+,DTXCID10902344,FALSE,178,0.03,0.45,,1.50,110,146,,9
1621,carbamazepine,ESI+,DTXCID20100091,FALSE,178,0.06,0.47,,3.00,61,136,,2
1621,carbamazepine,ESI+,DTXCID201110941,FALSE,178,0.04,0.73,,2.00,87,35,,6
1621,carbamazepine,ESI+,DTXCID201480619,FALSE,178,0.01,,,0.00,116,,,11
1621,carbamazepine,ESI+,DTXCID201482015,FALSE,178,0.03,,,1.50,109,,,9
1621,carbamazepine,ESI+,DTXCID20223658,FALSE,178,0.12,0.66,,1.67,23,59,,8
1621,carbamazepine,ESI+,DTXCID20308676,FALSE,178,0.11,0.56,,1.00,30,103,,10
1621,carbamazepine,ESI+,DTXCID20319303,FALSE,178,0.03,0.52,,2.50,97,117,,3
1621,carbamazepine,ESI+,DTXCID20356096,FALSE,178,0.04,0.64,,1.00,79,65,,10
1621,carbamazepine,ESI+,DTXCID20417752,FALSE,178,0.06,0.69,,1.00,71,54,,10
1621,carbamazepine,ESI+,DTXCID20465955,FALSE,178,0.04,0.61,,3.00,85,72,,2
1621,carbamazepine,ESI+,DTXCID20517943,FALSE,178,0.05,0.95,,1.00,75,7,,10
1621,carbamazepine,ESI+,DTXCID20525886,FALSE,178,0.03,0.71,,1.00,110,44,,10
1621,carbamazepine,ESI+,DTXCID20590872,FALSE,178,0.04,0.03,,2.00,82,171,,6
1621,carbamazepine,ESI+,DTXCID20606947,FALSE,178,0.03,0.18,,2.50,110,170,,3
1621,carbamazepine,ESI+,DTXCID20660367,FALSE,178,0.03,0.55,,2.00,105,104,,6
1621,carbamazepine,ESI+,DTXCID20799484,FALSE,178,0.06,0.79,,1.00,70,27,,10
1621,carbamazepine,ESI+,DTXCID20848921,FALSE,178,0.01,0.61,,1.50,112,73,,9
1621,carbamazepine,ESI+,DTXCID2086741,FALSE,178,0.06,0.46,,1.00,73,143,,10
1621,carbamazepine,ESI+,DTXCID2091124,FALSE,178,0.12,0.45,,1.78,22,145,,7
1621,carbamazepine,ESI+,DTXCID20944412,FALSE,178,0.01,0.57,,1.50,116,100,,9
1621,carbamazepine,ESI+,DTXCID301037679,FALSE,178,0.09,0.59,,0.00,41,87,,11
1621,carbamazepine,ESI+,DTXCID301066024,FALSE,178,0.11,0.70,,1.00,33,50,,10
1621,carbamazepine,ESI+,DTXCID301203022,FALSE,178,0.01,0.71,,1.50,115,46,,9
1621,carbamazepine,ESI+,DTXCID301219871,FALSE,178,0.07,0.70,,2.00,50,49,,6
1621,carbamazepine,ESI+,DTXCID301331435,FALSE,178,0.01,0.49,,3.00,114,131,,2
1621,carbamazepine,ESI+,DTXCID30244718,FALSE,178,0.13,0.49,,1.50,21,127,,9
1621,carbamazepine,ESI+,DTXCID30262159,FALSE,178,0.10,0.36,,2.50,35,163,,3
1621,carbamazepine,ESI+,DTXCID30303657,FALSE,178,0.08,0.27,,1.00,49,168,,10
1621,carbamazepine,ESI+,DTXCID30385776,FALSE,178,0.03,0.76,,3.00,89,31,,2
1621,carbamazepine,ESI+,DTXCID30491189,FALSE,178,0.03,0.79,,3.00,95,26,,2
1621,carbamazepine,ESI+,DTXCID30513996,FALSE,178,0.04,0.82,,3.00,88,23,,2
1621,carbamazepine,ESI+,DTXCID30566200,FALSE,178,0.06,0.61,,1.00,64,75,,10
1621,carbamazepine,ESI+,DTXCID30595257,FALSE,178,0.04,0.63,,2.33,88,66,,4
1621,carbamazepine,ESI+,DTXCID30648499,FALSE,178,0.03,0.43,,2.00,91,149,,6
1621,carbamazepine,ESI+,DTXCID30669705,FALSE,178,0.04,0.69,,1.50,88,53,,9
1621,carbamazepine,ESI+,DTXCID30685506,FALSE,178,0.04,0.59,,1.00,80,86,,10
1621,carbamazepine,ESI+,DTXCID401015767,FALSE,178,0.08,0.73,,1.00,49,38,,10
1621,carbamazepine,ESI+,DTXCID40105669,FALSE,178,0.22,0.70,,1.00,5,48,,10
1621,carbamazepine,ESI+,DTXCID401180106,FALSE,178,0.10,0.85,,1.00,36,20,,10
1621,carbamazepine,ESI+,DTXCID40120736,FALSE,178,0.12,0.75,,1.00,26,32,,10
1621,carbamazepine,ESI+,DTXCID401231589,FALSE,178,0.01,0.71,,1.00,116,42,,10
1621,carbamazepine,ESI+,DTXCID401402570,FALSE,178,0.03,0.71,,3.00,108,45,,2
1621,carbamazepine,ESI+,DTXCID401421817,FALSE,178,0.03,0.41,,1.00,99,154,,10
1621,carbamazepine,ESI+,DTXCID40265196,FALSE,178,0.04,0.63,,1.50,88,68,,9
1621,carbamazepine,ESI+,DTXCID40278584,FALSE,178,0.07,0.59,,1.00,51,92,,10
1621,carbamazepine,ESI+,DTXCID40310973,FALSE,178,0.09,0.61,,1.00,46,74,,10
1621,carbamazepine,ESI+,DTXCID40357868,FALSE,178,0.07,0.71,,0.00,52,43,,11
1621,carbamazepine,ESI+,DTXCID40443058,FALSE,178,0.03,0.86,,1.00,110,16,,10
1621,carbamazepine,ESI+,DTXCID40458728,FALSE,178,0.03,0.61,,2.00,104,71,,6
1621,carbamazepine,ESI+,DTXCID40521764,FALSE,178,0.06,0.57,,1.00,69,102,,10
1621,carbamazepine,ESI+,DTXCID40525888,FALSE,178,0.03,0.71,,1.00,110,41,,10
1621,carbamazepine,ESI+,DTXCID40562298,FALSE,178,0.05,0.55,,2.00,74,105,,6
1621,carbamazepine,ESI+,DTXCID501221905,FALSE,178,0.01,0.41,,2.00,116,155,,6
1621,carbamazepine,ESI+,DTXCID501221917,FALSE,178,0.03,0.60,,2.00,104,85,,6
1621,carbamazepine,ESI+,DTXCID50125535,FALSE,178,0.06,0.62,,1.00,66,70,,10
1621,carbamazepine,ESI+,DTXCID50207325,FALSE,178,0.16,0.38,,0.00,11,159,,11
1621,carbamazepine,ESI+,DTXCID50298036,FALSE,178,0.16,0.40,,1.00,12,156,,10
1621,carbamazepine,ESI+,DTXCID50367034,FALSE,178,0.12,0.37,,0.00,27,162,,11
1621,carbamazepine,ESI+,DTXCID5040623,FALSE,178,0.47,0.50,,2.00,2,124,,6
1621,carbamazepine,ESI+,DTXCID50483501,FALSE,178,0.03,0.59,,2.50,104,90,,3
1621,carbamazepine,ESI+,DTXCID50778646,FALSE,178,0.01,0.58,,2.33,116,94,,4
1621,carbamazepine,ESI+,DTXCID5086429,FALSE,178,0.07,0.65,,1.00,56,61,,10
1621,carbamazepine,ESI+,DTXCID50966627,FALSE,178,0.05,0.51,,1.50,76,122,,9
1621,carbamazepine,ESI+,DTXCID50997436,FALSE,178,0.03,0.74,,2.00,96,34,,6
1621,carbamazepine,ESI+,DTXCID60101042,FALSE,178,0.21,0.61,,1.00,6,78,,10
1621,carbamazepine,ESI+,DTXCID601010737,FALSE,178,0.04,0.89,,3.00,88,13,,2
1621,carbamazepine,ESI+,DTXCID601045247,FALSE,178,0.01,0.27,,1.50,116,167,,9
1621,carbamazepine,ESI+,DTXCID601107017,FALSE,178,0.03,0.92,,3.00,110,11,,2
1621,carbamazepine,ESI+,DTXCID601182560,FALSE,178,0.06,0.52,,1.00,67,115,,10
1621,carbamazepine,ESI+,DTXCID601200308,FALSE,178,0.01,0.50,,1.50,116,126,,9
1621,carbamazepine,ESI+,DTXCID601331434,FALSE,178,0.04,0.51,,3.00,88,119,,2
1621,carbamazepine,ESI+,DTXCID601365534,FALSE,178,0.20,0.60,,1.00,7,82,,10
1621,carbamazepine,ESI+,DTXCID601410002,FALSE,178,0.17,0.85,,2.50,10,19,,3
1621,carbamazepine,ESI+,DTXCID60252548,FALSE,178,0.04,0.60,,1.00,88,79,,10
1621,carbamazepine,ESI+,DTXCID60293799,FALSE,178,0.09,0.51,,1.00,37,120,,10
1621,carbamazepine,ESI+,DTXCID60335502,FALSE,178,0.09,0.57,,1.50,43,98,,9
1621,carbamazepine,ESI+,DTXCID60431290,FALSE,178,0.11,0.90,,1.00,34,12,,10
1621,carbamazepine,ESI+,DTXCID60490403,FALSE,178,0.05,0.42,,1.00,76,152,,10
1621,carbamazepine,ESI+,DTXCID60543584,FALSE,178,0.03,0.49,,1.50,102,132,,9
1621,carbamazepine,ESI+,DTXCID60648503,FALSE,178,0.03,0.40,,1.50,92,157,,9
1621,carbamazepine,ESI+,DTXCID60684683,FALSE,178,0.04,0.52,,2.00,88,116,,6
1621,carbamazepine,ESI+,DTXCID60715183,FALSE,178,0.04,0.73,,1.00,88,37,,10
1621,carbamazepine,ESI+,DTXCID701015766,FALSE,178,0.08,0.65,,1.00,47,64,,10
1621,carbamazepine,ESI+,DTXCID70109271,FALSE,178,0.16,0.86,,1.00,13,17,,10
1621,carbamazepine,ESI+,DTXCID701118045,FALSE,178,0.03,0.81,,0.00,100,25,,11
1621,carbamazepine,ESI+,DTXCID701334936,FALSE,178,0.03,0.61,,1.00,110,76,,10
1621,carbamazepine,ESI+,DTXCID701381713,FALSE,178,0.03,0.98,,1.50,110,3,,9
1621,carbamazepine,ESI+,DTXCID701479491,FALSE,178,0.06,,,3.00,62,,,2
1621,carbamazepine,ESI+,DTXCID70244717,FALSE,178,0.18,0.49,,1.50,9,128,,9
1621,carbamazepine,ESI+,DTXCID70276533,FALSE,178,0.09,0.53,,2.50,42,112,,3
1621,carbamazepine,ESI+,DTXCID70303656,FALSE,178,0.09,0.23,,1.00,38,169,,10
1621,carbamazepine,ESI+,DTXCID70305039,FALSE,178,0.14,0.86,,1.50,20,18,,9
1621,carbamazepine,ESI+,DTXCID70350201,FALSE,178,0.06,0.57,,2.50,57,99,,3
1621,carbamazepine,ESI+,DTXCID70394605,FALSE,178,0.06,0.60,,1.00,60,83,,10
1621,carbamazepine,ESI+,DTXCID70409586,FALSE,178,0.04,0.81,,1.00,77,24,,10
1621,carbamazepine,ESI+,DTXCID70481544,FALSE,178,0.04,0.60,,1.00,82,80,,10
1621,carbamazepine,ESI+,DTXCID70490479,FALSE,178,0.06,0.60,,1.00,58,81,,10
1621,carbamazepine,ESI+,DTXCID70527714,FALSE,178,0.05,0.69,,3.00,76,52,,2
1621,carbamazepine,ESI+,DTXCID70669704,FALSE,178,0.04,0.67,,1.50,88,57,,9
1621,carbamazepine,ESI+,DTXCID70997675,FALSE,178,0.01,0.70,,0.00,116,51,,11
1621,carbamazepine,ESI+,DTXCID80100092,FALSE,178,0.14,0.53,,1.00,19,111,,10
1621,carbamazepine,ESI+,DTXCID801037648,FALSE,178,0.01,0.55,,1.00,116,106,,10
1621,carbamazepine,ESI+,DTXCID801038127,FALSE,178,0.01,0.37,,2.00,111,160,,6
1621,carbamazepine,ESI+,DTXCID801089687,FALSE,178,0.03,0.78,,1.00,93,29,,10
1621,carbamazepine,ESI+,DTXCID80119725,FALSE,178,0.27,0.83,,1.00,4,22,,10
1621,carbamazepine,ESI+,DTXCID801254301,FALSE,178,0.04,0.57,,1.00,86,101,,10
1621,carbamazepine,ESI+,DTXCID80136917,FALSE,178,0.32,0.46,,2.25,3,142,,5
1621,carbamazepine,ESI+,DTXCID80225936,FALSE,178,0.09,0.65,,1.00,40,63,,10
1621,carbamazepine,ESI+,DTXCID80263636,FALSE,178,0.04,0.93,,1.00,88,9,,10
1621,carbamazepine,ESI+,DTXCID80264148,FALSE,178,0.04,0.94,,3.00,88,8,,2
1621,carbamazepine,ESI+,DTXCID80293039,FALSE,178,0.11,0.47,,1.00,28,137,,10
1621,carbamazepine,ESI+,DTXCID80294420,FALSE,178,0.15,0.31,,1.00,16,164,,10
1621,carbamazepine,ESI+,DTXCID80297294,FALSE,178,0.11,0.67,,1.00,29,56,,10
1621,carbamazepine,ESI+,DTXCID80306496,FALSE,178,0.04,0.54,,1.50,78,109,,9
1621,carbamazepine,ESI+,DTXCID80311323,FALSE,178,0.06,0.63,,1.00,65,67,,10
1621,carbamazepine,ESI+,DTXCID80341140,FALSE,178,0.12,0.47,,1.50,24,135,,9
1621,carbamazepine,ESI+,DTXCID80459577,FALSE,178,0.04,0.93,,1.50,83,10,,9
1621,carbamazepine,ESI+,DTXCID80470040,FALSE,178,0.03,1.03,,1.00,98,1,,10
1621,carbamazepine,ESI+,DTXCID80525887,FALSE,178,0.04,0.76,,1.00,87,30,,10
1621,carbamazepine,ESI+,DTXCID80693616,FALSE,178,0.04,0.50,,0.00,88,125,,11
1621,carbamazepine,ESI+,DTXCID80924432,FALSE,178,0.06,0.97,,1.00,73,5,,10
1621,carbamazepine,ESI+,DTXCID901163646,FALSE,178,0.15,0.65,,1.00,14,62,,10
1621,carbamazepine,ESI+,DTXCID901189189,FALSE,178,0.11,0.53,,1.00,32,113,,10
1621,carbamazepine,ESI+,DTXCID90126344,FALSE,178,0.04,0.31,,1.00,88,165,,10
1621,carbamazepine,ESI+,DTXCID901331433,FALSE,178,0.06,0.46,,2.50,58,141,,3
1621,carbamazepine,ESI+,DTXCID901383703,FALSE,178,0.15,0.54,,3.00,17,107,,2
1621,carbamazepine,ESI+,DTXCID90161058,FALSE,178,0.07,0.63,,1.00,55,69,,10
1621,carbamazepine,ESI+,DTXCID90244719,FALSE,178,0.12,0.45,,1.00,25,144,,10
1621,carbamazepine,ESI+,DTXCID90253801,FALSE,178,0.06,0.45,,1.00,67,147,,10
1621,carbamazepine,ESI+,DTXCID90266436,FALSE,178,0.07,0.60,,1.00,53,84,,10
1621,carbamazepine,ESI+,DTXCID902731,TRUE,178,7.00,1.02,,5.51,1,2,,1
1621,carbamazepine,ESI+,DTXCID90293040,FALSE,178,0.09,0.46,,1.50,39,140,,9
1621,carbamazepine,ESI+,DTXCID90303658,FALSE,178,0.06,0.29,,1.00,59,166,,10
1621,carbamazepine,ESI+,DTXCID90326009,FALSE,178,0.06,0.54,,1.00,72,108,,10
1621,carbamazepine,ESI+,DTXCID9033973,FALSE,178,0.15,0.83,,1.50,18,21,,9
1621,carbamazepine,ESI+,DTXCID90345674,FALSE,178,0.04,,,2.00,88,,,6
1621,carbamazepine,ESI+,DTXCID90483500,FALSE,178,0.03,0.48,,2.50,108,134,,3
1621,carbamazepine,ESI+,DTXCID90521734,FALSE,178,0.03,0.43,,1.00,107,151,,10
1621,carbamazepine,ESI+,DTXCID90571153,FALSE,178,0.03,0.57,,2.00,107,96,,6
1621,carbamazepine,ESI+,DTXCID90669706,FALSE,178,0.04,0.71,,1.50,88,47,,9
1621,carbamazepine,ESI+,DTXCID90692135,FALSE,178,0.01,0.49,,0.00,113,130,,11
1621,carbamazepine,ESI+,DTXCID90769937,FALSE,178,0.03,0.53,,1.00,108,110,,10
1621,carbamazepine,ESI+,DTXCID90796501,FALSE,178,0.04,0.72,,1.00,88,39,,10
1621,carbamazepine,ESI+,DTXCID90979918,FALSE,178,0.01,0.44,,2.50,116,148,,3
1687,albuterol,ESI+,DTXCID001255,TRUE,82,7.00,0.66,0.84,3.75,1,3,1,1
1687,albuterol,ESI+,DTXCID001445657,FALSE,82,0.01,0.43,0.41,0.00,36,53,38,9
1687,albuterol,ESI+,DTXCID00503809,FALSE,82,0.01,0.37,0.31,1.00,44,60,48,8
1687,albuterol,ESI+,DTXCID00571326,FALSE,82,0.05,0.36,0.40,2.00,14,64,39,5
1687,albuterol,ESI+,DTXCID00841334,FALSE,82,0.01,0.41,0.45,2.00,44,55,31,5
1687,albuterol,ESI+,DTXCID101066335,FALSE,82,0.01,0.45,0.58,1.00,36,42,21,8
1687,albuterol,ESI+,DTXCID10114945,FALSE,82,0.09,0.23,0.12,1.00,5,78,78,8
1687,albuterol,ESI+,DTXCID101393336,FALSE,82,0.01,0.51,0.47,1.00,36,26,30,8
1687,albuterol,ESI+,DTXCID101458231,FALSE,82,0.01,0.48,0.20,0.00,36,34,61,9
1687,albuterol,ESI+,DTXCID10799392,FALSE,82,0.01,0.44,0.20,1.50,44,47,62,7
1687,albuterol,ESI+,DTXCID10826591,FALSE,82,0.01,0.53,0.48,2.50,42,22,28,3
1687,albuterol,ESI+,DTXCID10839025,FALSE,82,0.05,0.48,,2.00,15,36,,5
1687,albuterol,ESI+,DTXCID10853428,FALSE,82,0.01,0.45,,0.00,44,45,,9
1687,albuterol,ESI+,DTXCID10966062,FALSE,82,0.09,0.35,0.16,1.00,6,68,70,8
1687,albuterol,ESI+,DTXCID10997831,FALSE,82,0.01,0.56,0.31,2.00,44,16,49,5
1687,albuterol,ESI+,DTXCID201366461,FALSE,82,0.05,0.48,0.19,1.00,13,35,65,8
1687,albuterol,ESI+,DTXCID201442328,FALSE,82,0.01,0.35,0.72,0.00,36,67,6,9
1687,albuterol,ESI+,DTXCID20262527,FALSE,82,0.02,0.22,0.48,1.50,27,80,29,7
1687,albuterol,ESI+,DTXCID20305569,FALSE,82,0.02,0.33,0.15,1.00,26,73,72,8
1687,albuterol,ESI+,DTXCID20409218,FALSE,82,0.03,0.59,0.29,1.50,22,9,53,7
1687,albuterol,ESI+,DTXCID20757923,FALSE,82,0.01,0.47,0.43,1.50,36,38,35,7
1687,albuterol,ESI+,DTXCID20812203,FALSE,82,0.32,0.40,0.28,1.67,3,56,54,6
1687,albuterol,ESI+,DTXCID20898108,FALSE,82,0.01,0.33,0.24,1.00,36,72,57,8
1687,albuterol,ESI+,DTXCID301324333,FALSE,82,0.04,0.53,0.15,2.00,16,21,71,5
1687,albuterol,ESI+,DTXCID301339934,FALSE,82,0.02,0.64,0.59,3.00,25,5,17,2
1687,albuterol,ESI+,DTXCID301408149,FALSE,82,0.02,0.58,0.55,3.00,27,10,25,2
1687,albuterol,ESI+,DTXCID30197790,FALSE,82,0.04,0.51,,3.00,19,25,,2
1687,albuterol,ESI+,DTXCID30239846,FALSE,82,0.02,0.48,0.45,1.00,27,33,32,8
1687,albuterol,ESI+,DTXCID30839764,FALSE,82,0.04,0.57,0.65,1.00,17,12,13,8
1687,albuterol,ESI+,DTXCID30968149,FALSE,82,0.01,0.49,0.30,3.00,30,31,51,2
1687,albuterol,ESI+,DTXCID401424097,FALSE,82,0.02,0.43,0.71,1.00,27,52,7,8
1687,albuterol,ESI+,DTXCID401458230,FALSE,82,0.01,0.07,0.20,0.00,36,82,63,9
1687,albuterol,ESI+,DTXCID401462340,FALSE,82,0.01,0.48,0.71,0.00,44,32,8,9
1687,albuterol,ESI+,DTXCID40580932,FALSE,82,0.01,0.63,0.81,1.67,32,7,2,6
1687,albuterol,ESI+,DTXCID40647453,FALSE,82,0.01,0.53,0.57,0.00,44,23,23,9
1687,albuterol,ESI+,DTXCID40791480,FALSE,82,0.01,0.50,0.58,3.00,36,28,19,2
1687,albuterol,ESI+,DTXCID40875259,FALSE,82,0.04,0.45,0.57,3.00,21,44,22,2
1687,albuterol,ESI+,DTXCID40898160,FALSE,82,0.01,0.45,0.25,1.00,41,41,56,8
1687,albuterol,ESI+,DTXCID40918094,FALSE,82,0.03,0.38,0.24,1.50,23,59,59,7
1687,albuterol,ESI+,DTXCID501318035,FALSE,82,0.01,0.50,0.54,1.00,44,27,26,8
1687,albuterol,ESI+,DTXCID50136181,FALSE,82,0.07,0.35,0.13,1.00,8,66,77,8
1687,albuterol,ESI+,DTXCID501465028,FALSE,82,0.01,0.30,0.60,0.00,44,75,16,9
1687,albuterol,ESI+,DTXCID50308987,FALSE,82,0.02,0.38,0.16,2.00,24,58,69,5
1687,albuterol,ESI+,DTXCID50609300,FALSE,82,0.06,0.23,0.16,0.00,10,79,67,9
1687,albuterol,ESI+,DTXCID50609305,FALSE,82,0.06,0.31,0.12,0.00,11,74,79,9
1687,albuterol,ESI+,DTXCID5065857,FALSE,82,0.02,0.57,0.41,2.25,27,13,37,4
1687,albuterol,ESI+,DTXCID50748647,FALSE,82,0.01,0.54,0.79,1.50,36,19,3,7
1687,albuterol,ESI+,DTXCID50888239,FALSE,82,0.02,0.46,0.33,1.00,28,40,44,8
1687,albuterol,ESI+,DTXCID50908603,FALSE,82,0.01,0.64,0.68,0.00,43,6,11,9
1687,albuterol,ESI+,DTXCID50959791,FALSE,82,0.01,0.54,0.67,1.50,36,20,12,7
1687,albuterol,ESI+,DTXCID601400401,FALSE,82,0.02,0.70,0.74,1.00,26,2,5,8
1687,albuterol,ESI+,DTXCID60485359,FALSE,82,0.01,0.37,0.32,1.50,34,63,47,7
1687,albuterol,ESI+,DTXCID60571923,FALSE,82,0.04,0.60,0.34,1.00,20,8,42,8
1687,albuterol,ESI+,DTXCID60583824,FALSE,82,0.01,0.44,0.42,2.00,35,46,36,5
1687,albuterol,ESI+,DTXCID60906317,FALSE,82,0.02,0.57,0.30,1.50,24,14,52,7
1687,albuterol,ESI+,DTXCID60919987,FALSE,82,0.01,0.48,0.58,2.50,44,37,18,3
1687,albuterol,ESI+,DTXCID70137579,FALSE,82,0.10,0.29,0.16,1.00,4,76,66,8
1687,albuterol,ESI+,DTXCID70280554,FALSE,82,0.06,0.27,0.19,1.00,12,77,64,8
1687,albuterol,ESI+,DTXCID70681042,FALSE,82,0.01,0.42,0.15,0.00,34,54,73,9
1687,albuterol,ESI+,DTXCID70858974,FALSE,82,0.01,0.44,0.31,1.50,33,48,50,7
1687,albuterol,ESI+,DTXCID70884591,FALSE,82,0.06,0.34,0.16,0.00,9,69,68,9
1687,albuterol,ESI+,DTXCID70996249,FALSE,82,0.01,0.45,0.32,2.00,37,43,46,5
1687,albuterol,ESI+,DTXCID801135296,FALSE,82,0.02,0.49,0.44,1.00,24,30,34,8
1687,albuterol,ESI+,DTXCID801442990,FALSE,82,0.01,0.54,0.57,0.00,44,18,24,9
1687,albuterol,ESI+,DTXCID801467461,FALSE,82,0.01,0.51,0.28,0.00,36,24,55,9
1687,albuterol,ESI+,DTXCID80248706,FALSE,82,0.02,0.43,0.61,1.00,27,51,15,8
1687,albuterol,ESI+,DTXCID8028189,FALSE,82,0.60,0.57,0.69,3.00,2,11,10,2
1687,albuterol,ESI+,DTXCID80399303,FALSE,82,0.01,0.55,0.64,1.00,29,17,14,8
1687,albuterol,ESI+,DTXCID80581468,FALSE,82,0.01,0.49,0.39,1.50,40,29,40,7
1687,albuterol,ESI+,DTXCID80658548,FALSE,82,0.01,0.75,0.70,2.00,39,1,9,5
1687,albuterol,ESI+,DTXCID80734619,FALSE,82,0.02,0.37,0.15,1.00,26,62,74,8
1687,albuterol,ESI+,DTXCID80883434,FALSE,82,0.01,0.65,0.75,0.00,43,4,4,9
1687,albuterol,ESI+,DTXCID80884042,FALSE,82,0.07,0.22,0.14,1.00,7,81,76,8
1687,albuterol,ESI+,DTXCID80884582,FALSE,82,0.04,0.37,0.15,0.00,18,61,75,9
1687,albuterol,ESI+,DTXCID80889436,FALSE,82,0.01,0.56,0.32,1.50,38,15,45,7
1687,albuterol,ESI+,DTXCID80898205,FALSE,82,0.01,0.39,0.23,1.00,44,57,60,8
1687,albuterol,ESI+,DTXCID901345731,FALSE,82,0.02,0.47,0.58,3.00,27,39,20,2
1687,albuterol,ESI+,DTXCID90239847,FALSE,82,0.02,0.34,0.33,1.50,27,70,43,7
1687,albuterol,ESI+,DTXCID90591735,FALSE,82,0.01,0.33,0.51,3.00,31,71,27,2
1687,albuterol,ESI+,DTXCID90752122,FALSE,82,0.02,0.44,0.44,1.00,27,49,33,8
1687,albuterol,ESI+,DTXCID90898135,FALSE,82,0.02,0.44,0.24,1.00,27,50,58,8
1687,albuterol,ESI+,DTXCID90921215,FALSE,82,0.01,0.36,0.36,1.00,44,65,41,8
1900,cimetidine,ESI+,DTXCID001000138,FALSE,151,0.00,0.41,,2.50,13,100,,7
1900,cimetidine,ESI+,DTXCID001048148,FALSE,151,0.00,0.50,,2.50,13,48,,7
1900,cimetidine,ESI+,DTXCID001419587,FALSE,151,0.00,0.38,,3.75,13,108,,2
1900,cimetidine,ESI+,DTXCID00245555,FALSE,151,0.00,0.52,,2.50,13,40,,7
1900,cimetidine,ESI+,DTXCID00383123,FALSE,151,0.00,0.33,,3.00,13,126,,5
1900,cimetidine,ESI+,DTXCID00387767,FALSE,151,0.00,0.36,,2.50,13,115,,7
1900,cimetidine,ESI+,DTXCID00407515,FALSE,151,0.00,0.47,,1.50,13,62,,12
1900,cimetidine,ESI+,DTXCID00455354,FALSE,151,0.00,0.49,,1.00,13,51,,14
1900,cimetidine,ESI+,DTXCID00492704,FALSE,151,0.00,0.43,,3.00,13,88,,5
1900,cimetidine,ESI+,DTXCID00506133,FALSE,151,0.00,0.60,,1.50,13,24,,12
1900,cimetidine,ESI+,DTXCID00728530,FALSE,151,0.00,0.44,,1.50,13,81,,12
1900,cimetidine,ESI+,DTXCID00813738,FALSE,151,0.00,0.43,,3.00,13,89,,5
1900,cimetidine,ESI+,DTXCID00824465,FALSE,151,0.00,0.52,,3.00,13,41,,5
1900,cimetidine,ESI+,DTXCID00924075,FALSE,151,0.00,0.46,,1.50,13,65,,12
1900,cimetidine,ESI+,DTXCID00961622,FALSE,151,0.00,0.62,,2.50,13,18,,7
1900,cimetidine,ESI+,DTXCID00977223,FALSE,151,0.00,0.49,,2.50,13,53,,7
1900,cimetidine,ESI+,DTXCID101007701,FALSE,151,0.00,0.38,,2.50,13,109,,7
1900,cimetidine,ESI+,DTXCID101042355,FALSE,151,0.00,0.43,,2.50,13,86,,7
1900,cimetidine,ESI+,DTXCID101378465,FALSE,151,0.00,0.47,,3.00,13,63,,5
1900,cimetidine,ESI+,DTXCID101451716,FALSE,151,0.00,0.45,,3.00,13,77,,5
1900,cimetidine,ESI+,DTXCID10237027,FALSE,151,0.25,0.38,,2.50,2,107,,7
1900,cimetidine,ESI+,DTXCID10338886,FALSE,151,0.00,0.57,,2.50,13,32,,7
1900,cimetidine,ESI+,DTXCID10491541,FALSE,151,0.00,0.61,,1.50,13,21,,12
1900,cimetidine,ESI+,DTXCID10521099,FALSE,151,0.04,0.42,,2.67,6,93,,6
1900,cimetidine,ESI+,DTXCID10559594,FALSE,151,0.00,0.39,,0.00,13,104,,15
1900,cimetidine,ESI+,DTXCID10596323,FALSE,151,0.03,0.43,,2.00,12,87,,11
1900,cimetidine,ESI+,DTXCID10596343,FALSE,151,0.03,0.46,,2.00,12,67,,11
1900,cimetidine,ESI+,DTXCID10596383,FALSE,151,0.03,0.42,,2.00,12,91,,11
1900,cimetidine,ESI+,DTXCID10673628,FALSE,151,0.00,0.21,,1.00,13,141,,14
1900,cimetidine,ESI+,DTXCID10699227,FALSE,151,0.00,0.36,,1.50,13,114,,12
1900,cimetidine,ESI+,DTXCID10849588,FALSE,151,0.00,0.37,,2.00,13,111,,11
1900,cimetidine,ESI+,DTXCID10860778,FALSE,151,0.00,0.60,,3.00,13,25,,5
1900,cimetidine,ESI+,DTXCID10873287,FALSE,151,0.00,0.17,,1.00,13,146,,14
1900,cimetidine,ESI+,DTXCID10946480,FALSE,151,0.00,0.41,,2.00,13,99,,11
1900,cimetidine,ESI+,DTXCID10973731,FALSE,151,0.00,0.50,,3.00,13,49,,5
1900,cimetidine,ESI+,DTXCID20116591,FALSE,151,0.00,0.33,,1.50,13,127,,12
1900,cimetidine,ESI+,DTXCID201381918,FALSE,151,0.00,0.63,,3.50,13,17,,3
1900,cimetidine,ESI+,DTXCID20226664,FALSE,151,0.04,0.16,,1.50,8,148,,12
1900,cimetidine,ESI+,DTXCID20231637,FALSE,151,0.00,0.43,,3.00,13,85,,5
1900,cimetidine,ESI+,DTXCID20231950,FALSE,151,0.00,0.16,,3.00,13,147,,5
1900,cimetidine,ESI+,DTXCID20242364,FALSE,151,0.00,0.78,,3.00,13,2,,5
1900,cimetidine,ESI+,DTXCID20284300,FALSE,151,0.00,0.61,,2.50,13,19,,7
1900,cimetidine,ESI+,DTXCID20364818,FALSE,151,0.00,0.30,,1.33,13,130,,13
1900,cimetidine,ESI+,DTXCID2036534,FALSE,151,0.14,0.56,,1.00,3,34,,14
1900,cimetidine,ESI+,DTXCID20491653,FALSE,151,0.00,0.45,,2.50,13,72,,7
1900,cimetidine,ESI+,DTXCID20596394,FALSE,151,0.04,0.37,,2.00,8,110,,11
1900,cimetidine,ESI+,DTXCID20722611,FALSE,151,0.00,0.45,,3.00,13,71,,5
1900,cimetidine,ESI+,DTXCID20760311,FALSE,151,0.00,0.40,,1.00,13,103,,14
1900,cimetidine,ESI+,DTXCID20944735,FALSE,151,0.00,0.45,,3.00,13,73,,5
1900,cimetidine,ESI+,DTXCID20944856,FALSE,151,0.00,0.54,,3.00,13,37,,5
1900,cimetidine,ESI+,DTXCID30278311,FALSE,151,0.00,0.52,,2.50,13,42,,7
1900,cimetidine,ESI+,DTXCID30338106,FALSE,151,0.00,0.48,,2.50,13,57,,7
1900,cimetidine,ESI+,DTXCID30388404,FALSE,151,0.06,0.49,,1.50,4,52,,12
1900,cimetidine,ESI+,DTXCID30429260,FALSE,151,0.00,0.33,,3.00,13,120,,5
1900,cimetidine,ESI+,DTXCID3043441,FALSE,151,0.00,0.44,,2.50,13,80,,7
1900,cimetidine,ESI+,DTXCID30529335,FALSE,151,0.00,0.46,,2.50,13,66,,7
1900,cimetidine,ESI+,DTXCID30596345,FALSE,151,0.04,0.45,,2.00,8,76,,11
1900,cimetidine,ESI+,DTXCID30646995,FALSE,151,0.00,0.60,,1.00,13,27,,14
1900,cimetidine,ESI+,DTXCID30662599,FALSE,151,0.00,0.71,,2.00,13,5,,11
1900,cimetidine,ESI+,DTXCID30781911,FALSE,151,0.00,0.55,,2.33,13,35,,9
1900,cimetidine,ESI+,DTXCID30789154,FALSE,151,0.00,0.41,,1.50,13,96,,12
1900,cimetidine,ESI+,DTXCID30794662,FALSE,151,0.00,0.34,,1.50,13,118,,12
1900,cimetidine,ESI+,DTXCID30877863,FALSE,151,0.00,0.39,,1.50,13,105,,12
1900,cimetidine,ESI+,DTXCID30881920,FALSE,151,0.00,0.51,,2.00,13,45,,11
1900,cimetidine,ESI+,DTXCID30915057,FALSE,151,0.00,0.50,,2.00,13,50,,11
1900,cimetidine,ESI+,DTXCID30946487,FALSE,151,0.00,0.54,,3.00,13,36,,5
1900,cimetidine,ESI+,DTXCID30970388,FALSE,151,0.00,0.41,,3.00,13,97,,5
1900,cimetidine,ESI+,DTXCID401007700,FALSE,151,0.00,0.23,,2.50,13,139,,7
1900,cimetidine,ESI+,DTXCID40298368,FALSE,151,0.00,0.33,,2.50,13,125,,7
1900,cimetidine,ESI+,DTXCID40329,TRUE,151,8.00,0.84,,3.28,1,1,,4
1900,cimetidine,ESI+,DTXCID40394298,FALSE,151,0.00,0.60,,1.50,13,23,,12
1900,cimetidine,ESI+,DTXCID40483853,FALSE,151,0.00,0.34,,1.00,13,119,,14
1900,cimetidine,ESI+,DTXCID40657971,FALSE,151,0.00,0.42,,2.00,13,92,,11
1900,cimetidine,ESI+,DTXCID40899935,FALSE,151,0.00,0.45,,3.00,13,75,,5
1900,cimetidine,ESI+,DTXCID40915720,FALSE,151,0.00,0.47,,3.00,13,58,,5
1900,cimetidine,ESI+,DTXCID40949429,FALSE,151,0.00,0.66,,2.50,13,10,,7
1900,cimetidine,ESI+,DTXCID50111993,FALSE,151,0.00,0.42,,2.50,13,95,,7
1900,cimetidine,ESI+,DTXCID501394500,FALSE,151,0.00,0.33,,3.00,13,123,,5
1900,cimetidine,ESI+,DTXCID50145910,FALSE,151,0.00,0.64,,3.00,13,15,,5
1900,cimetidine,ESI+,DTXCID50216533,FALSE,151,0.00,0.41,,4.50,13,101,,1
1900,cimetidine,ESI+,DTXCID50249528,FALSE,151,0.00,0.24,,3.00,13,138,,5
1900,cimetidine,ESI+,DTXCID50268693,FALSE,151,0.04,0.41,,2.00,8,98,,11
1900,cimetidine,ESI+,DTXCID50275887,FALSE,151,0.00,0.21,,1.50,13,142,,12
1900,cimetidine,ESI+,DTXCID50485227,FALSE,151,0.00,0.49,,3.00,13,55,,5
1900,cimetidine,ESI+,DTXCID50503031,FALSE,151,0.00,0.26,,1.50,13,135,,12
1900,cimetidine,ESI+,DTXCID50514086,FALSE,151,0.00,0.42,,1.50,13,90,,12
1900,cimetidine,ESI+,DTXCID50558748,FALSE,151,0.00,0.47,,2.50,13,61,,7
1900,cimetidine,ESI+,DTXCID50574286,FALSE,151,0.00,0.47,,3.00,13,59,,5
1900,cimetidine,ESI+,DTXCID50596761,FALSE,151,0.03,0.33,,2.00,12,122,,11
1900,cimetidine,ESI+,DTXCID50673627,FALSE,151,0.00,0.24,,2.00,13,137,,11
1900,cimetidine,ESI+,DTXCID50699382,FALSE,151,0.00,0.13,,3.00,13,151,,5
1900,cimetidine,ESI+,DTXCID50789156,FALSE,151,0.00,0.44,,1.50,13,82,,12
1900,cimetidine,ESI+,DTXCID50807763,FALSE,151,0.00,0.59,,1.50,13,28,,12
1900,cimetidine,ESI+,DTXCID50851089,FALSE,151,0.00,0.56,,2.50,13,33,,7
1900,cimetidine,ESI+,DTXCID50855724,FALSE,151,0.00,0.59,,3.00,13,29,,5
1900,cimetidine,ESI+,DTXCID5086184,FALSE,151,0.00,0.47,,2.67,13,60,,6
1900,cimetidine,ESI+,DTXCID50888552,FALSE,151,0.00,0.44,,2.00,13,83,,11
1900,cimetidine,ESI+,DTXCID601010818,FALSE,151,0.00,0.61,,2.50,13,20,,7
1900,cimetidine,ESI+,DTXCID60226663,FALSE,151,0.04,0.50,,1.50,7,47,,12
1900,cimetidine,ESI+,DTXCID60321208,FALSE,151,0.00,0.40,,1.50,13,102,,12
1900,cimetidine,ESI+,DTXCID60488906,FALSE,151,0.00,0.48,,2.50,13,56,,7
1900,cimetidine,ESI+,DTXCID60596095,FALSE,151,0.04,0.39,,2.50,8,106,,7
1900,cimetidine,ESI+,DTXCID6068723,FALSE,151,0.03,0.67,,1.00,11,8,,14
1900,cimetidine,ESI+,DTXCID60760310,FALSE,151,0.00,0.45,,1.00,13,78,,14
1900,cimetidine,ESI+,DTXCID60812626,FALSE,151,0.00,0.51,,3.00,13,44,,5
1900,cimetidine,ESI+,DTXCID60953402,FALSE,151,0.00,0.33,,1.50,13,124,,12
1900,cimetidine,ESI+,DTXCID701000339,FALSE,151,0.00,0.65,,2.50,13,12,,7
1900,cimetidine,ESI+,DTXCID701000553,FALSE,151,0.00,0.64,,2.50,13,14,,7
1900,cimetidine,ESI+,DTXCID70142108,FALSE,151,0.00,0.30,,2.50,13,132,,7
1900,cimetidine,ESI+,DTXCID7031870,FALSE,151,0.00,0.68,,1.50,13,7,,12
1900,cimetidine,ESI+,DTXCID70382446,FALSE,151,0.00,0.30,,2.00,13,134,,11
1900,cimetidine,ESI+,DTXCID70391957,FALSE,151,0.00,0.30,,2.50,13,131,,7
1900,cimetidine,ESI+,DTXCID70583739,FALSE,151,0.00,0.61,,3.00,13,22,,5
1900,cimetidine,ESI+,DTXCID70623846,FALSE,151,0.00,0.46,,2.50,13,68,,7
1900,cimetidine,ESI+,DTXCID70673629,FALSE,151,0.00,0.15,,1.00,13,150,,14
1900,cimetidine,ESI+,DTXCID70722161,FALSE,151,0.00,0.46,,2.50,13,64,,7
1900,cimetidine,ESI+,DTXCID7072961,FALSE,151,0.00,0.67,,2.50,13,9,,7
1900,cimetidine,ESI+,DTXCID70769798,FALSE,151,0.00,0.58,,2.50,13,30,,7
1900,cimetidine,ESI+,DTXCID70849529,FALSE,151,0.00,0.49,,2.50,13,54,,7
1900,cimetidine,ESI+,DTXCID801048823,FALSE,151,0.00,0.45,,3.00,13,70,,5
1900,cimetidine,ESI+,DTXCID801426819,FALSE,151,0.05,0.52,,2.25,5,39,,10
1900,cimetidine,ESI+,DTXCID80226640,FALSE,151,0.03,0.20,,1.50,12,144,,12
1900,cimetidine,ESI+,DTXCID80249192,FALSE,151,0.00,0.21,,3.00,13,143,,5
1900,cimetidine,ESI+,DTXCID80275916,FALSE,151,0.00,0.25,,1.50,13,136,,12
1900,cimetidine,ESI+,DTXCID80310013,FALSE,151,0.00,0.45,,1.50,13,74,,12
1900,cimetidine,ESI+,DTXCID80441876,FALSE,151,0.00,0.32,,1.50,13,128,,12
1900,cimetidine,ESI+,DTXCID80543329,FALSE,151,0.03,0.42,,2.00,9,94,,11
1900,cimetidine,ESI+,DTXCID80596052,FALSE,151,0.04,0.32,,2.00,8,129,,11
1900,cimetidine,ESI+,DTXCID80656362,FALSE,151,0.00,0.65,,2.00,13,13,,11
1900,cimetidine,ESI+,DTXCID80783980,FALSE,151,0.00,0.60,,1.50,13,26,,12
1900,cimetidine,ESI+,DTXCID80879817,FALSE,151,0.00,0.23,,1.50,13,140,,12
1900,cimetidine,ESI+,DTXCID80953282,FALSE,151,0.00,0.15,,3.00,13,149,,5
1900,cimetidine,ESI+,DTXCID80958414,FALSE,151,0.00,0.45,,3.00,13,79,,5
1900,cimetidine,ESI+,DTXCID80965027,FALSE,151,0.00,0.51,,2.50,13,43,,7
1900,cimetidine,ESI+,DTXCID901000480,FALSE,151,0.00,0.58,,2.50,13,31,,7
1900,cimetidine,ESI+,DTXCID90231684,FALSE,151,0.00,0.36,,3.00,13,113,,5
1900,cimetidine,ESI+,DTXCID9027605,FALSE,151,0.00,0.46,,2.44,13,69,,8
1900,cimetidine,ESI+,DTXCID90309872,FALSE,151,0.00,0.36,,1.50,13,117,,12
1900,cimetidine,ESI+,DTXCID90394627,FALSE,151,0.00,0.36,,2.50,13,112,,7
1900,cimetidine,ESI+,DTXCID90419384,FALSE,151,0.00,0.70,,3.00,13,6,,5
1900,cimetidine,ESI+,DTXCID90575797,FALSE,151,0.03,0.33,,2.00,10,121,,11
1900,cimetidine,ESI+,DTXCID90698753,FALSE,151,0.00,0.18,,3.00,13,145,,5
1900,cimetidine,ESI+,DTXCID90723872,FALSE,151,0.00,0.50,,1.50,13,46,,12
1900,cimetidine,ESI+,DTXCID90747836,FALSE,151,0.00,0.72,,1.50,13,4,,12
1900,cimetidine,ESI+,DTXCID90781912,FALSE,151,0.00,0.72,,1.50,13,3,,12
1900,cimetidine,ESI+,DTXCID90789155,FALSE,151,0.00,0.44,,1.50,13,84,,12
1900,cimetidine,ESI+,DTXCID90805283,FALSE,151,0.00,0.36,,3.00,13,116,,5
1900,cimetidine,ESI+,DTXCID90849586,FALSE,151,0.00,0.30,,1.50,13,133,,12
1900,cimetidine,ESI+,DTXCID90855541,FALSE,151,0.00,0.63,,2.50,13,16,,7
1900,cimetidine,ESI+,DTXCID90971194,FALSE,151,0.00,0.54,,3.00,13,38,,5
1900,cimetidine,ESI+,DTXCID90979074,FALSE,151,0.00,0.66,,2.50,13,11,,7
1916,sulfamethoxazole,ESI+,DTXCID006064,TRUE,27,8.00,0.74,,4.00,1,1,,1
1916,sulfamethoxazole,ESI+,DTXCID101078744,FALSE,27,0.15,0.64,,1.00,7,9,,8
1916,sulfamethoxazole,ESI+,DTXCID101382313,FALSE,27,0.05,0.33,,1.00,14,25,,8
1916,sulfamethoxazole,ESI+,DTXCID301078083,FALSE,27,0.01,0.67,,1.50,20,5,,6
1916,sulfamethoxazole,ESI+,DTXCID3045489,FALSE,27,0.17,0.55,,1.94,4,12,,4
1916,sulfamethoxazole,ESI+,DTXCID30559511,FALSE,27,0.04,0.45,,1.00,15,16,,8
1916,sulfamethoxazole,ESI+,DTXCID30690312,FALSE,27,0.02,0.56,,0.00,17,10,,9
1916,sulfamethoxazole,ESI+,DTXCID401040360,FALSE,27,0.01,0.66,,1.00,20,6,,8
1916,sulfamethoxazole,ESI+,DTXCID40309605,FALSE,27,0.05,0.66,,2.00,12,8,,3
1916,sulfamethoxazole,ESI+,DTXCID40623752,FALSE,27,0.05,0.66,,1.67,13,7,,5
1916,sulfamethoxazole,ESI+,DTXCID4080208,FALSE,27,0.15,0.74,,1.33,6,2,,7
1916,sulfamethoxazole,ESI+,DTXCID40863555,FALSE,27,0.01,0.72,,1.50,18,4,,6
1916,sulfamethoxazole,ESI+,DTXCID50144903,FALSE,27,0.08,0.37,,1.00,9,22,,8
1916,sulfamethoxazole,ESI+,DTXCID50201484,FALSE,27,0.04,0.44,,2.25,16,17,,2
1916,sulfamethoxazole,ESI+,DTXCID601480859,FALSE,27,0.01,,,0.00,20,,,9
1916,sulfamethoxazole,ESI+,DTXCID601484675,FALSE,27,0.04,,,1.50,16,,,6
1916,sulfamethoxazole,ESI+,DTXCID60315309,FALSE,27,0.28,0.38,,2.00,2,21,,3
1916,sulfamethoxazole,ESI+,DTXCID60942295,FALSE,27,0.01,0.39,,1.50,19,20,,6
1916,sulfamethoxazole,ESI+,DTXCID701076089,FALSE,27,0.06,0.43,,2.00,11,18,,3
1916,sulfamethoxazole,ESI+,DTXCID7093371,FALSE,27,0.20,0.52,,2.00,3,13,,3
1916,sulfamethoxazole,ESI+,DTXCID801012210,FALSE,27,0.01,0.46,,0.00,20,15,,9
1916,sulfamethoxazole,ESI+,DTXCID801425792,FALSE,27,0.07,0.37,,0.00,10,23,,9
1916,sulfamethoxazole,ESI+,DTXCID801468352,FALSE,27,0.04,0.52,,1.00,16,14,,8
1916,sulfamethoxazole,ESI+,DTXCID80409239,FALSE,27,0.01,0.37,,1.00,20,24,,8
1916,sulfamethoxazole,ESI+,DTXCID8048652,FALSE,27,0.17,0.72,,1.33,5,3,,7
1916,sulfamethoxazole,ESI+,DTXCID90296278,FALSE,27,0.10,0.40,,1.00,8,19,,8
1916,sulfamethoxazole,ESI+,DTXCID90690318,FALSE,27,0.02,0.55,,0.00,17,11,,9
1918,triamterene,ESI+,DTXCID00126956,FALSE,42,0.11,1.54,,0.00,4,1,,9
1918,triamterene,ESI+,DTXCID001373,TRUE,42,8.00,1.49,,5.11,1,2,,1
1918,triamterene,ESI+,DTXCID00436143,FALSE,42,0.02,0.73,,1.00,11,17,,8
1918,triamterene,ESI+,DTXCID00865358,FALSE,42,0.00,0.54,,0.00,14,26,,9
1918,triamterene,ESI+,DTXCID00949763,FALSE,42,0.02,0.40,,0.00,10,32,,9
1918,triamterene,ESI+,DTXCID101032904,FALSE,42,0.00,0.67,,1.00,14,22,,8
1918,triamterene,ESI+,DTXCID10110169,FALSE,42,0.06,0.36,,0.00,7,37,,9
1918,triamterene,ESI+,DTXCID101472609,FALSE,42,0.08,1.40,,0.00,5,3,,9
1918,triamterene,ESI+,DTXCID10224038,FALSE,42,0.00,0.47,,1.00,14,30,,8
1918,triamterene,ESI+,DTXCID10569476,FALSE,42,0.00,0.38,,1.00,14,35,,8
1918,triamterene,ESI+,DTXCID10806979,FALSE,42,0.00,0.07,,1.00,14,42,,8
1918,triamterene,ESI+,DTXCID10952521,FALSE,42,0.03,0.59,,2.00,9,25,,6
1918,triamterene,ESI+,DTXCID20300913,FALSE,42,0.00,0.90,,1.00,14,9,,8
1918,triamterene,ESI+,DTXCID20600268,FALSE,42,0.00,0.29,,2.00,14,40,,6
1918,triamterene,ESI+,DTXCID20651513,FALSE,42,0.00,0.82,,0.00,14,13,,9
1918,triamterene,ESI+,DTXCID2072091,FALSE,42,0.06,0.78,,1.00,7,16,,8
1918,triamterene,ESI+,DTXCID20989883,FALSE,42,0.00,0.48,,0.00,14,29,,9
1918,triamterene,ESI+,DTXCID301078683,FALSE,42,0.02,0.70,,1.00,13,19,,8
1918,triamterene,ESI+,DTXCID3025708,FALSE,42,0.14,0.81,,2.64,3,14,,4
1918,triamterene,ESI+,DTXCID30271988,FALSE,42,0.00,0.98,,1.00,14,6,,8
1918,triamterene,ESI+,DTXCID30350121,FALSE,42,0.03,1.10,,1.00,9,5,,8
1918,triamterene,ESI+,DTXCID30382447,FALSE,42,0.08,0.32,,2.00,6,39,,6
1918,triamterene,ESI+,DTXCID40621258,FALSE,42,0.00,0.32,,2.50,14,38,,5
1918,triamterene,ESI+,DTXCID40984496,FALSE,42,0.00,0.84,,0.00,14,12,,9
1918,triamterene,ESI+,DTXCID50628415,FALSE,42,0.00,0.72,,1.00,14,18,,8
1918,triamterene,ESI+,DTXCID50628450,FALSE,42,0.00,0.81,,1.00,14,15,,8
1918,triamterene,ESI+,DTXCID601434056,FALSE,42,0.00,0.45,,0.00,14,31,,9
1918,triamterene,ESI+,DTXCID60199126,FALSE,42,0.00,0.69,,1.00,14,20,,8
1918,triamterene,ESI+,DTXCID60214409,FALSE,42,0.00,0.60,,1.00,14,24,,8
1918,triamterene,ESI+,DTXCID60353221,FALSE,42,0.03,1.15,,1.00,9,4,,8
1918,triamterene,ESI+,DTXCID60460181,FALSE,42,0.00,0.85,,1.00,14,11,,8
1918,triamterene,ESI+,DTXCID701452655,FALSE,42,0.00,0.39,,1.00,14,33,,8
1918,triamterene,ESI+,DTXCID801078088,FALSE,42,0.02,0.93,,1.50,13,7,,7
1918,triamterene,ESI+,DTXCID801356701,FALSE,42,0.00,0.52,,3.00,14,28,,3
1918,triamterene,ESI+,DTXCID80223270,FALSE,42,0.00,0.28,,1.00,14,41,,8
1918,triamterene,ESI+,DTXCID80441972,FALSE,42,0.00,0.68,,1.00,14,21,,8
1918,triamterene,ESI+,DTXCID8075625,FALSE,42,0.06,0.92,,1.50,7,8,,7
1918,triamterene,ESI+,DTXCID8083432,FALSE,42,0.00,0.86,,1.00,14,10,,8
1918,triamterene,ESI+,DTXCID90159738,FALSE,42,0.05,0.38,,2.00,8,36,,6
1918,triamterene,ESI+,DTXCID902794,FALSE,42,0.70,0.63,,4.06,2,23,,2
1918,triamterene,ESI+,DTXCID90807621,FALSE,42,0.00,0.38,,1.00,14,34,,8
1918,triamterene,ESI+,DTXCID90942187,FALSE,42,0.02,0.53,,1.50,12,27,,7
2035,propanolol,ESI+,DTXCID001270383,FALSE,102,0.01,0.59,,1.50,46,75,,11
2035,propanolol,ESI+,DTXCID00139400,FALSE,102,0.03,0.64,,2.50,13,60,,5
2035,propanolol,ESI+,DTXCID001418684,FALSE,102,0.01,0.76,,2.50,42,23,,5
2035,propanolol,ESI+,DTXCID001449504,FALSE,102,0.01,0.75,,0.00,42,26,,13
2035,propanolol,ESI+,DTXCID001453569,FALSE,102,0.01,0.60,,0.00,42,71,,13
2035,propanolol,ESI+,DTXCID00163583,FALSE,102,0.04,0.57,,2.25,10,79,,7
2035,propanolol,ESI+,DTXCID00214342,FALSE,102,0.02,0.69,,3.00,31,46,,4
2035,propanolol,ESI+,DTXCID00361764,FALSE,102,0.01,0.54,,2.00,42,85,,8
2035,propanolol,ESI+,DTXCID00555747,FALSE,102,0.01,0.74,,3.00,37,29,,4
2035,propanolol,ESI+,DTXCID00594318,FALSE,102,0.01,0.63,,2.00,42,63,,8
2035,propanolol,ESI+,DTXCID00630523,FALSE,102,0.01,0.54,,3.00,42,84,,4
2035,propanolol,ESI+,DTXCID00823110,FALSE,102,0.01,0.80,,1.00,46,12,,12
2035,propanolol,ESI+,DTXCID00964491,FALSE,102,0.13,0.66,,3.00,5,53,,4
2035,propanolol,ESI+,DTXCID00975749,FALSE,102,0.01,0.49,,1.50,45,94,,11
2035,propanolol,ESI+,DTXCID101066985,FALSE,102,0.01,0.83,,1.50,39,7,,11
2035,propanolol,ESI+,DTXCID101073075,FALSE,102,0.01,0.67,,2.00,42,50,,8
2035,propanolol,ESI+,DTXCID101417596,FALSE,102,0.02,0.65,,1.00,26,55,,12
2035,propanolol,ESI+,DTXCID101441610,FALSE,102,0.01,0.72,,0.00,46,32,,13
2035,propanolol,ESI+,DTXCID101445674,FALSE,102,0.01,0.79,,0.00,35,16,,13
2035,propanolol,ESI+,DTXCID101464078,FALSE,102,0.01,0.63,,0.00,42,64,,13
2035,propanolol,ESI+,DTXCID10148285,FALSE,102,0.02,0.50,,1.50,22,92,,11
2035,propanolol,ESI+,DTXCID10245561,FALSE,102,0.03,0.63,,1.00,19,62,,12
2035,propanolol,ESI+,DTXCID10846714,FALSE,102,0.01,0.51,,1.50,46,89,,11
2035,propanolol,ESI+,DTXCID10864615,FALSE,102,0.13,0.61,,1.00,4,69,,12
2035,propanolol,ESI+,DTXCID10933411,FALSE,102,0.01,0.51,,2.50,46,90,,5
2035,propanolol,ESI+,DTXCID10966683,FALSE,102,0.01,0.44,,1.50,34,97,,11
2035,propanolol,ESI+,DTXCID201078066,FALSE,102,0.01,0.62,,1.50,46,67,,11
2035,propanolol,ESI+,DTXCID201341671,FALSE,102,0.01,0.77,,3.00,42,17,,4
2035,propanolol,ESI+,DTXCID201343065,FALSE,102,0.03,0.60,,2.33,20,70,,6
2035,propanolol,ESI+,DTXCID201383633,FALSE,102,0.20,0.70,,3.00,3,41,,4
2035,propanolol,ESI+,DTXCID201461689,FALSE,102,0.01,0.67,,0.00,42,51,,13
2035,propanolol,ESI+,DTXCID20202882,FALSE,102,0.30,0.90,,6.00,2,2,,2
2035,propanolol,ESI+,DTXCID20395627,FALSE,102,0.01,0.38,,1.50,33,100,,11
2035,propanolol,ESI+,DTXCID20800665,FALSE,102,0.01,0.73,,1.50,32,30,,11
2035,propanolol,ESI+,DTXCID20890122,FALSE,102,0.01,,,0.00,46,,,13
2035,propanolol,ESI+,DTXCID301268385,FALSE,102,0.01,0.63,,1.50,46,65,,11
2035,propanolol,ESI+,DTXCID301379726,FALSE,102,0.01,0.50,,4.50,38,91,,3
2035,propanolol,ESI+,DTXCID30199532,FALSE,102,0.01,0.74,,0.00,40,28,,13
2035,propanolol,ESI+,DTXCID30523595,FALSE,102,0.02,0.38,,2.50,27,99,,5
2035,propanolol,ESI+,DTXCID30689024,FALSE,102,0.01,0.51,,2.00,36,88,,8
2035,propanolol,ESI+,DTXCID30781017,FALSE,102,0.01,0.77,,1.50,42,18,,11
2035,propanolol,ESI+,DTXCID30869203,FALSE,102,0.01,0.68,,3.00,46,48,,4
2035,propanolol,ESI+,DTXCID30875086,FALSE,102,0.01,0.67,,1.00,42,49,,12
2035,propanolol,ESI+,DTXCID30876694,FALSE,102,0.07,0.40,,1.00,7,98,,12
2035,propanolol,ESI+,DTXCID30935154,FALSE,102,0.01,0.85,,1.00,42,3,,12
2035,propanolol,ESI+,DTXCID401044998,FALSE,102,0.01,0.56,,1.00,46,82,,12
2035,propanolol,ESI+,DTXCID401281360,FALSE,102,0.03,0.77,,1.00,15,19,,12
2035,propanolol,ESI+,DTXCID40166533,FALSE,102,0.04,0.83,,2.00,11,6,,8
2035,propanolol,ESI+,DTXCID4025951,FALSE,102,0.03,0.70,,0.00,16,40,,13
2035,propanolol,ESI+,DTXCID40521941,FALSE,102,0.02,0.59,,1.00,25,74,,12
2035,propanolol,ESI+,DTXCID40593865,FALSE,102,0.01,0.64,,2.00,42,58,,8
2035,propanolol,ESI+,DTXCID40759560,FALSE,102,0.01,0.69,,1.50,42,44,,11
2035,propanolol,ESI+,DTXCID40922196,FALSE,102,0.01,0.71,,2.00,46,39,,8
2035,propanolol,ESI+,DTXCID40948270,FALSE,102,0.01,0.76,,1.50,42,24,,11
2035,propanolol,ESI+,DTXCID40975748,FALSE,102,0.01,0.56,,1.50,44,83,,11
2035,propanolol,ESI+,DTXCID501011201,FALSE,102,0.01,0.79,,2.50,46,13,,5
2035,propanolol,ESI+,DTXCID50136000,FALSE,102,0.02,0.72,,1.78,23,34,,9
2035,propanolol,ESI+,DTXCID501455439,FALSE,102,0.05,0.59,,3.00,8,73,,4
2035,propanolol,ESI+,DTXCID50199615,FALSE,102,0.01,0.77,,0.00,42,21,,13
2035,propanolol,ESI+,DTXCID50212994,FALSE,102,0.02,0.71,,1.50,31,36,,11
2035,propanolol,ESI+,DTXCID50227487,FALSE,102,0.02,0.54,,3.00,31,86,,4
2035,propanolol,ESI+,DTXCID50275423,FALSE,102,0.04,0.77,,1.50,9,20,,11
2035,propanolol,ESI+,DTXCID50712040,FALSE,102,0.01,0.65,,1.50,46,54,,11
2035,propanolol,ESI+,DTXCID50838592,FALSE,102,0.03,0.73,,1.00,18,31,,12
2035,propanolol,ESI+,DTXCID50846718,FALSE,102,0.01,0.58,,1.00,32,77,,12
2035,propanolol,ESI+,DTXCID50878094,FALSE,102,0.04,0.81,,1.50,12,11,,11
2035,propanolol,ESI+,DTXCID50915110,FALSE,102,0.01,0.61,,1.00,46,68,,12
2035,propanolol,ESI+,DTXCID601322405,FALSE,102,0.01,0.76,,1.00,42,22,,12
2035,propanolol,ESI+,DTXCID601438458,FALSE,102,0.01,0.52,,0.00,41,87,,13
2035,propanolol,ESI+,DTXCID60198497,FALSE,102,0.01,0.64,,0.00,42,59,,13
2035,propanolol,ESI+,DTXCID60772913,FALSE,102,0.01,0.72,,1.50,46,33,,11
2035,propanolol,ESI+,DTXCID60798678,FALSE,102,0.01,0.71,,1.50,46,38,,11
2035,propanolol,ESI+,DTXCID60864645,FALSE,102,0.01,0.79,,2.50,38,15,,5
2035,propanolol,ESI+,DTXCID60935223,FALSE,102,0.01,0.50,,1.50,46,93,,11
2035,propanolol,ESI+,DTXCID701237031,FALSE,102,0.02,0.79,,1.50,31,14,,11
2035,propanolol,ESI+,DTXCID70148266,FALSE,102,0.11,0.60,,1.67,6,72,,10
2035,propanolol,ESI+,DTXCID70204912,FALSE,102,0.01,0.56,,1.00,42,81,,12
2035,propanolol,ESI+,DTXCID70208091,FALSE,102,0.01,0.63,,1.00,42,66,,12
2035,propanolol,ESI+,DTXCID70214339,FALSE,102,0.03,0.69,,3.00,15,43,,4
2035,propanolol,ESI+,DTXCID70269480,FALSE,102,0.02,0.81,,1.50,31,10,,11
2035,propanolol,ESI+,DTXCID70528266,FALSE,102,0.02,0.30,,1.50,30,101,,11
2035,propanolol,ESI+,DTXCID70593414,FALSE,102,0.01,0.63,,2.50,42,61,,5
2035,propanolol,ESI+,DTXCID70738626,FALSE,102,0.01,0.70,,1.00,42,42,,12
2035,propanolol,ESI+,DTXCID70907097,FALSE,102,0.01,0.58,,3.00,46,78,,4
2035,propanolol,ESI+,DTXCID70972821,FALSE,102,0.01,0.65,,2.00,42,56,,8
2035,propanolol,ESI+,DTXCID801441609,FALSE,102,0.01,0.84,,0.00,46,4,,13
2035,propanolol,ESI+,DTXCID801450569,FALSE,102,0.01,0.91,,0.00,46,1,,13
2035,propanolol,ESI+,DTXCID801464548,FALSE,102,0.01,0.74,,2.50,42,27,,5
2035,propanolol,ESI+,DTXCID80389805,FALSE,102,0.02,0.64,,1.00,28,57,,12
2035,propanolol,ESI+,DTXCID80722516,FALSE,102,0.01,0.82,,1.50,42,9,,11
2035,propanolol,ESI+,DTXCID80770855,FALSE,102,0.01,0.57,,1.50,46,80,,11
2035,propanolol,ESI+,DTXCID80782731,FALSE,102,0.01,0.83,,3.00,42,5,,4
2035,propanolol,ESI+,DTXCID80869056,FALSE,102,0.01,0.71,,2.33,43,37,,6
2035,propanolol,ESI+,DTXCID80897854,FALSE,102,0.03,0.49,,3.00,21,95,,4
2035,propanolol,ESI+,DTXCID80975747,FALSE,102,0.01,0.58,,1.50,46,76,,11
2035,propanolol,ESI+,DTXCID80993704,FALSE,102,0.01,0.67,,1.00,46,52,,12
2035,propanolol,ESI+,DTXCID901346503,FALSE,102,0.03,0.69,,3.00,14,45,,4
2035,propanolol,ESI+,DTXCID901424630,FALSE,102,0.03,0.75,,1.00,17,25,,12
2035,propanolol,ESI+,DTXCID90335757,FALSE,102,0.02,0.44,,2.50,29,96,,5
2035,propanolol,ESI+,DTXCID903525,TRUE,102,7.00,0.83,,6.25,1,8,,1
2035,propanolol,ESI+,DTXCID90529331,FALSE,102,0.02,0.69,,3.00,24,47,,4
2035,propanolol,ESI+,DTXCID90738608,FALSE,102,0.01,0.71,,1.00,46,35,,12
2092,tramadol,ESI+,DTXCID001009647,FALSE,170,0.01,0.68,,2.00,67,91,,14
2092,tramadol,ESI+,DTXCID00109860,FALSE,170,0.04,0.66,,2.50,30,101,,11
2092,tramadol,ESI+,DTXCID00131262,FALSE,170,0.07,0.58,,2.60,14,135,,9
2092,tramadol,ESI+,DTXCID00140132,FALSE,170,0.03,0.90,,1.50,39,10,,16
2092,tramadol,ESI+,DTXCID001480275,FALSE,170,0.01,,,1.50,67,,,16
2092,tramadol,ESI+,DTXCID0021385,FALSE,170,0.02,0.94,,1.50,63,3,,16
2092,tramadol,ESI+,DTXCID00216346,FALSE,170,3.83,0.58,,3.00,2,136,,7
2092,tramadol,ESI+,DTXCID00271536,FALSE,170,0.02,0.77,,1.50,46,51,,16
2092,tramadol,ESI+,DTXCID00317786,FALSE,170,0.05,0.67,,1.50,22,96,,16
2092,tramadol,ESI+,DTXCID00408507,FALSE,170,0.02,0.67,,1.50,46,99,,16
2092,tramadol,ESI+,DTXCID00509285,FALSE,170,0.02,0.60,,1.50,51,128,,16
2092,tramadol,ESI+,DTXCID00521881,FALSE,170,0.02,0.73,,3.00,48,68,,7
2092,tramadol,ESI+,DTXCID00883996,FALSE,170,0.02,0.83,,0.00,61,23,,18
2092,tramadol,ESI+,DTXCID101004890,FALSE,170,0.02,0.70,,1.00,55,85,,17
2092,tramadol,ESI+,DTXCID101464842,FALSE,170,0.01,0.67,,0.00,67,98,,18
2092,tramadol,ESI+,DTXCID101466448,FALSE,170,0.01,0.74,,0.00,67,58,,18
2092,tramadol,ESI+,DTXCID10156087,FALSE,170,0.06,0.66,,1.50,20,102,,16
2092,tramadol,ESI+,DTXCID10343011,FALSE,170,0.04,0.63,,2.00,34,116,,14
2092,tramadol,ESI+,DTXCID10435526,FALSE,170,0.02,0.81,,1.00,63,28,,17
2092,tramadol,ESI+,DTXCID10700241,FALSE,170,0.02,0.79,,2.50,46,39,,11
2092,tramadol,ESI+,DTXCID10771537,FALSE,170,0.01,,,2.50,67,,,11
2092,tramadol,ESI+,DTXCID10782724,FALSE,170,0.02,0.50,,1.00,63,152,,17
2092,tramadol,ESI+,DTXCID10821288,FALSE,170,0.01,0.66,,1.50,64,100,,16
2092,tramadol,ESI+,DTXCID10838997,FALSE,170,0.02,0.61,,3.00,45,124,,7
2092,tramadol,ESI+,DTXCID10939211,FALSE,170,0.02,0.31,,2.50,47,161,,11
2092,tramadol,ESI+,DTXCID10939291,FALSE,170,0.62,0.56,,3.00,5,141,,7
2092,tramadol,ESI+,DTXCID201332997,FALSE,170,0.06,0.73,,0.00,17,65,,18
2092,tramadol,ESI+,DTXCID201421859,FALSE,170,0.02,0.66,,4.50,46,104,,3
2092,tramadol,ESI+,DTXCID201444986,FALSE,170,0.02,0.72,,0.00,63,75,,18
2092,tramadol,ESI+,DTXCID201450509,FALSE,170,0.01,0.86,,0.00,67,16,,18
2092,tramadol,ESI+,DTXCID201452824,FALSE,170,0.02,0.72,,0.00,63,73,,18
2092,tramadol,ESI+,DTXCID201456319,FALSE,170,0.01,0.55,,0.00,67,147,,18
2092,tramadol,ESI+,DTXCID201486762,FALSE,170,0.02,,,1.00,62,,,17
2092,tramadol,ESI+,DTXCID20273279,FALSE,170,0.03,0.46,,1.50,38,159,,16
2092,tramadol,ESI+,DTXCID20309345,FALSE,170,0.07,0.60,,1.50,15,127,,16
2092,tramadol,ESI+,DTXCID20318412,FALSE,170,0.02,0.93,,2.00,63,5,,14
2092,tramadol,ESI+,DTXCID20430769,FALSE,170,0.02,0.80,,1.50,46,32,,16
2092,tramadol,ESI+,DTXCID20651058,FALSE,170,0.02,0.49,,0.00,46,156,,18
2092,tramadol,ESI+,DTXCID20703642,FALSE,170,0.02,0.62,,1.00,63,120,,17
2092,tramadol,ESI+,DTXCID20762572,FALSE,170,0.03,0.70,,2.00,41,81,,14
2092,tramadol,ESI+,DTXCID2081828,FALSE,170,0.02,0.67,,2.50,46,97,,11
2092,tramadol,ESI+,DTXCID20838266,FALSE,170,0.04,0.56,,1.50,35,143,,16
2092,tramadol,ESI+,DTXCID20975867,FALSE,170,0.01,0.83,,1.50,67,22,,16
2092,tramadol,ESI+,DTXCID30107576,FALSE,170,0.02,0.69,,1.00,45,89,,17
2092,tramadol,ESI+,DTXCID30113117,FALSE,170,0.05,0.74,,1.50,27,61,,16
2092,tramadol,ESI+,DTXCID301418588,FALSE,170,0.02,0.74,,3.75,58,59,,4
2092,tramadol,ESI+,DTXCID301420585,FALSE,170,0.05,0.73,,3.00,26,63,,7
2092,tramadol,ESI+,DTXCID301449846,FALSE,170,0.01,0.84,,0.00,67,21,,18
2092,tramadol,ESI+,DTXCID301450776,FALSE,170,0.01,0.81,,0.00,67,26,,18
2092,tramadol,ESI+,DTXCID301470754,FALSE,170,0.02,0.71,,0.00,63,80,,18
2092,tramadol,ESI+,DTXCID30162488,FALSE,170,0.05,0.58,,2.50,29,134,,11
2092,tramadol,ESI+,DTXCID30251841,FALSE,170,0.02,0.74,,1.00,44,62,,17
2092,tramadol,ESI+,DTXCID30305893,FALSE,170,0.02,0.79,,1.00,63,36,,17
2092,tramadol,ESI+,DTXCID30391655,FALSE,170,0.04,0.80,,1.50,31,33,,16
2092,tramadol,ESI+,DTXCID30661188,FALSE,170,0.02,0.67,,1.00,56,94,,17
2092,tramadol,ESI+,DTXCID30748589,FALSE,170,0.01,,,1.50,66,,,16
2092,tramadol,ESI+,DTXCID30850353,FALSE,170,0.01,0.84,,3.00,67,20,,7
2092,tramadol,ESI+,DTXCID30881869,FALSE,170,0.02,0.63,,2.00,63,117,,14
2092,tramadol,ESI+,DTXCID30979715,FALSE,170,0.01,0.47,,2.50,67,157,,11
2092,tramadol,ESI+,DTXCID401355044,FALSE,170,0.02,0.82,,0.00,63,25,,18
2092,tramadol,ESI+,DTXCID401356292,FALSE,170,0.02,0.78,,2.00,63,40,,14
2092,tramadol,ESI+,DTXCID401374193,FALSE,170,0.03,0.67,,6.00,39,95,,2
2092,tramadol,ESI+,DTXCID401393292,FALSE,170,0.04,0.64,,2.67,32,111,,8
2092,tramadol,ESI+,DTXCID401426550,FALSE,170,0.02,0.72,,0.00,46,70,,18
2092,tramadol,ESI+,DTXCID401446495,FALSE,170,0.01,0.77,,2.00,67,46,,14
2092,tramadol,ESI+,DTXCID401485877,FALSE,170,0.01,,,1.50,67,,,16
2092,tramadol,ESI+,DTXCID40156378,FALSE,170,0.08,0.66,,3.00,13,103,,7
2092,tramadol,ESI+,DTXCID40485998,FALSE,170,0.02,0.82,,1.50,53,24,,16
2092,tramadol,ESI+,DTXCID40582714,FALSE,170,0.00,0.24,,1.50,68,162,,16
2092,tramadol,ESI+,DTXCID40602461,FALSE,170,0.02,0.78,,1.00,63,43,,17
2092,tramadol,ESI+,DTXCID40651434,FALSE,170,0.02,0.84,,1.00,63,19,,17
2092,tramadol,ESI+,DTXCID40818328,FALSE,170,0.05,0.56,,1.00,21,144,,17
2092,tramadol,ESI+,DTXCID40819532,FALSE,170,0.12,0.78,,1.00,8,45,,17
2092,tramadol,ESI+,DTXCID40825653,FALSE,170,0.02,0.76,,2.50,63,52,,11
2092,tramadol,ESI+,DTXCID40883314,FALSE,170,0.01,0.69,,1.50,67,88,,16
2092,tramadol,ESI+,DTXCID40955388,FALSE,170,0.03,0.53,,1.50,36,150,,16
2092,tramadol,ESI+,DTXCID501011087,FALSE,170,0.01,0.58,,2.50,67,137,,11
2092,tramadol,ESI+,DTXCID501060208,FALSE,170,0.02,0.86,,3.00,63,15,,7
2092,tramadol,ESI+,DTXCID501340927,FALSE,170,0.05,0.86,,1.00,24,14,,17
2092,tramadol,ESI+,DTXCID501352417,FALSE,170,0.02,0.59,,1.00,49,132,,17
2092,tramadol,ESI+,DTXCID501355047,FALSE,170,0.02,0.85,,3.00,63,18,,7
2092,tramadol,ESI+,DTXCID501363309,FALSE,170,0.08,0.65,,1.00,12,108,,17
2092,tramadol,ESI+,DTXCID501409517,FALSE,170,0.03,0.76,,3.00,39,53,,7
2092,tramadol,ESI+,DTXCID501450772,FALSE,170,0.01,0.72,,0.00,67,74,,18
2092,tramadol,ESI+,DTXCID501452823,FALSE,170,0.02,0.76,,0.00,63,55,,18
2092,tramadol,ESI+,DTXCID501470748,FALSE,170,0.02,0.73,,1.00,63,67,,17
2092,tramadol,ESI+,DTXCID501470762,FALSE,170,0.02,0.78,,0.00,63,41,,18
2092,tramadol,ESI+,DTXCID501478580,FALSE,170,1.09,,,3.20,3,,,6
2092,tramadol,ESI+,DTXCID50482332,FALSE,170,0.03,0.54,,1.50,40,149,,16
2092,tramadol,ESI+,DTXCID50483824,FALSE,170,0.02,0.51,,2.50,63,151,,11
2092,tramadol,ESI+,DTXCID50964325,FALSE,170,0.09,0.50,,3.00,11,153,,7
2092,tramadol,ESI+,DTXCID50982847,FALSE,170,0.02,0.68,,3.00,63,93,,7
2092,tramadol,ESI+,DTXCID601355440,FALSE,170,0.03,0.57,,3.00,37,138,,7
2092,tramadol,ESI+,DTXCID601397507,FALSE,170,0.02,0.60,,1.00,50,129,,17
2092,tramadol,ESI+,DTXCID601438941,FALSE,170,0.02,0.56,,0.00,63,145,,18
2092,tramadol,ESI+,DTXCID601445693,FALSE,170,0.02,0.81,,0.00,63,29,,18
2092,tramadol,ESI+,DTXCID601466350,FALSE,170,0.01,0.62,,0.00,67,119,,18
2092,tramadol,ESI+,DTXCID601466524,FALSE,170,0.02,0.70,,0.00,63,82,,18
2092,tramadol,ESI+,DTXCID601490824,FALSE,170,0.02,,,2.67,44,,,8
2092,tramadol,ESI+,DTXCID60201591,FALSE,170,0.02,0.77,,1.00,63,50,,17
2092,tramadol,ESI+,DTXCID60228768,FALSE,170,0.05,0.72,,2.50,25,71,,11
2092,tramadol,ESI+,DTXCID6025640,FALSE,170,0.38,0.62,,3.50,6,118,,5
2092,tramadol,ESI+,DTXCID60306196,FALSE,170,0.02,0.70,,1.00,63,83,,17
2092,tramadol,ESI+,DTXCID60397367,FALSE,170,0.02,0.77,,2.50,45,48,,11
2092,tramadol,ESI+,DTXCID60430768,FALSE,170,0.02,0.79,,1.50,46,35,,16
2092,tramadol,ESI+,DTXCID60763881,FALSE,170,0.02,0.94,,2.50,63,4,,11
2092,tramadol,ESI+,DTXCID60779003,FALSE,170,0.02,0.49,,2.50,63,155,,11
2092,tramadol,ESI+,DTXCID60781040,FALSE,170,0.02,0.88,,1.00,63,12,,17
2092,tramadol,ESI+,DTXCID60832086,FALSE,170,0.03,0.47,,2.00,41,158,,14
2092,tramadol,ESI+,DTXCID60873015,FALSE,170,0.02,0.74,,0.00,63,57,,18
2092,tramadol,ESI+,DTXCID60884101,FALSE,170,0.02,0.73,,0.00,60,66,,18
2092,tramadol,ESI+,DTXCID60899775,FALSE,170,0.01,0.79,,3.00,67,37,,7
2092,tramadol,ESI+,DTXCID60907288,FALSE,170,0.03,0.63,,2.33,39,114,,12
2092,tramadol,ESI+,DTXCID60936159,FALSE,170,0.02,0.60,,1.50,63,131,,16
2092,tramadol,ESI+,DTXCID701009648,FALSE,170,0.01,0.91,,2.50,67,7,,11
2092,tramadol,ESI+,DTXCID701347600,FALSE,170,0.02,0.96,,2.00,46,1,,14
2092,tramadol,ESI+,DTXCID701350536,FALSE,170,0.02,0.81,,3.00,57,30,,7
2092,tramadol,ESI+,DTXCID701449674,FALSE,170,0.02,0.49,,3.00,52,154,,7
2092,tramadol,ESI+,DTXCID701450811,FALSE,170,0.01,0.95,,0.00,67,2,,18
2092,tramadol,ESI+,DTXCID701454506,FALSE,170,0.01,0.72,,0.00,67,76,,18
2092,tramadol,ESI+,DTXCID701470744,FALSE,170,0.02,0.64,,0.00,63,112,,18
2092,tramadol,ESI+,DTXCID701470756,FALSE,170,0.02,0.72,,0.00,63,77,,18
2092,tramadol,ESI+,DTXCID701472295,FALSE,170,0.02,0.76,,0.00,63,56,,18
2092,tramadol,ESI+,DTXCID701486955,FALSE,170,0.01,,,1.50,67,,,16
2092,tramadol,ESI+,DTXCID70199157,FALSE,170,0.02,0.70,,0.00,63,84,,18
2092,tramadol,ESI+,DTXCID70354421,FALSE,170,0.03,0.64,,2.00,42,110,,14
2092,tramadol,ESI+,DTXCID7041966,FALSE,170,0.08,0.68,,1.00,13,90,,17
2092,tramadol,ESI+,DTXCID70473808,FALSE,170,0.02,0.77,,2.00,63,47,,14
2092,tramadol,ESI+,DTXCID70506660,FALSE,170,0.02,0.87,,2.50,45,13,,11
2092,tramadol,ESI+,DTXCID7065548,FALSE,170,0.03,0.55,,1.50,39,146,,16
2092,tramadol,ESI+,DTXCID7071280,FALSE,170,0.02,0.60,,2.50,44,130,,11
2092,tramadol,ESI+,DTXCID70826299,FALSE,170,0.01,0.79,,3.00,67,38,,7
2092,tramadol,ESI+,DTXCID70892156,FALSE,170,0.04,0.69,,1.50,33,87,,16
2092,tramadol,ESI+,DTXCID70999058,FALSE,170,0.02,0.64,,1.00,61,109,,17
2092,tramadol,ESI+,DTXCID70999598,FALSE,170,0.11,0.90,,3.00,9,9,,7
2092,tramadol,ESI+,DTXCID80120316,FALSE,170,0.05,0.71,,2.50,28,78,,11
2092,tramadol,ESI+,DTXCID801400257,FALSE,170,0.02,0.57,,3.00,45,140,,7
2092,tramadol,ESI+,DTXCID801444615,FALSE,170,0.02,0.65,,0.00,63,107,,18
2092,tramadol,ESI+,DTXCID801450783,FALSE,170,0.01,0.80,,0.00,67,31,,18
2092,tramadol,ESI+,DTXCID801451212,FALSE,170,0.01,0.68,,0.00,67,92,,18
2092,tramadol,ESI+,DTXCID801451567,FALSE,170,0.01,0.63,,0.00,67,113,,18
2092,tramadol,ESI+,DTXCID801470759,FALSE,170,0.02,0.78,,0.00,63,44,,18
2092,tramadol,ESI+,DTXCID801470761,FALSE,170,0.02,0.79,,0.00,62,34,,18
2092,tramadol,ESI+,DTXCID80198656,FALSE,170,0.02,0.60,,0.00,63,126,,18
2092,tramadol,ESI+,DTXCID80202363,FALSE,170,0.02,0.90,,3.00,63,8,,7
2092,tramadol,ESI+,DTXCID80206361,FALSE,170,0.02,0.81,,2.00,63,27,,14
2092,tramadol,ESI+,DTXCID8021690,FALSE,170,0.31,0.38,,2.22,7,160,,13
2092,tramadol,ESI+,DTXCID80306198,FALSE,170,0.02,0.69,,1.00,54,86,,17
2092,tramadol,ESI+,DTXCID80580032,FALSE,170,0.02,0.71,,3.00,62,79,,7
2092,tramadol,ESI+,DTXCID80650961,FALSE,170,0.11,0.78,,2.00,10,42,,14
2092,tramadol,ESI+,DTXCID80865957,FALSE,170,0.01,0.65,,1.67,65,106,,15
2092,tramadol,ESI+,DTXCID80971188,FALSE,170,0.02,0.86,,3.00,63,17,,7
2092,tramadol,ESI+,DTXCID80992212,FALSE,170,0.02,0.59,,0.00,63,133,,18
2092,tramadol,ESI+,DTXCID90139434,FALSE,170,0.03,0.76,,1.50,39,54,,16
2092,tramadol,ESI+,DTXCID901395574,FALSE,170,0.06,0.77,,3.00,19,49,,7
2092,tramadol,ESI+,DTXCID901421862,FALSE,170,0.02,0.56,,3.75,46,142,,4
2092,tramadol,ESI+,DTXCID901450786,FALSE,170,0.01,0.74,,0.00,67,60,,18
2092,tramadol,ESI+,DTXCID901451427,FALSE,170,0.01,0.54,,0.00,67,148,,18
2092,tramadol,ESI+,DTXCID90199452,FALSE,170,0.64,0.63,,3.00,4,115,,7
2092,tramadol,ESI+,DTXCID90206352,TRUE,170,7.21,0.61,,6.50,1,125,,1
2092,tramadol,ESI+,DTXCID902294,FALSE,170,0.06,0.65,,2.57,18,105,,10
2092,tramadol,ESI+,DTXCID90251589,FALSE,170,0.05,0.62,,2.50,23,122,,11
2092,tramadol,ESI+,DTXCID90305576,FALSE,170,0.02,0.88,,2.50,43,11,,11
2092,tramadol,ESI+,DTXCID90482331,FALSE,170,0.03,0.57,,1.50,40,139,,16
2092,tramadol,ESI+,DTXCID90874479,FALSE,170,0.02,0.73,,0.00,63,64,,18
2092,tramadol,ESI+,DTXCID90898190,FALSE,170,0.02,0.72,,1.00,59,69,,17
2092,tramadol,ESI+,DTXCID90901794,FALSE,170,0.01,0.72,,1.00,67,72,,17
2092,tramadol,ESI+,DTXCID90948806,FALSE,170,0.01,0.61,,3.00,67,123,,7
2092,tramadol,ESI+,DTXCID90968448,FALSE,170,0.07,0.92,,3.00,16,6,,7
2092,tramadol,ESI+,DTXCID90979716,FALSE,170,0.01,0.62,,2.50,67,121,,11
2136,atenolol,ESI+,DTXCID001008001,FALSE,100,0.01,0.62,,1.00,48,32,,19
2136,atenolol,ESI+,DTXCID001179,FALSE,100,0.93,0.67,,2.25,6,19,,12
2136,atenolol,ESI+,DTXCID00201095,FALSE,100,0.02,0.95,,0.00,42,1,,20
2136,atenolol,ESI+,DTXCID00226965,FALSE,100,0.03,0.65,,1.50,35,25,,17
2136,atenolol,ESI+,DTXCID00230300,FALSE,100,0.03,0.57,,3.00,35,41,,8
2136,atenolol,ESI+,DTXCID0046195,FALSE,100,0.05,0.54,,1.00,20,47,,19
2136,atenolol,ESI+,DTXCID00755306,FALSE,100,0.04,0.62,,1.50,29,33,,17
2136,atenolol,ESI+,DTXCID0096562,FALSE,100,0.08,0.06,,1.50,12,98,,17
2136,atenolol,ESI+,DTXCID101419930,FALSE,100,0.06,0.71,,1.00,18,15,,19
2136,atenolol,ESI+,DTXCID101464430,FALSE,100,0.01,0.53,,0.00,51,51,,20
2136,atenolol,ESI+,DTXCID10251147,FALSE,100,0.03,0.52,,1.00,35,55,,19
2136,atenolol,ESI+,DTXCID1028780,FALSE,100,0.23,0.52,,3.13,7,56,,6
2136,atenolol,ESI+,DTXCID10524146,FALSE,100,0.02,0.06,,1.50,42,99,,17
2136,atenolol,ESI+,DTXCID10681869,FALSE,100,0.02,0.87,,0.00,37,2,,20
2136,atenolol,ESI+,DTXCID10762122,FALSE,100,0.01,,,1.67,51,,,16
2136,atenolol,ESI+,DTXCID10816871,FALSE,100,0.05,0.39,,1.00,22,76,,19
2136,atenolol,ESI+,DTXCID10934963,FALSE,100,0.01,0.27,,1.50,51,90,,17
2136,atenolol,ESI+,DTXCID10961951,FALSE,100,0.02,0.33,,1.50,41,85,,17
2136,atenolol,ESI+,DTXCID10982944,FALSE,100,0.01,0.45,,3.00,51,70,,8
2136,atenolol,ESI+,DTXCID201341564,FALSE,100,0.03,0.53,,3.00,32,49,,8
2136,atenolol,ESI+,DTXCID20136173,FALSE,100,0.04,0.66,,1.50,30,22,,17
2136,atenolol,ESI+,DTXCID201383776,FALSE,100,0.02,0.52,,1.50,42,54,,17
2136,atenolol,ESI+,DTXCID201394137,FALSE,100,0.09,0.58,,2.40,11,39,,10
2136,atenolol,ESI+,DTXCID201412868,FALSE,100,0.03,0.61,,2.50,35,34,,9
2136,atenolol,ESI+,DTXCID201431274,FALSE,100,0.02,0.46,,3.00,42,68,,8
2136,atenolol,ESI+,DTXCID202628,TRUE,100,6.59,0.74,,4.20,1,11,,3
2136,atenolol,ESI+,DTXCID20684700,FALSE,100,0.02,0.33,,0.00,40,82,,20
2136,atenolol,ESI+,DTXCID20751406,FALSE,100,0.02,0.60,,2.00,42,35,,14
2136,atenolol,ESI+,DTXCID20870641,FALSE,100,0.01,0.26,,2.00,46,91,,14
2136,atenolol,ESI+,DTXCID20871496,FALSE,100,0.01,0.21,,1.33,44,95,,18
2136,atenolol,ESI+,DTXCID20956414,FALSE,100,0.05,0.26,,1.50,21,92,,17
2136,atenolol,ESI+,DTXCID301462280,FALSE,100,0.01,0.60,,0.00,51,36,,20
2136,atenolol,ESI+,DTXCID30757853,FALSE,100,0.02,0.56,,1.00,42,44,,19
2136,atenolol,ESI+,DTXCID30821503,FALSE,100,0.07,0.58,,3.00,13,38,,8
2136,atenolol,ESI+,DTXCID30822717,FALSE,100,0.02,0.71,,2.00,40,13,,14
2136,atenolol,ESI+,DTXCID30863948,FALSE,100,0.01,0.51,,1.50,47,59,,17
2136,atenolol,ESI+,DTXCID30934480,FALSE,100,0.01,0.35,,1.50,51,81,,17
2136,atenolol,ESI+,DTXCID401462302,FALSE,100,0.01,0.65,,0.00,51,26,,20
2136,atenolol,ESI+,DTXCID401462502,FALSE,100,0.01,0.50,,0.00,51,62,,20
2136,atenolol,ESI+,DTXCID40202445,FALSE,100,0.02,0.33,,0.00,42,83,,20
2136,atenolol,ESI+,DTXCID40305420,FALSE,100,0.02,0.56,,1.00,36,43,,19
2136,atenolol,ESI+,DTXCID40485973,FALSE,100,0.02,0.45,,1.00,42,71,,19
2136,atenolol,ESI+,DTXCID40502230,FALSE,100,0.05,0.55,,1.00,23,45,,19
2136,atenolol,ESI+,DTXCID40568997,FALSE,100,0.03,0.64,,2.00,31,29,,14
2136,atenolol,ESI+,DTXCID40861470,FALSE,100,0.01,0.80,,1.00,51,8,,19
2136,atenolol,ESI+,DTXCID40918978,FALSE,100,0.01,0.10,,1.50,45,97,,17
2136,atenolol,ESI+,DTXCID4099405,FALSE,100,0.06,0.54,,2.33,17,48,,11
2136,atenolol,ESI+,DTXCID501012742,FALSE,100,0.02,0.76,,0.00,42,9,,20
2136,atenolol,ESI+,DTXCID50114767,FALSE,100,0.18,0.41,,2.20,8,75,,13
2136,atenolol,ESI+,DTXCID501378362,FALSE,100,0.04,0.82,,1.00,28,5,,19
2136,atenolol,ESI+,DTXCID501383775,FALSE,100,0.02,0.50,,1.00,42,63,,19
2136,atenolol,ESI+,DTXCID50141912,FALSE,100,0.04,0.65,,1.78,30,27,,15
2136,atenolol,ESI+,DTXCID501437576,FALSE,100,0.01,0.68,,0.00,51,18,,20
2136,atenolol,ESI+,DTXCID501452435,FALSE,100,0.04,0.43,,0.00,27,73,,20
2136,atenolol,ESI+,DTXCID501464432,FALSE,100,0.01,0.66,,0.00,51,24,,20
2136,atenolol,ESI+,DTXCID50200159,FALSE,100,0.02,0.62,,0.00,42,31,,20
2136,atenolol,ESI+,DTXCID50289782,FALSE,100,0.05,0.56,,1.00,25,42,,19
2136,atenolol,ESI+,DTXCID50399390,FALSE,100,0.10,0.38,,1.00,10,79,,19
2136,atenolol,ESI+,DTXCID50950263,FALSE,100,0.02,0.50,,2.00,39,60,,14
2136,atenolol,ESI+,DTXCID601015713,FALSE,100,0.03,0.47,,0.00,35,66,,20
2136,atenolol,ESI+,DTXCID601380693,FALSE,100,0.07,0.50,,2.25,15,61,,12
2136,atenolol,ESI+,DTXCID601448142,FALSE,100,0.02,0.71,,3.00,42,14,,8
2136,atenolol,ESI+,DTXCID6020698,FALSE,100,1.28,0.32,,3.12,4,88,,7
2136,atenolol,ESI+,DTXCID60416340,FALSE,100,0.07,0.70,,3.89,14,16,,4
2136,atenolol,ESI+,DTXCID60757669,FALSE,100,0.02,0.69,,1.00,42,17,,19
2136,atenolol,ESI+,DTXCID60868123,FALSE,100,0.01,0.86,,1.50,50,4,,17
2136,atenolol,ESI+,DTXCID6094350,FALSE,100,0.03,0.62,,1.00,34,30,,19
2136,atenolol,ESI+,DTXCID701383802,FALSE,100,0.02,0.51,,1.00,42,57,,19
2136,atenolol,ESI+,DTXCID701438401,FALSE,100,0.02,0.53,,6.00,42,53,,1
2136,atenolol,ESI+,DTXCID701462282,FALSE,100,0.01,0.66,,0.00,51,20,,20
2136,atenolol,ESI+,DTXCID701986,FALSE,100,4.28,0.33,,5.79,2,87,,2
2136,atenolol,ESI+,DTXCID70198822,FALSE,100,0.02,0.49,,0.00,42,64,,20
2136,atenolol,ESI+,DTXCID7024530,FALSE,100,1.27,0.39,,2.00,5,77,,14
2136,atenolol,ESI+,DTXCID70420998,FALSE,100,0.04,0.45,,1.00,30,69,,19
2136,atenolol,ESI+,DTXCID70863129,FALSE,100,0.01,0.33,,1.50,43,84,,17
2136,atenolol,ESI+,DTXCID80100259,FALSE,100,0.04,0.75,,2.25,26,10,,12
2136,atenolol,ESI+,DTXCID80123125,FALSE,100,0.05,0.87,,3.00,24,3,,8
2136,atenolol,ESI+,DTXCID801337133,FALSE,100,0.03,0.51,,0.00,34,58,,20
2136,atenolol,ESI+,DTXCID801451929,FALSE,100,0.02,0.66,,0.00,42,23,,20
2136,atenolol,ESI+,DTXCID801464431,FALSE,100,0.01,0.55,,0.00,51,46,,20
2136,atenolol,ESI+,DTXCID80151125,FALSE,100,0.03,0.13,,1.00,34,96,,19
2136,atenolol,ESI+,DTXCID80198095,FALSE,100,0.04,0.43,,1.00,30,72,,19
2136,atenolol,ESI+,DTXCID80198590,FALSE,100,0.02,0.22,,0.00,42,94,,20
2136,atenolol,ESI+,DTXCID8041111,FALSE,100,0.11,0.53,,2.00,9,52,,14
2136,atenolol,ESI+,DTXCID80435871,FALSE,100,0.02,0.81,,1.00,42,6,,19
2136,atenolol,ESI+,DTXCID80651317,FALSE,100,0.01,0.30,,0.00,49,89,,20
2136,atenolol,ESI+,DTXCID80701780,FALSE,100,0.02,0.64,,1.00,42,28,,19
2136,atenolol,ESI+,DTXCID80965421,FALSE,100,0.06,0.73,,1.00,16,12,,19
2136,atenolol,ESI+,DTXCID80969323,FALSE,100,0.02,0.53,,1.00,38,50,,19
2136,atenolol,ESI+,DTXCID901010031,FALSE,100,0.02,0.36,,0.00,42,80,,20
2136,atenolol,ESI+,DTXCID901337512,FALSE,100,0.01,0.48,,0.00,51,65,,20
2136,atenolol,ESI+,DTXCID901437528,FALSE,100,0.01,0.80,,0.00,51,7,,20
2136,atenolol,ESI+,DTXCID901437530,FALSE,100,0.01,0.60,,0.00,51,37,,20
2136,atenolol,ESI+,DTXCID901454245,FALSE,100,0.02,0.33,,1.00,42,86,,19
2136,atenolol,ESI+,DTXCID901463686,FALSE,100,0.02,0.66,,0.00,42,21,,20
2136,atenolol,ESI+,DTXCID9027998,FALSE,100,1.53,0.58,,3.56,3,40,,5
2136,atenolol,ESI+,DTXCID90374500,FALSE,100,0.03,0.24,,2.00,33,93,,14
2136,atenolol,ESI+,DTXCID90744880,FALSE,100,0.02,0.47,,1.50,42,67,,17
2136,atenolol,ESI+,DTXCID90772300,FALSE,100,0.02,0.41,,1.00,42,74,,19
2136,atenolol,ESI+,DTXCID9096521,FALSE,100,0.05,0.39,,1.50,19,78,,17
2155,metoprolol,ESI+,DTXCID00227578,FALSE,38,0.08,0.41,,1.50,5,36,,5
2155,metoprolol,ESI+,DTXCID00630503,FALSE,38,0.04,0.56,,1.50,10,34,,5
2155,metoprolol,ESI+,DTXCID00921605,FALSE,38,0.01,0.66,,1.50,21,29,,5
2155,metoprolol,ESI+,DTXCID101254112,FALSE,38,0.02,0.86,,1.00,18,7,,6
2155,metoprolol,ESI+,DTXCID10492174,FALSE,38,0.03,0.74,,2.00,15,18,,4
2155,metoprolol,ESI+,DTXCID10913738,FALSE,38,0.01,0.75,,3.00,21,17,,3
2155,metoprolol,ESI+,DTXCID201390797,FALSE,38,0.01,0.60,,1.00,20,32,,6
2155,metoprolol,ESI+,DTXCID201469738,FALSE,38,0.03,0.50,,0.00,13,35,,7
2155,metoprolol,ESI+,DTXCID20706779,FALSE,38,0.01,0.82,,1.50,21,9,,5
2155,metoprolol,ESI+,DTXCID20891619,FALSE,38,0.05,0.72,,1.50,9,22,,5
2155,metoprolol,ESI+,DTXCID20912737,FALSE,38,0.03,0.93,,1.00,14,4,,6
2155,metoprolol,ESI+,DTXCID301335425,FALSE,38,0.03,0.58,,0.00,15,33,,7
2155,metoprolol,ESI+,DTXCID30230075,FALSE,38,0.04,0.89,,3.00,11,5,,3
2155,metoprolol,ESI+,DTXCID30305393,FALSE,38,0.05,0.67,,3.00,8,28,,3
2155,metoprolol,ESI+,DTXCID30305575,FALSE,38,0.02,0.64,,1.00,18,30,,6
2155,metoprolol,ESI+,DTXCID30716283,FALSE,38,0.01,0.69,,1.50,21,26,,5
2155,metoprolol,ESI+,DTXCID30838474,FALSE,38,0.02,1.08,,3.00,17,2,,3
2155,metoprolol,ESI+,DTXCID401336919,FALSE,38,0.04,0.70,,0.00,12,24,,7
2155,metoprolol,ESI+,DTXCID401400112,FALSE,38,0.19,1.05,,1.00,4,3,,6
2155,metoprolol,ESI+,DTXCID401439448,FALSE,38,0.02,0.86,,0.00,18,8,,7
2155,metoprolol,ESI+,DTXCID40218066,FALSE,38,0.85,0.70,,3.50,2,25,,2
2155,metoprolol,ESI+,DTXCID40316814,FALSE,38,0.02,0.88,,3.00,18,6,,3
2155,metoprolol,ESI+,DTXCID40866607,FALSE,38,0.01,0.81,,1.50,19,11,,5
2155,metoprolol,ESI+,DTXCID501349555,FALSE,38,0.02,0.38,,1.00,18,37,,6
2155,metoprolol,ESI+,DTXCID503309,TRUE,38,7.00,1.11,,4.86,1,1,,1
2155,metoprolol,ESI+,DTXCID50884579,FALSE,38,0.06,0.68,,0.00,7,27,,7
2155,metoprolol,ESI+,DTXCID50920820,FALSE,38,0.01,0.73,,1.50,21,19,,5
2155,metoprolol,ESI+,DTXCID601364629,FALSE,38,0.03,0.75,,2.00,15,16,,4
2155,metoprolol,ESI+,DTXCID601410252,FALSE,38,0.04,0.79,,1.00,12,12,,6
2155,metoprolol,ESI+,DTXCID60305568,FALSE,38,0.02,0.62,,1.50,18,31,,5
2155,metoprolol,ESI+,DTXCID60816740,FALSE,38,0.06,0.79,,1.00,6,13,,6
2155,metoprolol,ESI+,DTXCID701417918,FALSE,38,0.02,0.73,,0.00,18,20,,7
2155,metoprolol,ESI+,DTXCID70308969,FALSE,38,0.02,0.77,,1.00,18,14,,6
2155,metoprolol,ESI+,DTXCID801424099,FALSE,38,0.03,0.72,,3.00,15,21,,3
2155,metoprolol,ESI+,DTXCID80995703,FALSE,38,0.02,0.29,,0.00,16,38,,7
2155,metoprolol,ESI+,DTXCID901424492,FALSE,38,0.03,0.81,,3.00,15,10,,3
2155,metoprolol,ESI+,DTXCID90216471,FALSE,38,0.42,0.75,,2.00,3,15,,4
2155,metoprolol,ESI+,DTXCID90799390,FALSE,38,0.01,0.72,,1.50,21,23,,5
2325,amitriptyline,ESI+,DTXCID001439377,FALSE,41,0.02,0.76,,0.00,21,30,,11
2325,amitriptyline,ESI+,DTXCID001447560,FALSE,41,0.02,1.12,,6.00,21,2,,1
2325,amitriptyline,ESI+,DTXCID10148240,FALSE,41,0.03,0.76,,3.00,14,31,,5
2325,amitriptyline,ESI+,DTXCID10938481,FALSE,41,0.03,0.78,,2.50,18,29,,6
2325,amitriptyline,ESI+,DTXCID10999693,FALSE,41,0.04,0.80,,3.00,10,28,,5
2325,amitriptyline,ESI+,DTXCID201022287,FALSE,41,0.81,0.63,,2.00,3,40,,8
2325,amitriptyline,ESI+,DTXCID201269835,FALSE,41,0.03,0.91,,3.00,15,18,,5
2325,amitriptyline,ESI+,DTXCID201447530,FALSE,41,0.02,1.01,,0.00,21,9,,11
2325,amitriptyline,ESI+,DTXCID201451888,FALSE,41,0.02,1.09,,6.00,21,5,,1
2325,amitriptyline,ESI+,DTXCID20531801,FALSE,41,0.02,0.69,,3.00,20,38,,5
2325,amitriptyline,ESI+,DTXCID301008755,FALSE,41,0.03,0.64,,1.50,17,39,,9
2325,amitriptyline,ESI+,DTXCID30121691,FALSE,41,0.19,0.73,,3.00,5,33,,5
2325,amitriptyline,ESI+,DTXCID301440606,FALSE,41,0.02,0.90,,3.00,19,19,,5
2325,amitriptyline,ESI+,DTXCID30224595,FALSE,41,0.07,0.91,,3.00,9,17,,5
2325,amitriptyline,ESI+,DTXCID30396307,FALSE,41,0.04,0.53,,1.50,13,41,,9
2325,amitriptyline,ESI+,DTXCID40112131,FALSE,41,0.04,1.17,,1.50,12,1,,9
2325,amitriptyline,ESI+,DTXCID401438064,FALSE,41,0.07,0.90,,0.00,8,21,,11
2325,amitriptyline,ESI+,DTXCID401458642,FALSE,41,0.02,0.74,,0.00,21,32,,11
2325,amitriptyline,ESI+,DTXCID401459169,FALSE,41,0.02,0.92,,0.00,21,15,,11
2325,amitriptyline,ESI+,DTXCID401469627,FALSE,41,0.02,0.95,,0.00,21,13,,11
2325,amitriptyline,ESI+,DTXCID4039865,FALSE,41,0.20,0.87,,2.00,4,25,,8
2325,amitriptyline,ESI+,DTXCID4079566,FALSE,41,0.09,0.71,,2.50,6,37,,6
2325,amitriptyline,ESI+,DTXCID40840104,FALSE,41,0.02,1.10,,0.00,21,3,,11
2325,amitriptyline,ESI+,DTXCID501450815,FALSE,41,0.02,0.91,,6.00,21,16,,1
2325,amitriptyline,ESI+,DTXCID5025029,FALSE,41,2.82,0.72,,3.94,2,35,,4
2325,amitriptyline,ESI+,DTXCID502594,TRUE,41,8.00,1.07,,4.86,1,6,,2
2325,amitriptyline,ESI+,DTXCID50567714,FALSE,41,0.03,1.05,,3.00,16,7,,5
2325,amitriptyline,ESI+,DTXCID601046019,FALSE,41,0.01,0.99,,2.33,22,10,,7
2325,amitriptyline,ESI+,DTXCID60112310,FALSE,41,0.02,0.96,,3.00,21,11,,5
2325,amitriptyline,ESI+,DTXCID60122595,FALSE,41,0.08,0.96,,2.50,7,12,,6
2325,amitriptyline,ESI+,DTXCID601408398,FALSE,41,0.04,0.72,,3.00,11,36,,5
2325,amitriptyline,ESI+,DTXCID601451111,FALSE,41,0.02,1.05,,6.00,21,8,,1
2325,amitriptyline,ESI+,DTXCID601451147,FALSE,41,0.03,1.10,,6.00,17,4,,1
2325,amitriptyline,ESI+,DTXCID60232961,FALSE,41,0.03,0.73,,1.00,17,34,,10
2325,amitriptyline,ESI+,DTXCID701459168,FALSE,41,0.02,0.89,,0.00,21,23,,11
2325,amitriptyline,ESI+,DTXCID70204851,FALSE,41,0.02,0.83,,4.00,21,26,,3
2325,amitriptyline,ESI+,DTXCID70224594,FALSE,41,0.07,0.90,,3.00,9,20,,5
2325,amitriptyline,ESI+,DTXCID70927033,FALSE,41,0.04,0.81,,2.50,12,27,,6
2325,amitriptyline,ESI+,DTXCID80789184,FALSE,41,0.01,0.90,,2.50,22,22,,6
2325,amitriptyline,ESI+,DTXCID901046018,FALSE,41,0.01,0.93,,1.50,22,14,,9
2325,amitriptyline,ESI+,DTXCID90224596,FALSE,41,0.07,0.88,,3.00,9,24,,5
2448,promethazine,ESI+,DTXCID001459743,FALSE,43,0.00,0.34,,0.00,31,9,,10
2448,promethazine,ESI+,DTXCID10118327,FALSE,43,0.05,0.22,,1.50,13,35,,8
2448,promethazine,ESI+,DTXCID101446153,FALSE,43,0.02,0.33,,0.00,24,13,,10
2448,promethazine,ESI+,DTXCID10221300,FALSE,43,0.06,0.24,,1.50,11,30,,8
2448,promethazine,ESI+,DTXCID10908523,FALSE,43,0.91,0.30,,3.00,3,20,,4
2448,promethazine,ESI+,DTXCID20820686,FALSE,43,0.02,0.31,,1.00,28,16,,9
2448,promethazine,ESI+,DTXCID20956999,FALSE,43,0.06,0.28,,1.00,10,25,,9
2448,promethazine,ESI+,DTXCID30130182,FALSE,43,0.04,0.45,,1.00,18,4,,9
2448,promethazine,ESI+,DTXCID30202873,FALSE,43,0.02,0.33,,0.00,29,12,,10
2448,promethazine,ESI+,DTXCID30222632,FALSE,43,0.03,0.29,,1.00,20,23,,9
2448,promethazine,ESI+,DTXCID3033727,FALSE,43,0.00,0.24,,1.50,31,31,,8
2448,promethazine,ESI+,DTXCID3033771,FALSE,43,0.33,0.18,,3.38,4,40,,3
2448,promethazine,ESI+,DTXCID30416019,FALSE,43,0.04,0.41,,2.00,14,5,,7
2448,promethazine,ESI+,DTXCID401464027,FALSE,43,0.02,0.47,,1.00,29,3,,9
2448,promethazine,ESI+,DTXCID40200542,FALSE,43,0.02,0.15,,1.00,29,42,,9
2448,promethazine,ESI+,DTXCID40200789,FALSE,43,0.02,0.23,,2.00,29,32,,7
2448,promethazine,ESI+,DTXCID40335808,FALSE,43,0.10,0.18,,1.50,7,39,,8
2448,promethazine,ESI+,DTXCID403517,FALSE,43,2.87,0.25,,4.00,2,28,,2
2448,promethazine,ESI+,DTXCID40357181,FALSE,43,0.02,0.23,,1.00,26,33,,9
2448,promethazine,ESI+,DTXCID40876443,FALSE,43,0.07,0.40,,1.50,9,6,,8
2448,promethazine,ESI+,DTXCID40981001,FALSE,43,0.01,0.22,,1.00,30,34,,9
2448,promethazine,ESI+,DTXCID50113891,FALSE,43,0.10,0.48,,1.50,6,2,,8
2448,promethazine,ESI+,DTXCID501336029,FALSE,43,0.04,0.31,,0.00,15,15,,10
2448,promethazine,ESI+,DTXCID50206853,FALSE,43,0.03,0.38,,0.00,20,8,,10
2448,promethazine,ESI+,DTXCID50949955,FALSE,43,0.02,0.29,,3.00,29,22,,4
2448,promethazine,ESI+,DTXCID60435430,FALSE,43,0.07,0.20,,1.00,8,38,,9
2448,promethazine,ESI+,DTXCID60502510,FALSE,43,0.04,0.30,,1.50,16,21,,8
2448,promethazine,ESI+,DTXCID60550238,FALSE,43,0.02,0.15,,1.00,27,43,,9
2448,promethazine,ESI+,DTXCID60908250,FALSE,43,0.01,0.27,,0.00,30,27,,10
2448,promethazine,ESI+,DTXCID701439811,FALSE,43,0.01,0.31,,0.00,30,17,,10
2448,promethazine,ESI+,DTXCID801069192,FALSE,43,0.03,0.32,,1.50,21,14,,8
2448,promethazine,ESI+,DTXCID80124733,FALSE,43,0.12,0.15,,2.75,5,41,,5
2448,promethazine,ESI+,DTXCID803518,TRUE,43,7.73,0.20,,4.90,1,36,,1
2448,promethazine,ESI+,DTXCID80357180,FALSE,43,0.02,0.20,,1.00,25,37,,9
2448,promethazine,ESI+,DTXCID80864162,FALSE,43,0.01,0.40,,2.50,30,7,,6
2448,promethazine,ESI+,DTXCID80964691,FALSE,43,0.03,0.33,,3.00,23,11,,4
2448,promethazine,ESI+,DTXCID80981000,FALSE,43,0.01,0.24,,1.00,30,29,,9
2448,promethazine,ESI+,DTXCID80997207,FALSE,43,0.03,0.33,,1.00,19,10,,9
2448,promethazine,ESI+,DTXCID901330209,FALSE,43,0.02,0.55,,1.00,29,1,,9
2448,promethazine,ESI+,DTXCID901409521,FALSE,43,0.04,0.30,,1.00,17,19,,9
2448,promethazine,ESI+,DTXCID901410437,FALSE,43,0.03,0.29,,3.00,22,24,,4
2448,promethazine,ESI+,DTXCID90343211,FALSE,43,0.05,0.27,,1.00,12,26,,9
2448,promethazine,ESI+,DTXCID90922267,FALSE,43,0.01,0.31,,3.00,30,18,,4
2517,trimethoprim,ESI+,DTXCID001348495,FALSE,31,0.01,0.84,,4.50,16,13,,4
2517,trimethoprim,ESI+,DTXCID001410480,FALSE,31,0.01,0.69,,1.00,18,19,,9
2517,trimethoprim,ESI+,DTXCID00504654,FALSE,31,0.01,0.56,,1.00,15,27,,9
2517,trimethoprim,ESI+,DTXCID00952414,FALSE,31,0.01,0.69,,1.00,18,20,,9
2517,trimethoprim,ESI+,DTXCID10214732,FALSE,31,0.03,0.65,,3.00,9,24,,5
2517,trimethoprim,ESI+,DTXCID103900,FALSE,31,3.19,0.41,,6.11,2,28,,1
2517,trimethoprim,ESI+,DTXCID201274600,FALSE,31,0.02,1.13,,1.00,11,5,,9
2517,trimethoprim,ESI+,DTXCID2066272,FALSE,31,0.02,0.88,,1.00,12,11,,9
2517,trimethoprim,ESI+,DTXCID20766878,FALSE,31,0.01,0.62,,3.00,18,25,,5
2517,trimethoprim,ESI+,DTXCID301451667,FALSE,31,0.10,1.14,,0.00,3,4,,10
2517,trimethoprim,ESI+,DTXCID401274599,FALSE,31,0.03,1.16,,2.00,6,3,,7
2517,trimethoprim,ESI+,DTXCID401460651,FALSE,31,0.03,1.11,,1.50,5,6,,8
2517,trimethoprim,ESI+,DTXCID40277698,FALSE,31,0.01,0.71,,3.00,20,18,,5
2517,trimethoprim,ESI+,DTXCID4075162,FALSE,31,0.03,0.91,,1.00,8,9,,9
2517,trimethoprim,ESI+,DTXCID40994358,FALSE,31,0.01,0.61,,0.00,20,26,,10
2517,trimethoprim,ESI+,DTXCID501348488,FALSE,31,0.01,0.78,,6.00,16,14,,2
2517,trimethoprim,ESI+,DTXCID50875467,FALSE,31,0.01,0.72,,1.00,18,17,,9
2517,trimethoprim,ESI+,DTXCID60952415,FALSE,31,0.01,0.73,,1.00,18,16,,9
2517,trimethoprim,ESI+,DTXCID70126701,FALSE,31,0.03,1.03,,1.00,7,7,,9
2517,trimethoprim,ESI+,DTXCID701470956,FALSE,31,0.01,0.96,,0.00,18,8,,10
2517,trimethoprim,ESI+,DTXCID70214733,FALSE,31,0.03,0.66,,2.50,10,22,,6
2517,trimethoprim,ESI+,DTXCID70266979,FALSE,31,0.02,1.47,,1.50,12,1,,8
2517,trimethoprim,ESI+,DTXCID70460576,FALSE,31,0.01,0.68,,1.50,17,21,,8
2517,trimethoprim,ESI+,DTXCID70946406,FALSE,31,0.01,0.65,,1.00,19,23,,9
2517,trimethoprim,ESI+,DTXCID803712,TRUE,31,7.09,1.20,,4.69,1,2,,3
2517,trimethoprim,ESI+,DTXCID80870162,FALSE,31,0.01,0.90,,0.00,13,10,,10
2517,trimethoprim,ESI+,DTXCID901422715,FALSE,31,0.01,0.34,,1.00,14,29,,9
2517,trimethoprim,ESI+,DTXCID90222471,FALSE,31,0.04,0.29,,3.00,4,30,,5
2517,trimethoprim,ESI+,DTXCID90475228,FALSE,31,0.01,0.85,,1.00,18,12,,9
2517,trimethoprim,ESI+,DTXCID90671420,FALSE,31,0.01,0.77,,1.50,17,15,,8
2517,trimethoprim,ESI+,DTXCID90964440,FALSE,31,0.04,0.26,,3.00,4,31,,5
2532,desmethylsertraline,ESI+,DTXCID00114797,FALSE,79,0.04,0.17,,1.00,29,40,,7
2532,desmethylsertraline,ESI+,DTXCID00124311,FALSE,79,0.77,0.07,,2.00,3,70,,5
2532,desmethylsertraline,ESI+,DTXCID0040208,FALSE,79,0.10,0.01,,1.00,11,79,,7
2532,desmethylsertraline,ESI+,DTXCID00483213,FALSE,79,0.03,0.14,,1.00,37,50,,7
2532,desmethylsertraline,ESI+,DTXCID00483218,FALSE,79,0.03,0.14,,1.00,37,49,,7
2532,desmethylsertraline,ESI+,DTXCID00494349,FALSE,79,0.03,0.33,,3.00,34,11,,2
2532,desmethylsertraline,ESI+,DTXCID00684389,FALSE,79,0.03,0.13,,0.00,36,53,,8
2532,desmethylsertraline,ESI+,DTXCID00775084,FALSE,79,0.03,0.24,,1.50,36,31,,6
2532,desmethylsertraline,ESI+,DTXCID00798273,FALSE,79,0.03,0.13,,0.00,37,51,,8
2532,desmethylsertraline,ESI+,DTXCID101371990,FALSE,79,0.05,0.29,,1.00,25,23,,7
2532,desmethylsertraline,ESI+,DTXCID10196983,FALSE,79,1.12,0.44,,1.00,2,3,,7
2532,desmethylsertraline,ESI+,DTXCID10242999,FALSE,79,0.00,0.24,,1.00,40,32,,7
2532,desmethylsertraline,ESI+,DTXCID10307411,FALSE,79,0.03,0.27,,2.50,37,26,,3
2532,desmethylsertraline,ESI+,DTXCID10425821,FALSE,79,0.03,0.09,,1.00,34,62,,7
2532,desmethylsertraline,ESI+,DTXCID10524989,FALSE,79,0.03,0.20,,3.00,37,38,,2
2532,desmethylsertraline,ESI+,DTXCID10634153,FALSE,79,0.03,0.08,,0.00,37,64,,8
2532,desmethylsertraline,ESI+,DTXCID10636112,FALSE,79,0.04,0.27,,3.00,28,25,,2
2532,desmethylsertraline,ESI+,DTXCID10656870,FALSE,79,0.03,0.15,,0.00,36,43,,8
2532,desmethylsertraline,ESI+,DTXCID201036761,FALSE,79,0.71,0.23,,2.00,4,33,,5
2532,desmethylsertraline,ESI+,DTXCID20151503,FALSE,79,0.04,0.31,,1.00,29,16,,7
2532,desmethylsertraline,ESI+,DTXCID20307407,FALSE,79,0.03,0.26,,1.00,37,27,,7
2532,desmethylsertraline,ESI+,DTXCID20352093,FALSE,79,0.06,0.03,,1.00,23,76,,7
2532,desmethylsertraline,ESI+,DTXCID20390556,FALSE,79,0.03,0.11,,1.50,37,54,,6
2532,desmethylsertraline,ESI+,DTXCID20759624,FALSE,79,0.03,0.27,,1.00,37,24,,7
2532,desmethylsertraline,ESI+,DTXCID20896922,FALSE,79,0.08,0.32,,1.00,15,12,,7
2532,desmethylsertraline,ESI+,DTXCID301186137,FALSE,79,0.03,0.35,,1.00,37,9,,7
2532,desmethylsertraline,ESI+,DTXCID30204993,FALSE,79,0.03,0.37,,4.00,37,7,,1
2532,desmethylsertraline,ESI+,DTXCID30222354,TRUE,79,7.00,0.81,,1.00,1,1,,7
2532,desmethylsertraline,ESI+,DTXCID30284230,FALSE,79,0.08,0.36,,1.00,15,8,,7
2532,desmethylsertraline,ESI+,DTXCID30291166,FALSE,79,0.24,0.08,,3.00,6,67,,2
2532,desmethylsertraline,ESI+,DTXCID30310568,FALSE,79,0.08,0.13,,2.33,14,52,,4
2532,desmethylsertraline,ESI+,DTXCID30576344,FALSE,79,0.03,0.24,,1.00,32,30,,7
2532,desmethylsertraline,ESI+,DTXCID30623827,FALSE,79,0.03,0.10,,3.00,36,56,,2
2532,desmethylsertraline,ESI+,DTXCID30636114,FALSE,79,0.03,0.31,,3.00,37,15,,2
2532,desmethylsertraline,ESI+,DTXCID30859200,FALSE,79,0.03,0.09,,3.00,37,60,,2
2532,desmethylsertraline,ESI+,DTXCID401340500,FALSE,79,0.05,0.29,,1.00,25,22,,7
2532,desmethylsertraline,ESI+,DTXCID401386114,FALSE,79,0.14,0.06,,2.50,8,73,,3
2532,desmethylsertraline,ESI+,DTXCID40163007,FALSE,79,0.10,0.15,,3.00,12,45,,2
2532,desmethylsertraline,ESI+,DTXCID40239493,FALSE,79,0.06,0.10,,1.00,22,58,,7
2532,desmethylsertraline,ESI+,DTXCID40385106,FALSE,79,0.03,0.14,,1.00,37,47,,7
2532,desmethylsertraline,ESI+,DTXCID40557088,FALSE,79,0.03,0.15,,3.00,34,44,,2
2532,desmethylsertraline,ESI+,DTXCID40579563,FALSE,79,0.06,0.41,,1.00,24,4,,7
2532,desmethylsertraline,ESI+,DTXCID40741001,FALSE,79,0.03,0.03,,1.50,37,74,,6
2532,desmethylsertraline,ESI+,DTXCID40864805,FALSE,79,0.02,0.14,,1.00,38,48,,7
2532,desmethylsertraline,ESI+,DTXCID50275206,FALSE,79,0.12,0.03,,1.00,9,77,,7
2532,desmethylsertraline,ESI+,DTXCID50319533,FALSE,79,0.04,0.22,,1.00,27,35,,7
2532,desmethylsertraline,ESI+,DTXCID50425820,FALSE,79,0.05,0.09,,1.00,26,63,,7
2532,desmethylsertraline,ESI+,DTXCID50526604,FALSE,79,0.10,0.09,,1.00,10,61,,7
2532,desmethylsertraline,ESI+,DTXCID50792403,FALSE,79,0.03,0.38,,1.00,30,6,,7
2532,desmethylsertraline,ESI+,DTXCID601027853,FALSE,79,0.09,0.07,,3.00,13,72,,2
2532,desmethylsertraline,ESI+,DTXCID60301702,FALSE,79,0.06,0.10,,1.00,21,57,,7
2532,desmethylsertraline,ESI+,DTXCID60358392,FALSE,79,0.03,0.20,,1.00,31,39,,7
2532,desmethylsertraline,ESI+,DTXCID60682826,FALSE,79,0.03,0.30,,0.00,35,17,,8
2532,desmethylsertraline,ESI+,DTXCID60764696,FALSE,79,0.04,0.31,,1.00,29,14,,7
2532,desmethylsertraline,ESI+,DTXCID70266838,FALSE,79,0.07,0.10,,1.00,16,59,,7
2532,desmethylsertraline,ESI+,DTXCID70308247,FALSE,79,0.07,0.03,,1.00,18,75,,7
2532,desmethylsertraline,ESI+,DTXCID70335235,FALSE,79,0.06,0.25,,1.00,19,28,,7
2532,desmethylsertraline,ESI+,DTXCID70418193,FALSE,79,0.03,0.07,,1.50,37,68,,6
2532,desmethylsertraline,ESI+,DTXCID70483189,FALSE,79,0.03,0.15,,1.00,37,46,,7
2532,desmethylsertraline,ESI+,DTXCID70550103,FALSE,79,0.06,0.30,,1.00,20,18,,7
2532,desmethylsertraline,ESI+,DTXCID70636113,FALSE,79,0.04,0.22,,3.00,29,34,,2
2532,desmethylsertraline,ESI+,DTXCID70701971,FALSE,79,0.03,0.15,,1.00,37,42,,7
2532,desmethylsertraline,ESI+,DTXCID70724448,FALSE,79,0.03,0.16,,1.00,37,41,,7
2532,desmethylsertraline,ESI+,DTXCID801137959,FALSE,79,0.01,0.31,,1.00,39,13,,7
2532,desmethylsertraline,ESI+,DTXCID80134938,FALSE,79,0.39,0.07,,3.00,5,71,,2
2532,desmethylsertraline,ESI+,DTXCID80452583,FALSE,79,0.03,0.29,,1.50,37,21,,6
2532,desmethylsertraline,ESI+,DTXCID80493390,FALSE,79,0.03,0.07,,1.00,36,69,,7
2532,desmethylsertraline,ESI+,DTXCID80539227,FALSE,79,0.04,0.08,,3.00,29,65,,2
2532,desmethylsertraline,ESI+,DTXCID80642361,FALSE,79,0.04,0.51,,1.00,29,2,,7
2532,desmethylsertraline,ESI+,DTXCID80744733,FALSE,79,0.03,0.01,,1.00,37,78,,7
2532,desmethylsertraline,ESI+,DTXCID901321987,FALSE,79,0.04,0.22,,3.00,29,36,,2
2532,desmethylsertraline,ESI+,DTXCID90306482,FALSE,79,0.17,0.08,,1.00,7,66,,7
2532,desmethylsertraline,ESI+,DTXCID90319355,FALSE,79,0.07,0.20,,2.00,17,37,,5
2532,desmethylsertraline,ESI+,DTXCID90435069,FALSE,79,0.03,0.30,,3.00,37,20,,2
2532,desmethylsertraline,ESI+,DTXCID90474655,FALSE,79,0.03,0.40,,1.00,37,5,,7
2532,desmethylsertraline,ESI+,DTXCID90486814,FALSE,79,0.03,0.30,,1.00,34,19,,7
2532,desmethylsertraline,ESI+,DTXCID90493503,FALSE,79,0.03,0.11,,3.00,34,55,,2
2532,desmethylsertraline,ESI+,DTXCID90553272,FALSE,79,0.03,0.25,,1.00,33,29,,7
2532,desmethylsertraline,ESI+,DTXCID90642392,FALSE,79,0.03,0.35,,1.00,37,10,,7
2565,10-hydroxy-amitriptyline,ESI+,DTXCID001402754,FALSE,111,0.13,0.78,,3.50,22,18,,4
2565,10-hydroxy-amitriptyline,ESI+,DTXCID00223272,FALSE,111,4.14,0.81,,3.00,3,15,,6
2565,10-hydroxy-amitriptyline,ESI+,DTXCID00298884,FALSE,111,0.27,0.25,,3.00,14,110,,6
2565,10-hydroxy-amitriptyline,ESI+,DTXCID00507685,FALSE,111,0.03,0.37,,2.00,44,107,,11
2565,10-hydroxy-amitriptyline,ESI+,DTXCID00559164,FALSE,111,0.07,0.60,,3.00,35,47,,6
2565,10-hydroxy-amitriptyline,ESI+,DTXCID00692186,FALSE,111,0.06,0.52,,0.00,39,72,,14
2565,10-hydroxy-amitriptyline,ESI+,DTXCID00822643,FALSE,111,0.07,0.85,,3.00,32,11,,6
2565,10-hydroxy-amitriptyline,ESI+,DTXCID00876742,FALSE,111,0.57,0.75,,3.00,7,22,,6
2565,10-hydroxy-amitriptyline,ESI+,DTXCID00880743,FALSE,111,0.06,0.86,,0.00,40,10,,14
2565,10-hydroxy-amitriptyline,ESI+,DTXCID101371469,FALSE,111,0.06,0.86,,4.44,40,9,,2
2565,10-hydroxy-amitriptyline,ESI+,DTXCID101381789,FALSE,111,0.12,0.22,,3.00,24,111,,6
2565,10-hydroxy-amitriptyline,ESI+,DTXCID101472130,FALSE,111,0.13,0.51,,0.00,22,74,,14
2565,10-hydroxy-amitriptyline,ESI+,DTXCID10208318,FALSE,111,0.31,0.72,,3.00,12,25,,6
2565,10-hydroxy-amitriptyline,ESI+,DTXCID1041182,FALSE,111,1.17,0.40,,2.64,5,101,,7
2565,10-hydroxy-amitriptyline,ESI+,DTXCID10481447,FALSE,111,0.07,0.49,,3.00,37,78,,6
2565,10-hydroxy-amitriptyline,ESI+,DTXCID10593498,FALSE,111,0.06,0.49,,3.00,40,81,,6
2565,10-hydroxy-amitriptyline,ESI+,DTXCID10593953,FALSE,111,0.10,0.40,,3.00,31,102,,6
2565,10-hydroxy-amitriptyline,ESI+,DTXCID10594405,FALSE,111,0.06,0.55,,2.00,40,62,,11
2565,10-hydroxy-amitriptyline,ESI+,DTXCID10812974,FALSE,111,0.57,0.65,,3.00,8,37,,6
2565,10-hydroxy-amitriptyline,ESI+,DTXCID20139942,FALSE,111,0.10,0.47,,3.00,31,84,,6
2565,10-hydroxy-amitriptyline,ESI+,DTXCID201441170,FALSE,111,0.06,0.67,,4.00,40,34,,3
2565,10-hydroxy-amitriptyline,ESI+,DTXCID201457955,FALSE,111,0.03,0.54,,0.00,44,67,,14
2565,10-hydroxy-amitriptyline,ESI+,DTXCID20556231,FALSE,111,0.03,0.55,,3.00,42,61,,6
2565,10-hydroxy-amitriptyline,ESI+,DTXCID20593424,FALSE,111,0.06,0.45,,0.00,40,92,,14
2565,10-hydroxy-amitriptyline,ESI+,DTXCID20593500,FALSE,111,0.10,0.49,,3.00,31,79,,6
2565,10-hydroxy-amitriptyline,ESI+,DTXCID20876749,FALSE,111,0.13,0.71,,3.00,22,26,,6
2565,10-hydroxy-amitriptyline,ESI+,DTXCID20897358,FALSE,111,0.10,0.82,,0.00,27,13,,14
2565,10-hydroxy-amitriptyline,ESI+,DTXCID20974077,FALSE,111,0.03,0.41,,3.00,44,100,,6
2565,10-hydroxy-amitriptyline,ESI+,DTXCID20983220,FALSE,111,0.06,0.92,,0.00,40,5,,14
2565,10-hydroxy-amitriptyline,ESI+,DTXCID301036645,FALSE,111,0.06,0.61,,0.00,40,44,,14
2565,10-hydroxy-amitriptyline,ESI+,DTXCID301060426,FALSE,111,0.03,0.46,,3.00,44,91,,6
2565,10-hydroxy-amitriptyline,ESI+,DTXCID30388464,FALSE,111,0.19,0.46,,3.00,18,89,,6
2565,10-hydroxy-amitriptyline,ESI+,DTXCID30415688,FALSE,111,0.10,0.64,,3.00,31,38,,6
2565,10-hydroxy-amitriptyline,ESI+,DTXCID30593874,FALSE,111,0.06,0.44,,2.00,40,97,,11
2565,10-hydroxy-amitriptyline,ESI+,DTXCID30593950,FALSE,111,0.10,0.46,,1.00,31,87,,13
2565,10-hydroxy-amitriptyline,ESI+,DTXCID30593955,FALSE,111,0.06,0.36,,2.00,40,109,,11
2565,10-hydroxy-amitriptyline,ESI+,DTXCID30594326,FALSE,111,0.06,0.45,,0.00,40,94,,14
2565,10-hydroxy-amitriptyline,ESI+,DTXCID30594402,FALSE,111,0.10,0.49,,0.00,31,82,,14
2565,10-hydroxy-amitriptyline,ESI+,DTXCID30670912,FALSE,111,0.03,0.67,,3.00,43,33,,6
2565,10-hydroxy-amitriptyline,ESI+,DTXCID30756563,FALSE,111,0.06,0.65,,3.00,40,36,,6
2565,10-hydroxy-amitriptyline,ESI+,DTXCID30840294,FALSE,111,0.04,0.38,,2.00,41,106,,11
2565,10-hydroxy-amitriptyline,ESI+,DTXCID30920626,FALSE,111,0.07,0.66,,3.00,36,35,,6
2565,10-hydroxy-amitriptyline,ESI+,DTXCID30958828,FALSE,111,0.10,0.81,,3.00,31,14,,6
2565,10-hydroxy-amitriptyline,ESI+,DTXCID4026187,FALSE,111,1.85,0.67,,4.00,4,32,,3
2565,10-hydroxy-amitriptyline,ESI+,DTXCID40276343,FALSE,111,0.17,0.47,,3.00,19,85,,6
2565,10-hydroxy-amitriptyline,ESI+,DTXCID40343448,FALSE,111,0.54,0.61,,1.00,9,45,,13
2565,10-hydroxy-amitriptyline,ESI+,DTXCID40593502,FALSE,111,0.10,0.43,,3.00,31,98,,6
2565,10-hydroxy-amitriptyline,ESI+,DTXCID40699558,FALSE,111,0.06,0.74,,3.00,40,24,,6
2565,10-hydroxy-amitriptyline,ESI+,DTXCID40846641,FALSE,111,0.47,0.76,,3.00,10,21,,6
2565,10-hydroxy-amitriptyline,ESI+,DTXCID4093433,FALSE,111,0.34,0.70,,3.25,11,28,,5
2565,10-hydroxy-amitriptyline,ESI+,DTXCID40973709,FALSE,111,0.03,0.52,,3.00,44,73,,6
2565,10-hydroxy-amitriptyline,ESI+,DTXCID501471053,FALSE,111,0.13,0.57,,3.00,20,54,,6
2565,10-hydroxy-amitriptyline,ESI+,DTXCID50515876,FALSE,111,0.10,0.61,,3.00,29,46,,6
2565,10-hydroxy-amitriptyline,ESI+,DTXCID50593497,FALSE,111,0.06,0.55,,1.00,40,63,,13
2565,10-hydroxy-amitriptyline,ESI+,DTXCID50593952,FALSE,111,0.10,0.46,,2.50,31,88,,8
2565,10-hydroxy-amitriptyline,ESI+,DTXCID50594404,FALSE,111,0.06,0.49,,0.00,40,80,,14
2565,10-hydroxy-amitriptyline,ESI+,DTXCID50690874,FALSE,111,0.10,0.45,,0.00,30,95,,14
2565,10-hydroxy-amitriptyline,ESI+,DTXCID50873423,FALSE,111,0.06,0.63,,0.00,40,40,,14
2565,10-hydroxy-amitriptyline,ESI+,DTXCID50901710,FALSE,111,0.13,0.57,,3.00,22,52,,6
2565,10-hydroxy-amitriptyline,ESI+,DTXCID50936042,FALSE,111,0.03,0.79,,3.00,44,17,,6
2565,10-hydroxy-amitriptyline,ESI+,DTXCID50980025,FALSE,111,0.03,0.46,,3.00,44,90,,6
2565,10-hydroxy-amitriptyline,ESI+,DTXCID601012002,TRUE,111,4.29,0.98,,3.00,1,2,,6
2565,10-hydroxy-amitriptyline,ESI+,DTXCID60140153,FALSE,111,0.10,0.50,,1.00,31,76,,13
2565,10-hydroxy-amitriptyline,ESI+,DTXCID601403843,FALSE,111,0.20,0.58,,3.00,17,49,,6
2565,10-hydroxy-amitriptyline,ESI+,DTXCID601418232,FALSE,111,0.06,0.61,,3.00,40,43,,6
2565,10-hydroxy-amitriptyline,ESI+,DTXCID601467665,FALSE,111,0.10,0.57,,0.00,27,51,,14
2565,10-hydroxy-amitriptyline,ESI+,DTXCID60202104,FALSE,111,0.13,0.69,,6.00,22,30,,1
2565,10-hydroxy-amitriptyline,ESI+,DTXCID60519380,FALSE,111,0.07,0.53,,3.00,34,68,,6
2565,10-hydroxy-amitriptyline,ESI+,DTXCID60593423,FALSE,111,0.10,0.56,,0.00,31,56,,14
2565,10-hydroxy-amitriptyline,ESI+,DTXCID60879638,FALSE,111,0.06,0.89,,3.00,40,6,,6
2565,10-hydroxy-amitriptyline,ESI+,DTXCID60880880,FALSE,111,0.06,0.64,,0.00,40,39,,14
2565,10-hydroxy-amitriptyline,ESI+,DTXCID701071877,FALSE,111,0.06,0.63,,2.33,40,42,,9
2565,10-hydroxy-amitriptyline,ESI+,DTXCID701452843,FALSE,111,0.07,1.01,,0.00,38,1,,14
2565,10-hydroxy-amitriptyline,ESI+,DTXCID701455978,FALSE,111,0.06,0.60,,0.00,40,48,,14
2565,10-hydroxy-amitriptyline,ESI+,DTXCID701467599,FALSE,111,0.03,0.89,,0.00,44,7,,14
2565,10-hydroxy-amitriptyline,ESI+,DTXCID701468109,FALSE,111,0.03,0.53,,0.00,44,70,,14
2565,10-hydroxy-amitriptyline,ESI+,DTXCID701471061,FALSE,111,0.13,0.57,,0.00,20,50,,14
2565,10-hydroxy-amitriptyline,ESI+,DTXCID70201385,FALSE,111,0.06,0.56,,0.00,40,59,,14
2565,10-hydroxy-amitriptyline,ESI+,DTXCID70572209,FALSE,111,0.22,0.45,,2.50,16,93,,8
2565,10-hydroxy-amitriptyline,ESI+,DTXCID70593499,FALSE,111,0.06,0.55,,2.00,40,64,,11
2565,10-hydroxy-amitriptyline,ESI+,DTXCID70593873,FALSE,111,0.10,0.50,,0.00,31,77,,14
2565,10-hydroxy-amitriptyline,ESI+,DTXCID70593954,FALSE,111,0.06,0.46,,1.00,40,86,,13
2565,10-hydroxy-amitriptyline,ESI+,DTXCID70594325,FALSE,111,0.10,0.56,,0.00,31,58,,14
2565,10-hydroxy-amitriptyline,ESI+,DTXCID70594401,FALSE,111,0.10,0.55,,2.50,31,65,,8
2565,10-hydroxy-amitriptyline,ESI+,DTXCID70594406,FALSE,111,0.06,0.43,,0.00,40,99,,14
2565,10-hydroxy-amitriptyline,ESI+,DTXCID70975973,FALSE,111,0.03,0.77,,3.00,44,20,,6
2565,10-hydroxy-amitriptyline,ESI+,DTXCID801395933,FALSE,111,0.11,0.56,,3.50,25,55,,4
2565,10-hydroxy-amitriptyline,ESI+,DTXCID80198651,FALSE,111,0.06,0.93,,0.00,40,4,,14
2565,10-hydroxy-amitriptyline,ESI+,DTXCID80200849,FALSE,111,0.13,0.48,,0.00,21,83,,14
2565,10-hydroxy-amitriptyline,ESI+,DTXCID80224868,FALSE,111,0.65,0.74,,3.00,6,23,,6
2565,10-hydroxy-amitriptyline,ESI+,DTXCID80343780,FALSE,111,0.12,0.38,,1.50,23,105,,12
2565,10-hydroxy-amitriptyline,ESI+,DTXCID80498527,FALSE,111,0.24,0.38,,3.00,15,104,,6
2565,10-hydroxy-amitriptyline,ESI+,DTXCID80571208,FALSE,111,0.07,0.53,,0.00,33,69,,14
2565,10-hydroxy-amitriptyline,ESI+,DTXCID80593425,FALSE,111,0.06,0.57,,0.00,40,53,,14
2565,10-hydroxy-amitriptyline,ESI+,DTXCID80593501,FALSE,111,0.06,0.55,,3.00,40,60,,6
2565,10-hydroxy-amitriptyline,ESI+,DTXCID80794293,FALSE,111,0.03,0.52,,3.00,44,71,,6
2565,10-hydroxy-amitriptyline,ESI+,DTXCID80880741,FALSE,111,0.29,0.70,,2.50,13,29,,8
2565,10-hydroxy-amitriptyline,ESI+,DTXCID8094411,FALSE,111,0.06,0.87,,3.00,40,8,,6
2565,10-hydroxy-amitriptyline,ESI+,DTXCID8094413,FALSE,111,0.13,0.80,,3.00,22,16,,6
2565,10-hydroxy-amitriptyline,ESI+,DTXCID901044200,FALSE,111,0.06,0.82,,3.00,40,12,,6
2565,10-hydroxy-amitriptyline,ESI+,DTXCID90118249,FALSE,111,4.15,0.71,,2.25,2,27,,10
2565,10-hydroxy-amitriptyline,ESI+,DTXCID901340731,FALSE,111,0.06,0.37,,0.00,40,108,,14
2565,10-hydroxy-amitriptyline,ESI+,DTXCID901368587,FALSE,111,0.13,0.96,,3.00,22,3,,6
2565,10-hydroxy-amitriptyline,ESI+,DTXCID901389599,FALSE,111,0.10,0.68,,3.00,31,31,,6
2565,10-hydroxy-amitriptyline,ESI+,DTXCID90223685,FALSE,111,0.10,0.44,,3.00,31,96,,6
2565,10-hydroxy-amitriptyline,ESI+,DTXCID90397799,FALSE,111,0.10,0.77,,3.00,28,19,,6
2565,10-hydroxy-amitriptyline,ESI+,DTXCID90593875,FALSE,111,0.10,0.50,,2.00,31,75,,11
2565,10-hydroxy-amitriptyline,ESI+,DTXCID90593951,FALSE,111,0.10,0.40,,3.00,31,103,,6
2565,10-hydroxy-amitriptyline,ESI+,DTXCID90594327,FALSE,111,0.10,0.56,,0.00,31,57,,14
2565,10-hydroxy-amitriptyline,ESI+,DTXCID90594403,FALSE,111,0.10,0.55,,2.00,31,66,,11
2565,10-hydroxy-amitriptyline,ESI+,DTXCID90952761,FALSE,111,0.11,0.63,,3.00,26,41,,6
2599,norfluoxetine,ESI+,DTXCID001037206,FALSE,148,0.01,,,1.00,73,,,12
2599,norfluoxetine,ESI+,DTXCID00104577,FALSE,148,0.09,0.55,,1.00,16,110,,12
2599,norfluoxetine,ESI+,DTXCID00129149,FALSE,148,0.03,0.76,,3.00,69,26,,5
2599,norfluoxetine,ESI+,DTXCID00166574,FALSE,148,0.08,0.59,,1.00,19,90,,12
2599,norfluoxetine,ESI+,DTXCID00202269,FALSE,148,0.03,0.75,,0.00,70,29,,13
2599,norfluoxetine,ESI+,DTXCID00226985,FALSE,148,0.04,0.64,,3.00,56,66,,5
2599,norfluoxetine,ESI+,DTXCID00283098,FALSE,148,0.15,0.77,,1.00,10,23,,12
2599,norfluoxetine,ESI+,DTXCID00389504,FALSE,148,0.04,0.68,,1.00,51,53,,12
2599,norfluoxetine,ESI+,DTXCID00458643,FALSE,148,0.05,0.40,,3.00,42,138,,5
2599,norfluoxetine,ESI+,DTXCID00657573,FALSE,148,0.01,0.73,,0.00,73,35,,13
2599,norfluoxetine,ESI+,DTXCID00867296,FALSE,148,0.29,0.67,,1.00,5,56,,12
2599,norfluoxetine,ESI+,DTXCID00892987,FALSE,148,0.05,0.61,,3.00,43,82,,5
2599,norfluoxetine,ESI+,DTXCID101002325,FALSE,148,0.03,0.50,,1.00,69,121,,12
2599,norfluoxetine,ESI+,DTXCID101072691,FALSE,148,0.08,0.56,,2.00,20,104,,9
2599,norfluoxetine,ESI+,DTXCID101250853,FALSE,148,0.03,0.45,,3.00,70,130,,5
2599,norfluoxetine,ESI+,DTXCID101315908,FALSE,148,0.05,0.86,,0.00,39,6,,13
2599,norfluoxetine,ESI+,DTXCID101345670,FALSE,148,0.06,0.68,,1.00,30,51,,12
2599,norfluoxetine,ESI+,DTXCID101357746,FALSE,148,0.04,0.55,,2.50,56,108,,6
2599,norfluoxetine,ESI+,DTXCID101364098,FALSE,148,0.05,0.72,,2.50,35,36,,6
2599,norfluoxetine,ESI+,DTXCID101404777,FALSE,148,0.03,0.67,,0.00,70,54,,13
2599,norfluoxetine,ESI+,DTXCID10142667,FALSE,148,0.07,0.73,,3.00,26,32,,5
2599,norfluoxetine,ESI+,DTXCID10239364,FALSE,148,0.04,0.33,,2.50,52,143,,6
2599,norfluoxetine,ESI+,DTXCID10302224,FALSE,148,0.01,0.71,,1.00,73,39,,12
2599,norfluoxetine,ESI+,DTXCID10482176,FALSE,148,0.03,0.58,,1.00,61,92,,12
2599,norfluoxetine,ESI+,DTXCID10537014,FALSE,148,0.06,0.70,,1.00,32,45,,12
2599,norfluoxetine,ESI+,DTXCID10572824,FALSE,148,0.03,0.81,,2.00,57,16,,9
2599,norfluoxetine,ESI+,DTXCID10580368,FALSE,148,0.04,0.55,,2.50,47,109,,6
2599,norfluoxetine,ESI+,DTXCID10636117,FALSE,148,0.03,0.85,,3.00,70,10,,5
2599,norfluoxetine,ESI+,DTXCID10712667,FALSE,148,0.03,0.79,,1.00,70,20,,12
2599,norfluoxetine,ESI+,DTXCID10931836,FALSE,148,0.03,0.69,,1.50,70,47,,10
2599,norfluoxetine,ESI+,DTXCID201131696,FALSE,148,0.01,0.50,,1.00,73,120,,12
2599,norfluoxetine,ESI+,DTXCID201377634,FALSE,148,0.04,0.57,,1.00,44,98,,12
2599,norfluoxetine,ESI+,DTXCID20219273,FALSE,148,0.15,0.56,,4.50,11,105,,3
2599,norfluoxetine,ESI+,DTXCID20427619,FALSE,148,0.06,0.40,,1.00,31,137,,12
2599,norfluoxetine,ESI+,DTXCID20505901,FALSE,148,0.03,0.99,,1.50,65,1,,10
2599,norfluoxetine,ESI+,DTXCID20531220,FALSE,148,0.03,0.70,,1.00,58,46,,12
2599,norfluoxetine,ESI+,DTXCID20715402,FALSE,148,0.03,0.56,,1.00,70,103,,12
2599,norfluoxetine,ESI+,DTXCID20825691,FALSE,148,0.07,0.88,,3.00,22,4,,5
2599,norfluoxetine,ESI+,DTXCID20860764,FALSE,148,0.05,0.77,,3.00,42,24,,5
2599,norfluoxetine,ESI+,DTXCID20872923,FALSE,148,0.00,0.74,,0.00,74,31,,13
2599,norfluoxetine,ESI+,DTXCID20921405,FALSE,148,0.01,0.78,,1.00,73,21,,12
2599,norfluoxetine,ESI+,DTXCID301041272,FALSE,148,0.01,0.54,,1.50,73,114,,10
2599,norfluoxetine,ESI+,DTXCID301322420,FALSE,148,0.03,0.80,,2.50,62,18,,6
2599,norfluoxetine,ESI+,DTXCID30301239,FALSE,148,0.09,0.64,,1.00,17,67,,12
2599,norfluoxetine,ESI+,DTXCID30634155,FALSE,148,0.04,0.58,,3.00,48,91,,5
2599,norfluoxetine,ESI+,DTXCID30642477,FALSE,148,0.03,0.45,,3.00,70,129,,5
2599,norfluoxetine,ESI+,DTXCID30738849,FALSE,148,0.01,0.73,,1.00,73,34,,12
2599,norfluoxetine,ESI+,DTXCID30757590,FALSE,148,0.01,0.46,,1.00,73,127,,12
2599,norfluoxetine,ESI+,DTXCID30781214,FALSE,148,0.03,0.59,,1.00,70,84,,12
2599,norfluoxetine,ESI+,DTXCID30782281,FALSE,148,0.01,0.53,,1.00,71,116,,12
2599,norfluoxetine,ESI+,DTXCID30960224,FALSE,148,0.03,0.85,,3.00,70,7,,5
2599,norfluoxetine,ESI+,DTXCID30985937,FALSE,148,0.01,2.60837e-05,,2.00,73,145,,9
2599,norfluoxetine,ESI+,DTXCID30996003,FALSE,148,0.01,0.63,,1.00,73,70,,12
2599,norfluoxetine,ESI+,DTXCID40118012,FALSE,148,0.05,0.69,,3.00,41,50,,5
2599,norfluoxetine,ESI+,DTXCID40125903,FALSE,148,0.04,0.64,,1.50,56,68,,10
2599,norfluoxetine,ESI+,DTXCID40135704,FALSE,148,0.09,0.67,,1.00,15,60,,12
2599,norfluoxetine,ESI+,DTXCID401364728,FALSE,148,2.54,0.26,,2.22,2,144,,8
2599,norfluoxetine,ESI+,DTXCID401444144,FALSE,148,0.03,0.64,,3.00,69,65,,5
2599,norfluoxetine,ESI+,DTXCID40394354,FALSE,148,0.03,0.54,,1.00,70,112,,12
2599,norfluoxetine,ESI+,DTXCID40555322,FALSE,148,0.03,0.85,,2.00,68,8,,9
2599,norfluoxetine,ESI+,DTXCID40691512,FALSE,148,0.03,0.71,,0.00,66,41,,13
2599,norfluoxetine,ESI+,DTXCID40723327,FALSE,148,0.05,0.69,,1.00,33,48,,12
2599,norfluoxetine,ESI+,DTXCID40750214,FALSE,148,0.03,0.66,,1.00,68,63,,12
2599,norfluoxetine,ESI+,DTXCID40794719,FALSE,148,0.04,0.67,,1.00,56,59,,12
2599,norfluoxetine,ESI+,DTXCID40962936,FALSE,148,0.03,0.77,,1.00,70,25,,12
2599,norfluoxetine,ESI+,DTXCID40976775,FALSE,148,0.01,0.52,,1.00,73,118,,12
2599,norfluoxetine,ESI+,DTXCID50130982,FALSE,148,0.05,0.87,,1.00,37,5,,12
2599,norfluoxetine,ESI+,DTXCID501367551,FALSE,148,0.03,0.90,,1.50,70,3,,10
2599,norfluoxetine,ESI+,DTXCID501430801,FALSE,148,0.03,0.56,,3.00,70,107,,5
2599,norfluoxetine,ESI+,DTXCID501433974,FALSE,148,0.03,0.37,,0.00,70,141,,13
2599,norfluoxetine,ESI+,DTXCID501439877,FALSE,148,0.19,0.54,,3.00,7,113,,5
2599,norfluoxetine,ESI+,DTXCID501463046,FALSE,148,0.05,0.66,,2.00,35,62,,9
2599,norfluoxetine,ESI+,DTXCID50199978,TRUE,148,5.71,0.82,,5.00,1,15,,2
2599,norfluoxetine,ESI+,DTXCID5020360,FALSE,148,2.31,0.40,,5.42,3,136,,1
2599,norfluoxetine,ESI+,DTXCID50223303,FALSE,148,0.08,0.50,,3.00,21,122,,5
2599,norfluoxetine,ESI+,DTXCID50304565,FALSE,148,0.03,0.68,,1.00,70,52,,12
2599,norfluoxetine,ESI+,DTXCID50367933,FALSE,148,0.04,0.62,,3.00,49,76,,5
2599,norfluoxetine,ESI+,DTXCID50600897,FALSE,148,0.03,0.43,,3.00,70,134,,5
2599,norfluoxetine,ESI+,DTXCID50636116,FALSE,148,0.03,0.85,,3.00,70,12,,5
2599,norfluoxetine,ESI+,DTXCID50642479,FALSE,148,0.03,0.46,,3.00,70,125,,5
2599,norfluoxetine,ESI+,DTXCID50678051,FALSE,148,0.03,0.85,,1.00,59,9,,12
2599,norfluoxetine,ESI+,DTXCID50940705,FALSE,148,0.01,0.35,,3.00,72,142,,5
2599,norfluoxetine,ESI+,DTXCID50946308,FALSE,148,0.05,0.81,,1.00,42,17,,12
2599,norfluoxetine,ESI+,DTXCID50998660,FALSE,148,0.03,0.59,,0.00,69,85,,13
2599,norfluoxetine,ESI+,DTXCID601013143,FALSE,148,0.04,0.59,,3.00,56,89,,5
2599,norfluoxetine,ESI+,DTXCID601040047,FALSE,148,0.03,0.51,,2.00,66,119,,9
2599,norfluoxetine,ESI+,DTXCID601112587,FALSE,148,0.04,0.73,,0.00,56,33,,13
2599,norfluoxetine,ESI+,DTXCID601124477,FALSE,148,0.01,0.61,,3.00,73,81,,5
2599,norfluoxetine,ESI+,DTXCID60113029,FALSE,148,0.24,0.57,,1.00,6,101,,12
2599,norfluoxetine,ESI+,DTXCID60123183,FALSE,148,0.04,0.44,,3.00,56,133,,5
2599,norfluoxetine,ESI+,DTXCID601469954,FALSE,148,0.03,0.62,,0.00,70,75,,13
2599,norfluoxetine,ESI+,DTXCID601489413,FALSE,148,0.03,,,0.00,70,,,13
2599,norfluoxetine,ESI+,DTXCID60264767,FALSE,148,0.04,0.96,,3.00,56,2,,5
2599,norfluoxetine,ESI+,DTXCID60355124,FALSE,148,0.05,0.54,,1.50,38,111,,10
2599,norfluoxetine,ESI+,DTXCID60397408,FALSE,148,0.04,0.62,,1.00,55,77,,12
2599,norfluoxetine,ESI+,DTXCID60422305,FALSE,148,0.03,0.52,,1.00,64,117,,12
2599,norfluoxetine,ESI+,DTXCID60433714,FALSE,148,0.03,0.62,,1.00,70,79,,12
2599,norfluoxetine,ESI+,DTXCID60642480,FALSE,148,0.03,0.46,,3.00,70,126,,5
2599,norfluoxetine,ESI+,DTXCID60650262,FALSE,148,0.06,0.45,,1.00,29,128,,12
2599,norfluoxetine,ESI+,DTXCID60743527,FALSE,148,0.01,0.57,,1.50,73,99,,10
2599,norfluoxetine,ESI+,DTXCID60868668,FALSE,148,0.04,0.61,,1.00,45,83,,12
2599,norfluoxetine,ESI+,DTXCID60964290,FALSE,148,0.12,0.70,,3.00,13,44,,5
2599,norfluoxetine,ESI+,DTXCID701002573,FALSE,148,0.05,0.78,,1.50,34,22,,10
2599,norfluoxetine,ESI+,DTXCID701067767,FALSE,148,0.05,0.39,,1.00,40,139,,12
2599,norfluoxetine,ESI+,DTXCID70116389,FALSE,148,0.06,0.59,,1.00,27,86,,12
2599,norfluoxetine,ESI+,DTXCID701381101,FALSE,148,0.04,0.65,,1.00,56,64,,12
2599,norfluoxetine,ESI+,DTXCID701451990,FALSE,148,0.06,0.63,,4.50,27,69,,3
2599,norfluoxetine,ESI+,DTXCID701452429,FALSE,148,0.01,0.83,,0.00,73,14,,13
2599,norfluoxetine,ESI+,DTXCID701464040,FALSE,148,0.01,0.76,,0.00,73,28,,13
2599,norfluoxetine,ESI+,DTXCID70238414,FALSE,148,0.04,0.63,,1.00,56,73,,12
2599,norfluoxetine,ESI+,DTXCID70288353,FALSE,148,0.01,0.85,,1.00,73,11,,12
2599,norfluoxetine,ESI+,DTXCID70305670,FALSE,148,0.03,0.59,,1.33,60,88,,11
2599,norfluoxetine,ESI+,DTXCID70310244,FALSE,148,0.07,0.70,,2.00,25,42,,9
2599,norfluoxetine,ESI+,DTXCID70634154,FALSE,148,0.03,0.59,,0.00,70,87,,13
2599,norfluoxetine,ESI+,DTXCID70702988,FALSE,148,0.01,0.62,,1.00,73,78,,12
2599,norfluoxetine,ESI+,DTXCID70803161,FALSE,148,0.06,0.45,,1.50,30,132,,10
2599,norfluoxetine,ESI+,DTXCID70957653,FALSE,148,0.03,0.70,,1.00,68,43,,12
2599,norfluoxetine,ESI+,DTXCID80108159,FALSE,148,0.12,0.72,,1.00,12,37,,12
2599,norfluoxetine,ESI+,DTXCID801190878,FALSE,148,0.03,0.63,,3.00,70,72,,5
2599,norfluoxetine,ESI+,DTXCID801463045,FALSE,148,0.10,0.67,,2.00,14,57,,9
2599,norfluoxetine,ESI+,DTXCID801468714,FALSE,148,0.16,0.72,,1.00,8,38,,12
2599,norfluoxetine,ESI+,DTXCID801489257,FALSE,148,0.04,,,1.50,54,,,10
2599,norfluoxetine,ESI+,DTXCID80295215,FALSE,148,0.01,0.63,,1.00,73,74,,12
2599,norfluoxetine,ESI+,DTXCID8031578,FALSE,148,1.94,0.67,,3.75,4,55,,4
2599,norfluoxetine,ESI+,DTXCID80411837,FALSE,148,0.06,0.45,,1.00,28,131,,12
2599,norfluoxetine,ESI+,DTXCID80433670,FALSE,148,0.04,0.58,,1.00,53,94,,12
2599,norfluoxetine,ESI+,DTXCID80482481,FALSE,148,0.03,0.76,,2.33,64,27,,7
2599,norfluoxetine,ESI+,DTXCID80691516,FALSE,148,0.04,0.66,,0.00,50,61,,13
2599,norfluoxetine,ESI+,DTXCID8073849,FALSE,148,0.04,0.57,,1.50,56,100,,10
2599,norfluoxetine,ESI+,DTXCID80745467,FALSE,148,0.04,0.75,,1.00,46,30,,12
2599,norfluoxetine,ESI+,DTXCID80856966,FALSE,148,0.03,0.56,,1.50,70,106,,10
2599,norfluoxetine,ESI+,DTXCID80902053,FALSE,148,0.07,0.57,,1.00,24,102,,12
2599,norfluoxetine,ESI+,DTXCID80918235,FALSE,148,0.01,0.58,,3.00,73,97,,5
2599,norfluoxetine,ESI+,DTXCID80964292,FALSE,148,0.16,0.67,,3.00,9,58,,5
2599,norfluoxetine,ESI+,DTXCID90127639,FALSE,148,0.05,0.58,,1.00,41,96,,12
2599,norfluoxetine,ESI+,DTXCID901453435,FALSE,148,0.01,0.49,,0.00,73,123,,13
2599,norfluoxetine,ESI+,DTXCID90300804,FALSE,148,0.08,0.71,,3.00,18,40,,5
2599,norfluoxetine,ESI+,DTXCID90349071,FALSE,148,0.07,0.84,,1.50,23,13,,10
2599,norfluoxetine,ESI+,DTXCID90634156,FALSE,148,0.04,0.58,,3.00,56,93,,5
2599,norfluoxetine,ESI+,DTXCID90636115,FALSE,148,0.03,0.79,,3.00,70,19,,5
2599,norfluoxetine,ESI+,DTXCID90642478,FALSE,148,0.03,0.46,,3.00,68,124,,5
2599,norfluoxetine,ESI+,DTXCID90689202,FALSE,148,0.03,0.53,,0.00,66,115,,13
2599,norfluoxetine,ESI+,DTXCID90691522,FALSE,148,0.03,0.61,,0.00,67,80,,13
2599,norfluoxetine,ESI+,DTXCID90724960,FALSE,148,0.05,0.43,,3.00,42,135,,5
2599,norfluoxetine,ESI+,DTXCID9079939,FALSE,148,0.04,0.38,,1.00,56,140,,12
2599,norfluoxetine,ESI+,DTXCID90947657,FALSE,148,0.05,0.69,,1.50,36,49,,10
2599,norfluoxetine,ESI+,DTXCID90962502,FALSE,148,0.03,0.58,,1.00,63,95,,12
2599,norfluoxetine,ESI+,DTXCID90996004,FALSE,148,0.01,0.63,,1.00,73,71,,12
2653,norethindrone,ESI+,DTXCID001042988,FALSE,96,0.01,1.36,,2.50,50,3,,9
2653,norethindrone,ESI+,DTXCID001338068,FALSE,96,0.02,1.12,,0.00,46,60,,15
2653,norethindrone,ESI+,DTXCID001339735,FALSE,96,0.03,1.33,,0.00,34,9,,15
2653,norethindrone,ESI+,DTXCID001439553,FALSE,96,0.03,1.00,,0.00,38,90,,15
2653,norethindrone,ESI+,DTXCID001443506,FALSE,96,0.00,1.13,,3.00,51,54,,6
2653,norethindrone,ESI+,DTXCID001464499,FALSE,96,0.05,1.24,,3.00,27,23,,6
2653,norethindrone,ESI+,DTXCID00335329,FALSE,96,0.03,1.26,,2.50,39,20,,9
2653,norethindrone,ESI+,DTXCID101377831,FALSE,96,0.03,1.17,,3.00,38,37,,6
2653,norethindrone,ESI+,DTXCID101492613,FALSE,96,0.10,,,0.00,13,,,15
2653,norethindrone,ESI+,DTXCID10442795,FALSE,96,0.02,1.33,,2.50,40,8,,9
2653,norethindrone,ESI+,DTXCID10455946,FALSE,96,0.02,1.03,,2.50,42,83,,9
2653,norethindrone,ESI+,DTXCID10524404,FALSE,96,0.03,1.13,,2.50,38,55,,9
2653,norethindrone,ESI+,DTXCID1069081,FALSE,96,0.03,1.11,,3.00,38,66,,6
2653,norethindrone,ESI+,DTXCID10760365,FALSE,96,0.02,1.16,,2.50,46,41,,9
2653,norethindrone,ESI+,DTXCID1077393,FALSE,96,0.03,1.23,,1.50,38,24,,12
2653,norethindrone,ESI+,DTXCID10810556,FALSE,96,0.22,1.28,,3.00,7,17,,6
2653,norethindrone,ESI+,DTXCID10961239,FALSE,96,0.02,0.91,,2.50,46,94,,9
2653,norethindrone,ESI+,DTXCID10984069,FALSE,96,0.01,1.03,,2.00,50,82,,11
2653,norethindrone,ESI+,DTXCID201443471,FALSE,96,0.08,1.19,,3.00,16,30,,6
2653,norethindrone,ESI+,DTXCID20401434,FALSE,96,0.04,0.97,,2.50,31,92,,9
2653,norethindrone,ESI+,DTXCID20715427,FALSE,96,0.02,1.31,,2.50,46,11,,9
2653,norethindrone,ESI+,DTXCID2077415,FALSE,96,0.03,1.18,,2.50,38,35,,9
2653,norethindrone,ESI+,DTXCID20841376,FALSE,96,0.02,1.13,,0.00,46,53,,15
2653,norethindrone,ESI+,DTXCID20915607,FALSE,96,0.01,1.16,,2.33,50,39,,10
2653,norethindrone,ESI+,DTXCID20958872,FALSE,96,0.03,1.05,,2.50,33,78,,9
2653,norethindrone,ESI+,DTXCID20973404,FALSE,96,0.12,1.10,,1.00,11,68,,14
2653,norethindrone,ESI+,DTXCID30109590,FALSE,96,0.03,1.15,,2.50,38,46,,9
2653,norethindrone,ESI+,DTXCID30350282,FALSE,96,0.01,1.27,,1.50,47,18,,12
2653,norethindrone,ESI+,DTXCID30391695,FALSE,96,0.06,1.18,,2.50,22,36,,9
2653,norethindrone,ESI+,DTXCID30428490,FALSE,96,0.03,1.38,,2.50,35,2,,9
2653,norethindrone,ESI+,DTXCID30708466,FALSE,96,0.02,1.09,,1.50,46,72,,12
2653,norethindrone,ESI+,DTXCID30777091,FALSE,96,0.03,1.35,,1.50,38,6,,12
2653,norethindrone,ESI+,DTXCID30791914,FALSE,96,0.03,1.03,,2.50,36,81,,9
2653,norethindrone,ESI+,DTXCID30848290,FALSE,96,0.01,1.12,,1.50,50,63,,12
2653,norethindrone,ESI+,DTXCID30908722,FALSE,96,0.05,1.12,,3.00,29,57,,6
2653,norethindrone,ESI+,DTXCID40113643,FALSE,96,0.05,1.31,,2.94,26,13,,7
2653,norethindrone,ESI+,DTXCID40166412,FALSE,96,0.03,1.10,,1.50,38,69,,12
2653,norethindrone,ESI+,DTXCID40546795,FALSE,96,0.03,0.83,,2.00,37,95,,11
2653,norethindrone,ESI+,DTXCID40817275,FALSE,96,0.54,1.12,,3.00,3,61,,6
2653,norethindrone,ESI+,DTXCID40908470,FALSE,96,0.02,1.29,,3.00,46,16,,6
2653,norethindrone,ESI+,DTXCID40916075,FALSE,96,0.01,1.18,,2.50,50,34,,9
2653,norethindrone,ESI+,DTXCID40940956,FALSE,96,0.34,1.08,,2.67,5,75,,8
2653,norethindrone,ESI+,DTXCID40948331,FALSE,96,0.01,1.26,,3.00,50,19,,6
2653,norethindrone,ESI+,DTXCID40951128,FALSE,96,0.03,1.17,,3.00,38,38,,6
2653,norethindrone,ESI+,DTXCID40951183,FALSE,96,0.03,1.15,,3.00,38,47,,6
2653,norethindrone,ESI+,DTXCID501011613,FALSE,96,0.01,1.16,,2.50,50,42,,9
2653,norethindrone,ESI+,DTXCID501326759,FALSE,96,0.08,1.22,,0.00,19,26,,15
2653,norethindrone,ESI+,DTXCID501405977,FALSE,96,0.02,1.02,,3.00,46,85,,6
2653,norethindrone,ESI+,DTXCID501453257,FALSE,96,0.00,1.19,,3.00,51,31,,6
2653,norethindrone,ESI+,DTXCID50208791,TRUE,96,8.00,1.12,,6.17,1,58,,1
2653,norethindrone,ESI+,DTXCID50465584,FALSE,96,0.04,1.36,,1.50,30,4,,12
2653,norethindrone,ESI+,DTXCID50793218,FALSE,96,0.02,1.02,,2.50,46,86,,9
2653,norethindrone,ESI+,DTXCID50851726,FALSE,96,0.01,1.00,,2.50,50,88,,9
2653,norethindrone,ESI+,DTXCID50853609,FALSE,96,0.01,1.11,,2.50,50,67,,9
2653,norethindrone,ESI+,DTXCID50956124,FALSE,96,0.03,1.15,,3.00,38,48,,6
2653,norethindrone,ESI+,DTXCID601005598,FALSE,96,0.09,1.12,,1.00,15,62,,14
2653,norethindrone,ESI+,DTXCID601326752,FALSE,96,0.08,1.25,,3.00,18,22,,6
2653,norethindrone,ESI+,DTXCID601448885,FALSE,96,0.08,1.22,,3.00,17,27,,6
2653,norethindrone,ESI+,DTXCID601450349,FALSE,96,0.09,1.15,,2.00,14,45,,11
2653,norethindrone,ESI+,DTXCID60242328,FALSE,96,0.08,1.16,,2.50,20,43,,9
2653,norethindrone,ESI+,DTXCID60296487,FALSE,96,0.12,1.01,,2.50,10,87,,9
2653,norethindrone,ESI+,DTXCID60355003,FALSE,96,0.03,1.12,,2.00,32,59,,11
2653,norethindrone,ESI+,DTXCID60757346,FALSE,96,0.01,1.39,,2.50,50,1,,9
2653,norethindrone,ESI+,DTXCID6078447,FALSE,96,0.03,1.10,,2.50,38,70,,9
2653,norethindrone,ESI+,DTXCID701354419,FALSE,96,0.02,1.00,,0.00,43,89,,15
2653,norethindrone,ESI+,DTXCID701366266,FALSE,96,0.02,1.13,,3.00,46,56,,6
2653,norethindrone,ESI+,DTXCID701389355,FALSE,96,0.05,1.18,,3.00,24,33,,6
2653,norethindrone,ESI+,DTXCID70209083,FALSE,96,1.99,1.11,,5.50,2,65,,3
2653,norethindrone,ESI+,DTXCID70232876,FALSE,96,0.07,1.31,,2.50,21,12,,9
2653,norethindrone,ESI+,DTXCID70659029,FALSE,96,0.01,1.23,,2.00,48,25,,11
2653,norethindrone,ESI+,DTXCID70692739,FALSE,96,0.01,1.09,,2.00,50,71,,11
2653,norethindrone,ESI+,DTXCID7077410,FALSE,96,0.03,1.21,,2.50,38,29,,9
2653,norethindrone,ESI+,DTXCID70814050,FALSE,96,0.35,1.14,,3.98,4,51,,4
2653,norethindrone,ESI+,DTXCID70858030,FALSE,96,0.01,1.35,,3.00,49,5,,6
2653,norethindrone,ESI+,DTXCID80127305,FALSE,96,0.10,1.08,,2.67,12,74,,8
2653,norethindrone,ESI+,DTXCID801354098,FALSE,96,0.03,1.29,,1.00,38,15,,14
2653,norethindrone,ESI+,DTXCID802504,FALSE,96,0.01,1.31,,6.00,50,10,,2
2653,norethindrone,ESI+,DTXCID80355803,FALSE,96,0.05,1.15,,1.33,25,44,,13
2653,norethindrone,ESI+,DTXCID80741969,FALSE,96,0.02,0.92,,2.50,45,93,,9
2653,norethindrone,ESI+,DTXCID8077405,FALSE,96,0.03,1.26,,2.50,38,21,,9
2653,norethindrone,ESI+,DTXCID8077409,FALSE,96,0.03,1.21,,2.50,38,28,,9
2653,norethindrone,ESI+,DTXCID80810664,FALSE,96,0.14,1.34,,3.00,8,7,,6
2653,norethindrone,ESI+,DTXCID80929341,FALSE,96,0.01,1.09,,1.50,50,73,,12
2653,norethindrone,ESI+,DTXCID901002779,FALSE,96,0.02,1.30,,3.00,46,14,,6
2653,norethindrone,ESI+,DTXCID901039023,FALSE,96,0.06,1.14,,2.00,23,49,,11
2653,norethindrone,ESI+,DTXCID901353243,FALSE,96,0.02,1.04,,3.00,41,79,,6
2653,norethindrone,ESI+,DTXCID901355370,FALSE,96,0.24,1.12,,3.50,6,64,,5
2653,norethindrone,ESI+,DTXCID901368232,FALSE,96,0.02,1.03,,1.00,44,84,,14
2653,norethindrone,ESI+,DTXCID901405979,FALSE,96,0.03,1.03,,3.50,37,80,,5
2653,norethindrone,ESI+,DTXCID901409145,FALSE,96,0.05,1.16,,0.00,28,40,,15
2653,norethindrone,ESI+,DTXCID90358163,FALSE,96,0.03,1.08,,2.50,38,76,,9
2653,norethindrone,ESI+,DTXCID9076424,FALSE,96,0.13,1.14,,3.00,9,50,,6
2653,norethindrone,ESI+,DTXCID90791915,FALSE,96,0.03,1.06,,2.50,36,77,,9
2653,norethindrone,ESI+,DTXCID90946625,FALSE,96,0.01,1.14,,3.00,50,52,,6
2653,norethindrone,ESI+,DTXCID90951673,FALSE,96,0.03,1.18,,3.00,38,32,,6
2653,norethindrone,ESI+,DTXCID90984082,FALSE,96,0.01,0.99,,2.00,50,91,,11
2660,hydrocodone,ESI+,DTXCID00108813,FALSE,138,0.02,0.36,,1.00,33,129,,10
2660,hydrocodone,ESI+,DTXCID001099553,FALSE,138,0.02,0.51,,0.00,40,108,,11
2660,hydrocodone,ESI+,DTXCID00147904,FALSE,138,0.01,0.45,,2.81,52,118,,4
2660,hydrocodone,ESI+,DTXCID00164999,FALSE,138,0.26,0.70,,6.00,3,55,,1
2660,hydrocodone,ESI+,DTXCID00166392,FALSE,138,0.01,0.66,,1.00,53,66,,10
2660,hydrocodone,ESI+,DTXCID00260187,FALSE,138,0.01,0.58,,1.00,53,90,,10
2660,hydrocodone,ESI+,DTXCID00412563,FALSE,138,0.02,0.80,,2.00,42,31,,8
2660,hydrocodone,ESI+,DTXCID00437271,FALSE,138,0.01,0.49,,1.00,64,110,,10
2660,hydrocodone,ESI+,DTXCID00533464,FALSE,138,0.01,0.92,,3.00,64,14,,3
2660,hydrocodone,ESI+,DTXCID00652543,FALSE,138,0.01,0.63,,1.00,61,75,,10
2660,hydrocodone,ESI+,DTXCID00656506,FALSE,138,0.00,0.69,,0.00,68,57,,11
2660,hydrocodone,ESI+,DTXCID00866380,FALSE,138,0.00,0.65,,2.00,66,71,,8
2660,hydrocodone,ESI+,DTXCID00918237,FALSE,138,0.00,0.35,,3.00,71,130,,3
2660,hydrocodone,ESI+,DTXCID00943746,FALSE,138,0.00,0.83,,1.00,65,25,,10
2660,hydrocodone,ESI+,DTXCID00955127,FALSE,138,0.01,0.77,,2.00,64,36,,8
2660,hydrocodone,ESI+,DTXCID00977187,FALSE,138,0.00,0.35,,1.50,71,131,,9
2660,hydrocodone,ESI+,DTXCID00991005,FALSE,138,0.01,0.48,,0.00,63,115,,11
2660,hydrocodone,ESI+,DTXCID101396409,FALSE,138,0.01,0.85,,1.00,49,23,,10
2660,hydrocodone,ESI+,DTXCID101433641,FALSE,138,0.09,0.74,,3.00,9,43,,3
2660,hydrocodone,ESI+,DTXCID101441541,FALSE,138,0.00,0.58,,0.00,71,89,,11
2660,hydrocodone,ESI+,DTXCID101472435,FALSE,138,0.01,0.60,,0.00,53,83,,11
2660,hydrocodone,ESI+,DTXCID10147950,FALSE,138,0.04,0.00,,1.00,19,135,,10
2660,hydrocodone,ESI+,DTXCID10224750,FALSE,138,0.02,0.40,,3.00,35,124,,3
2660,hydrocodone,ESI+,DTXCID10315475,FALSE,138,0.01,0.64,,1.00,46,73,,10
2660,hydrocodone,ESI+,DTXCID10351772,FALSE,138,0.01,0.34,,1.00,60,132,,10
2660,hydrocodone,ESI+,DTXCID10379698,FALSE,138,0.00,0.55,,1.00,70,98,,10
2660,hydrocodone,ESI+,DTXCID1069409,FALSE,138,0.02,0.47,,3.00,32,116,,3
2660,hydrocodone,ESI+,DTXCID10754603,FALSE,138,0.01,1.09,,3.00,64,3,,3
2660,hydrocodone,ESI+,DTXCID201011195,FALSE,138,0.00,0.50,,1.00,71,109,,10
2660,hydrocodone,ESI+,DTXCID201086542,FALSE,138,0.01,0.72,,3.00,59,51,,3
2660,hydrocodone,ESI+,DTXCID201320221,FALSE,138,0.04,0.77,,1.00,20,35,,10
2660,hydrocodone,ESI+,DTXCID201344168,FALSE,138,0.01,0.62,,1.00,53,79,,10
2660,hydrocodone,ESI+,DTXCID201356258,FALSE,138,0.01,0.97,,0.00,64,7,,11
2660,hydrocodone,ESI+,DTXCID201379923,FALSE,138,0.01,0.62,,3.00,64,77,,3
2660,hydrocodone,ESI+,DTXCID201411577,FALSE,138,0.01,0.57,,2.00,62,91,,8
2660,hydrocodone,ESI+,DTXCID201431905,FALSE,138,0.03,0.70,,1.00,28,56,,10
2660,hydrocodone,ESI+,DTXCID201459799,FALSE,138,0.01,0.90,,0.00,63,16,,11
2660,hydrocodone,ESI+,DTXCID201480538,FALSE,138,0.00,,,0.00,71,,,11
2660,hydrocodone,ESI+,DTXCID20196737,FALSE,138,8.00,1.11,,6.00,1,2,,1
2660,hydrocodone,ESI+,DTXCID20221952,FALSE,138,0.02,1.02,,3.00,43,5,,3
2660,hydrocodone,ESI+,DTXCID20352538,FALSE,138,0.03,0.71,,1.00,23,52,,10
2660,hydrocodone,ESI+,DTXCID20431837,FALSE,138,0.01,0.55,,1.00,64,96,,10
2660,hydrocodone,ESI+,DTXCID20584812,FALSE,138,0.02,0.43,,0.00,34,120,,11
2660,hydrocodone,ESI+,DTXCID20768190,FALSE,138,0.01,0.72,,1.00,64,45,,10
2660,hydrocodone,ESI+,DTXCID20880083,FALSE,138,0.01,0.48,,2.00,64,113,,8
2660,hydrocodone,ESI+,DTXCID20957628,FALSE,138,0.05,0.67,,3.00,15,65,,3
2660,hydrocodone,ESI+,DTXCID20963022,FALSE,138,0.00,0.56,,1.00,71,94,,10
2660,hydrocodone,ESI+,DTXCID20996254,FALSE,138,0.02,0.60,,0.00,30,85,,11
2660,hydrocodone,ESI+,DTXCID301086545,FALSE,138,0.01,0.72,,2.50,57,48,,6
2660,hydrocodone,ESI+,DTXCID30114720,FALSE,138,0.02,0.66,,3.00,43,69,,3
2660,hydrocodone,ESI+,DTXCID301323880,FALSE,138,0.00,0.81,,2.00,71,29,,8
2660,hydrocodone,ESI+,DTXCID301346450,FALSE,138,0.01,0.83,,2.00,55,26,,8
2660,hydrocodone,ESI+,DTXCID301398556,FALSE,138,0.01,0.72,,1.00,64,46,,10
2660,hydrocodone,ESI+,DTXCID301412611,FALSE,138,0.01,0.58,,0.00,64,88,,11
2660,hydrocodone,ESI+,DTXCID301459673,FALSE,138,0.00,0.77,,0.00,71,37,,11
2660,hydrocodone,ESI+,DTXCID301461999,FALSE,138,0.11,0.85,,6.00,7,21,,1
2660,hydrocodone,ESI+,DTXCID301465903,FALSE,138,0.02,0.79,,2.00,31,33,,8
2660,hydrocodone,ESI+,DTXCID30154929,FALSE,138,0.01,0.96,,1.50,64,8,,9
2660,hydrocodone,ESI+,DTXCID30165676,FALSE,138,0.01,0.62,,1.50,48,80,,9
2660,hydrocodone,ESI+,DTXCID30197230,TRUE,138,3.65,0.95,,4.50,2,9,,2
2660,hydrocodone,ESI+,DTXCID30420671,FALSE,138,0.01,0.48,,3.00,54,114,,3
2660,hydrocodone,ESI+,DTXCID30516306,FALSE,138,0.01,0.37,,3.00,56,128,,3
2660,hydrocodone,ESI+,DTXCID30566447,FALSE,138,0.01,0.41,,3.00,58,122,,3
2660,hydrocodone,ESI+,DTXCID30932749,FALSE,138,0.00,0.52,,1.50,71,103,,9
2660,hydrocodone,ESI+,DTXCID401403330,FALSE,138,0.00,0.64,,2.50,71,72,,6
2660,hydrocodone,ESI+,DTXCID401413943,FALSE,138,0.01,0.51,,3.00,53,106,,3
2660,hydrocodone,ESI+,DTXCID401453828,FALSE,138,0.00,0.76,,0.00,71,39,,11
2660,hydrocodone,ESI+,DTXCID40256049,FALSE,138,0.03,0.72,,1.00,25,47,,10
2660,hydrocodone,ESI+,DTXCID40431839,FALSE,138,0.01,0.55,,1.00,64,97,,10
2660,hydrocodone,ESI+,DTXCID40437270,FALSE,138,0.01,0.48,,1.00,63,111,,10
2660,hydrocodone,ESI+,DTXCID40512036,FALSE,138,0.01,0.82,,2.50,45,27,,6
2660,hydrocodone,ESI+,DTXCID40897638,FALSE,138,0.02,0.76,,1.00,36,40,,10
2660,hydrocodone,ESI+,DTXCID501027793,FALSE,138,0.02,0.66,,3.00,43,67,,3
2660,hydrocodone,ESI+,DTXCID501086541,FALSE,138,0.01,0.62,,3.00,58,76,,3
2660,hydrocodone,ESI+,DTXCID501256839,FALSE,138,0.01,0.72,,1.00,58,49,,10
2660,hydrocodone,ESI+,DTXCID50126360,FALSE,138,0.01,0.69,,1.00,51,61,,10
2660,hydrocodone,ESI+,DTXCID501358360,FALSE,138,0.01,0.68,,1.00,64,62,,10
2660,hydrocodone,ESI+,DTXCID501376473,FALSE,138,0.02,0.43,,3.00,43,119,,3
2660,hydrocodone,ESI+,DTXCID501435120,FALSE,138,0.01,0.71,,0.00,64,54,,11
2660,hydrocodone,ESI+,DTXCID501444692,FALSE,138,0.04,0.95,,0.00,18,11,,11
2660,hydrocodone,ESI+,DTXCID501481080,FALSE,138,0.02,,,0.00,38,,,11
2660,hydrocodone,ESI+,DTXCID50204894,FALSE,138,0.05,0.77,,3.00,14,34,,3
2660,hydrocodone,ESI+,DTXCID50303614,FALSE,138,0.05,0.60,,1.00,16,84,,10
2660,hydrocodone,ESI+,DTXCID50328882,FALSE,138,0.01,0.41,,2.00,47,121,,8
2660,hydrocodone,ESI+,DTXCID50352586,FALSE,138,0.01,0.64,,1.00,64,74,,10
2660,hydrocodone,ESI+,DTXCID50874551,FALSE,138,0.01,0.82,,0.00,64,28,,11
2660,hydrocodone,ESI+,DTXCID50878998,FALSE,138,0.01,0.86,,2.00,64,19,,8
2660,hydrocodone,ESI+,DTXCID5087946,FALSE,138,0.01,0.71,,2.25,52,53,,7
2660,hydrocodone,ESI+,DTXCID50961470,FALSE,138,0.01,0.51,,3.00,64,105,,3
2660,hydrocodone,ESI+,DTXCID50961556,FALSE,138,0.03,0.80,,3.00,26,32,,3
2660,hydrocodone,ESI+,DTXCID601000500,FALSE,138,0.03,0.37,,3.00,29,127,,3
2660,hydrocodone,ESI+,DTXCID601435804,FALSE,138,0.01,0.54,,0.00,64,99,,11
2660,hydrocodone,ESI+,DTXCID601442249,FALSE,138,0.00,0.67,,0.00,71,64,,11
2660,hydrocodone,ESI+,DTXCID601452107,FALSE,138,0.01,1.05,,0.00,61,4,,11
2660,hydrocodone,ESI+,DTXCID60199843,FALSE,138,0.21,0.95,,3.00,4,10,,3
2660,hydrocodone,ESI+,DTXCID60207270,FALSE,138,0.02,0.56,,0.00,33,95,,11
2660,hydrocodone,ESI+,DTXCID60312717,FALSE,138,0.03,0.02,,2.00,27,134,,8
2660,hydrocodone,ESI+,DTXCID60490226,FALSE,138,0.01,0.53,,1.50,64,102,,9
2660,hydrocodone,ESI+,DTXCID60652544,FALSE,138,0.01,0.72,,1.00,61,50,,10
2660,hydrocodone,ESI+,DTXCID60819296,FALSE,138,0.08,0.83,,3.00,10,24,,3
2660,hydrocodone,ESI+,DTXCID60856383,FALSE,138,0.00,0.57,,3.00,71,92,,3
2660,hydrocodone,ESI+,DTXCID60960338,FALSE,138,0.01,0.75,,1.00,50,42,,10
2660,hydrocodone,ESI+,DTXCID701372665,FALSE,138,0.01,0.76,,1.00,53,41,,10
2660,hydrocodone,ESI+,DTXCID701396857,FALSE,138,0.04,0.62,,3.00,21,81,,3
2660,hydrocodone,ESI+,DTXCID70224312,FALSE,138,0.05,0.93,,0.00,13,13,,11
2660,hydrocodone,ESI+,DTXCID70302740,FALSE,138,0.03,0.65,,1.00,24,70,,10
2660,hydrocodone,ESI+,DTXCID70566441,FALSE,138,0.01,0.41,,3.00,59,123,,3
2660,hydrocodone,ESI+,DTXCID70782543,FALSE,138,0.01,0.85,,1.50,64,20,,9
2660,hydrocodone,ESI+,DTXCID70852098,FALSE,138,0.00,0.80,,1.00,71,30,,10
2660,hydrocodone,ESI+,DTXCID70878556,FALSE,138,0.01,0.87,,2.00,64,18,,8
2660,hydrocodone,ESI+,DTXCID70889243,FALSE,138,0.00,0.46,,0.00,71,117,,11
2660,hydrocodone,ESI+,DTXCID801319806,FALSE,138,0.02,0.51,,3.00,43,107,,3
2660,hydrocodone,ESI+,DTXCID801335668,FALSE,138,0.01,0.54,,0.00,53,100,,11
2660,hydrocodone,ESI+,DTXCID801396367,FALSE,138,0.01,0.97,,2.00,64,6,,8
2660,hydrocodone,ESI+,DTXCID801400283,FALSE,138,0.01,0.48,,1.00,64,112,,10
2660,hydrocodone,ESI+,DTXCID80155168,FALSE,138,0.06,0.73,,3.00,11,44,,3
2660,hydrocodone,ESI+,DTXCID80221938,FALSE,138,0.09,1.14,,3.00,8,1,,3
2660,hydrocodone,ESI+,DTXCID8029945,FALSE,138,0.04,0.51,,3.00,17,104,,3
2660,hydrocodone,ESI+,DTXCID80318953,FALSE,138,0.02,0.77,,1.00,39,38,,10
2660,hydrocodone,ESI+,DTXCID80431838,FALSE,138,0.01,0.56,,1.00,64,93,,10
2660,hydrocodone,ESI+,DTXCID80564276,FALSE,138,0.01,0.69,,1.50,62,60,,9
2660,hydrocodone,ESI+,DTXCID80566452,FALSE,138,0.01,0.69,,3.00,61,58,,3
2660,hydrocodone,ESI+,DTXCID80609070,FALSE,138,0.02,0.69,,2.00,41,59,,8
2660,hydrocodone,ESI+,DTXCID80848689,FALSE,138,0.00,0.59,,1.00,71,86,,10
2660,hydrocodone,ESI+,DTXCID80867956,FALSE,138,0.00,0.68,,2.00,69,63,,8
2660,hydrocodone,ESI+,DTXCID80892122,FALSE,138,0.02,0.53,,1.00,37,101,,10
2660,hydrocodone,ESI+,DTXCID80947666,FALSE,138,0.00,0.38,,3.00,67,126,,3
2660,hydrocodone,ESI+,DTXCID90105836,FALSE,138,0.01,0.39,,1.00,53,125,,10
2660,hydrocodone,ESI+,DTXCID901316279,FALSE,138,0.02,0.66,,0.00,44,68,,11
2660,hydrocodone,ESI+,DTXCID901413162,FALSE,138,0.01,0.62,,2.00,53,78,,8
2660,hydrocodone,ESI+,DTXCID901462002,FALSE,138,0.00,0.90,,0.00,71,17,,11
2660,hydrocodone,ESI+,DTXCID901477522,FALSE,138,0.03,,,0.00,22,,,11
2660,hydrocodone,ESI+,DTXCID90220336,FALSE,138,0.21,0.95,,2.75,5,12,,5
2660,hydrocodone,ESI+,DTXCID90220573,FALSE,138,0.14,0.85,,3.00,6,22,,3
2660,hydrocodone,ESI+,DTXCID90253326,FALSE,138,0.06,0.59,,1.00,12,87,,10
2660,hydrocodone,ESI+,DTXCID90844677,FALSE,138,0.00,0.05,,0.00,71,133,,11
2660,hydrocodone,ESI+,DTXCID90880398,FALSE,138,0.01,0.92,,0.00,64,15,,11
2660,hydrocodone,ESI+,DTXCID9091600,FALSE,138,0.02,0.61,,2.50,43,82,,6
2722,cocaine,ESI+,DTXCID001046566,FALSE,98,0.01,0.36,,1.50,52,79,,10
2722,cocaine,ESI+,DTXCID001335888,FALSE,98,0.01,0.29,,2.00,52,88,,8
2722,cocaine,ESI+,DTXCID001418858,FALSE,98,0.02,0.76,,1.00,33,11,,12
2722,cocaine,ESI+,DTXCID001471377,FALSE,98,0.01,0.50,,0.00,52,51,,13
2722,cocaine,ESI+,DTXCID00464628,FALSE,98,0.03,0.45,,1.00,17,60,,12
2722,cocaine,ESI+,DTXCID00605599,FALSE,98,0.02,0.12,,2.00,30,97,,8
2722,cocaine,ESI+,DTXCID0080957,FALSE,98,0.06,0.53,,1.00,6,40,,12
2722,cocaine,ESI+,DTXCID0094497,FALSE,98,0.02,0.44,,2.25,38,62,,7
2722,cocaine,ESI+,DTXCID00996075,FALSE,98,0.01,0.42,,0.00,52,70,,13
2722,cocaine,ESI+,DTXCID101038807,FALSE,98,0.01,0.57,,0.00,49,33,,13
2722,cocaine,ESI+,DTXCID101078201,FALSE,98,0.03,0.65,,1.00,13,17,,12
2722,cocaine,ESI+,DTXCID10130246,FALSE,98,0.02,0.46,,1.00,23,58,,12
2722,cocaine,ESI+,DTXCID101458124,FALSE,98,0.02,0.50,,0.00,31,50,,13
2722,cocaine,ESI+,DTXCID10158884,FALSE,98,0.02,0.67,,3.00,22,15,,6
2722,cocaine,ESI+,DTXCID10164127,FALSE,98,0.02,0.53,,1.00,25,39,,12
2722,cocaine,ESI+,DTXCID10230679,FALSE,98,0.02,0.55,,1.00,20,38,,12
2722,cocaine,ESI+,DTXCID10409308,FALSE,98,0.01,0.57,,1.00,41,34,,12
2722,cocaine,ESI+,DTXCID10497361,FALSE,98,0.02,0.89,,3.00,32,2,,6
2722,cocaine,ESI+,DTXCID1070484,FALSE,98,0.02,0.58,,3.11,38,32,,5
2722,cocaine,ESI+,DTXCID10788680,FALSE,98,0.01,0.56,,1.00,49,36,,12
2722,cocaine,ESI+,DTXCID1083110,FALSE,98,0.03,0.62,,1.00,18,22,,12
2722,cocaine,ESI+,DTXCID10904929,FALSE,98,0.01,0.35,,3.00,52,81,,6
2722,cocaine,ESI+,DTXCID20204184,FALSE,98,0.02,0.39,,0.00,35,75,,13
2722,cocaine,ESI+,DTXCID20243715,FALSE,98,0.01,0.36,,1.00,49,80,,12
2722,cocaine,ESI+,DTXCID20244348,FALSE,98,0.01,0.37,,1.00,41,78,,12
2722,cocaine,ESI+,DTXCID20579980,FALSE,98,0.02,0.42,,1.67,32,71,,9
2722,cocaine,ESI+,DTXCID2083109,FALSE,98,0.03,0.60,,1.00,18,27,,12
2722,cocaine,ESI+,DTXCID2087975,FALSE,98,0.02,0.83,,3.75,38,8,,4
2722,cocaine,ESI+,DTXCID301322282,FALSE,98,0.02,0.58,,1.00,39,31,,12
2722,cocaine,ESI+,DTXCID301335887,FALSE,98,0.00,0.50,,2.00,53,53,,8
2722,cocaine,ESI+,DTXCID301463288,FALSE,98,0.01,0.60,,0.00,44,28,,13
2722,cocaine,ESI+,DTXCID30218434,FALSE,98,0.15,0.29,,3.00,4,86,,6
2722,cocaine,ESI+,DTXCID30223806,FALSE,98,0.02,0.43,,1.50,38,65,,10
2722,cocaine,ESI+,DTXCID30365073,FALSE,98,0.01,0.34,,1.00,52,82,,12
2722,cocaine,ESI+,DTXCID30394045,FALSE,98,0.02,0.39,,3.00,27,76,,6
2722,cocaine,ESI+,DTXCID30961716,FALSE,98,0.04,0.68,,1.50,10,14,,10
2722,cocaine,ESI+,DTXCID40125448,FALSE,98,0.02,0.49,,1.00,38,55,,12
2722,cocaine,ESI+,DTXCID401471343,FALSE,98,0.01,0.53,,0.00,49,41,,13
2722,cocaine,ESI+,DTXCID40158877,FALSE,98,0.02,0.51,,1.00,23,44,,12
2722,cocaine,ESI+,DTXCID40309908,FALSE,98,0.02,0.51,,1.00,38,47,,12
2722,cocaine,ESI+,DTXCID40416040,FALSE,98,0.01,0.78,,3.00,43,9,,6
2722,cocaine,ESI+,DTXCID40812280,FALSE,98,0.01,0.62,,3.00,51,21,,6
2722,cocaine,ESI+,DTXCID40957660,FALSE,98,0.04,0.43,,3.00,9,69,,6
2722,cocaine,ESI+,DTXCID501007484,FALSE,98,0.01,0.47,,1.00,49,57,,12
2722,cocaine,ESI+,DTXCID501441581,FALSE,98,0.01,0.52,,0.00,49,42,,13
2722,cocaine,ESI+,DTXCID50416753,FALSE,98,0.01,0.72,,3.00,45,12,,6
2722,cocaine,ESI+,DTXCID50568024,FALSE,98,0.02,0.12,,1.33,29,96,,11
2722,cocaine,ESI+,DTXCID50648294,FALSE,98,0.02,0.10,,1.50,26,98,,10
2722,cocaine,ESI+,DTXCID5080455,FALSE,98,0.03,0.95,,3.75,15,1,,4
2722,cocaine,ESI+,DTXCID5082780,FALSE,98,0.02,0.63,,2.25,38,19,,7
2722,cocaine,ESI+,DTXCID5094490,FALSE,98,0.02,0.45,,3.00,38,59,,6
2722,cocaine,ESI+,DTXCID50964123,FALSE,98,0.03,0.30,,3.00,11,85,,6
2722,cocaine,ESI+,DTXCID601335886,FALSE,98,0.01,0.43,,3.00,52,67,,6
2722,cocaine,ESI+,DTXCID601373553,FALSE,98,0.01,0.51,,2.00,42,48,,8
2722,cocaine,ESI+,DTXCID60139284,FALSE,98,0.02,0.69,,0.00,19,13,,13
2722,cocaine,ESI+,DTXCID601463982,FALSE,98,0.01,0.48,,0.00,52,56,,13
2722,cocaine,ESI+,DTXCID601469316,FALSE,98,0.02,0.38,,0.00,38,77,,13
2722,cocaine,ESI+,DTXCID60201596,FALSE,98,0.01,0.22,,0.00,49,92,,13
2722,cocaine,ESI+,DTXCID60218169,FALSE,98,0.11,0.41,,1.00,5,73,,12
2722,cocaine,ESI+,DTXCID60252902,FALSE,98,0.02,0.56,,1.50,38,35,,10
2722,cocaine,ESI+,DTXCID60410767,FALSE,98,0.01,0.78,,3.00,45,10,,6
2722,cocaine,ESI+,DTXCID701049066,FALSE,98,0.02,0.59,,1.00,34,29,,12
2722,cocaine,ESI+,DTXCID70672132,FALSE,98,0.01,0.17,,1.50,43,95,,10
2722,cocaine,ESI+,DTXCID70782624,FALSE,98,0.01,0.29,,1.50,52,87,,10
2722,cocaine,ESI+,DTXCID70795032,FALSE,98,0.02,0.55,,3.00,36,37,,6
2722,cocaine,ESI+,DTXCID70797511,FALSE,98,0.02,0.89,,3.00,38,3,,6
2722,cocaine,ESI+,DTXCID80114053,FALSE,98,0.06,0.43,,8.00,7,68,,1
2722,cocaine,ESI+,DTXCID801307647,FALSE,98,0.01,0.61,,1.00,49,24,,12
2722,cocaine,ESI+,DTXCID801446473,FALSE,98,0.01,0.20,,0.00,48,94,,13
2722,cocaine,ESI+,DTXCID801465958,FALSE,98,0.01,0.40,,0.00,49,74,,13
2722,cocaine,ESI+,DTXCID80197124,TRUE,98,6.34,0.83,,6.00,1,7,,3
2722,cocaine,ESI+,DTXCID80208921,FALSE,98,0.01,0.61,,0.00,49,26,,13
2722,cocaine,ESI+,DTXCID80223831,FALSE,98,0.03,0.43,,2.00,12,66,,8
2722,cocaine,ESI+,DTXCID80283516,FALSE,98,0.02,0.84,,1.00,28,6,,12
2722,cocaine,ESI+,DTXCID80284088,FALSE,98,0.02,0.85,,1.00,28,5,,12
2722,cocaine,ESI+,DTXCID8075174,FALSE,98,0.02,0.61,,3.00,38,23,,6
2722,cocaine,ESI+,DTXCID80842667,FALSE,98,0.05,0.88,,2.00,8,4,,8
2722,cocaine,ESI+,DTXCID80923945,FALSE,98,0.01,0.24,,0.00,52,90,,13
2722,cocaine,ESI+,DTXCID80939086,FALSE,98,0.01,0.42,,2.00,52,72,,8
2722,cocaine,ESI+,DTXCID80999862,FALSE,98,0.01,0.21,,1.50,40,93,,10
2722,cocaine,ESI+,DTXCID901391972,FALSE,98,0.01,0.51,,1.50,49,45,,10
2722,cocaine,ESI+,DTXCID901400305,FALSE,98,0.03,0.63,,2.00,14,18,,8
2722,cocaine,ESI+,DTXCID901402206,FALSE,98,0.01,0.50,,1.00,49,49,,12
2722,cocaine,ESI+,DTXCID901463981,FALSE,98,0.01,0.49,,0.00,52,54,,13
2722,cocaine,ESI+,DTXCID901470988,FALSE,98,0.01,0.52,,3.00,52,43,,6
2722,cocaine,ESI+,DTXCID90196688,FALSE,98,5.74,0.50,,7.00,2,52,,2
2722,cocaine,ESI+,DTXCID90238895,FALSE,98,0.03,0.44,,1.00,18,63,,12
2722,cocaine,ESI+,DTXCID903046,FALSE,98,2.16,0.43,,3.75,3,64,,4
2722,cocaine,ESI+,DTXCID90307833,FALSE,98,0.02,0.51,,2.00,37,46,,8
2722,cocaine,ESI+,DTXCID90487386,FALSE,98,0.01,0.61,,3.00,47,25,,6
2722,cocaine,ESI+,DTXCID90506748,FALSE,98,0.01,0.45,,3.00,49,61,,6
2722,cocaine,ESI+,DTXCID9067693,FALSE,98,0.03,0.63,,1.50,16,20,,10
2722,cocaine,ESI+,DTXCID90735490,FALSE,98,0.02,0.31,,1.50,21,84,,10
2722,cocaine,ESI+,DTXCID90849369,FALSE,98,0.01,0.28,,0.00,52,89,,13
2722,cocaine,ESI+,DTXCID90866233,FALSE,98,0.01,0.33,,0.00,50,83,,13
2722,cocaine,ESI+,DTXCID90868393,FALSE,98,0.01,0.22,,1.67,51,91,,9
2722,cocaine,ESI+,DTXCID9096492,FALSE,98,0.02,0.67,,2.25,24,16,,7
2722,cocaine,ESI+,DTXCID90968589,FALSE,98,0.01,0.58,,0.00,46,30,,13
2755,sertraline,ESI+,DTXCID001330464,FALSE,77,0.03,0.71,,3.00,19,20,,3
2755,sertraline,ESI+,DTXCID001379060,FALSE,77,0.02,0.68,,2.00,37,23,,4
2755,sertraline,ESI+,DTXCID001403869,FALSE,77,0.04,0.80,,1.00,18,2,,6
2755,sertraline,ESI+,DTXCID001460285,FALSE,77,0.03,0.46,,3.00,27,66,,3
2755,sertraline,ESI+,DTXCID00157705,FALSE,77,0.07,0.57,,2.00,6,46,,4
2755,sertraline,ESI+,DTXCID00196871,TRUE,77,8.00,0.76,,7.00,1,7,,1
2755,sertraline,ESI+,DTXCID00332656,FALSE,77,0.04,0.80,,1.00,15,3,,6
2755,sertraline,ESI+,DTXCID00642808,FALSE,77,0.02,0.55,,3.00,37,48,,3
2755,sertraline,ESI+,DTXCID0080082,FALSE,77,0.03,0.70,,1.00,27,21,,6
2755,sertraline,ESI+,DTXCID00916415,FALSE,77,0.01,0.50,,3.00,38,58,,3
2755,sertraline,ESI+,DTXCID0097952,FALSE,77,0.00,0.76,,1.00,39,6,,6
2755,sertraline,ESI+,DTXCID101455851,FALSE,77,0.02,0.58,,0.00,37,42,,7
2755,sertraline,ESI+,DTXCID10316962,FALSE,77,0.03,0.47,,2.00,20,63,,4
2755,sertraline,ESI+,DTXCID10418596,FALSE,77,0.03,0.64,,1.00,26,32,,6
2755,sertraline,ESI+,DTXCID10469806,FALSE,77,0.02,0.42,,1.00,37,73,,6
2755,sertraline,ESI+,DTXCID10494350,FALSE,77,0.02,0.59,,3.00,33,39,,3
2755,sertraline,ESI+,DTXCID10953639,FALSE,77,0.02,0.47,,3.00,37,62,,3
2755,sertraline,ESI+,DTXCID201076822,FALSE,77,0.01,0.66,,1.00,38,29,,6
2755,sertraline,ESI+,DTXCID201371979,FALSE,77,0.00,0.73,,1.00,39,13,,6
2755,sertraline,ESI+,DTXCID201378818,FALSE,77,0.00,0.73,,1.00,39,12,,6
2755,sertraline,ESI+,DTXCID20147289,FALSE,77,0.03,0.44,,1.00,27,69,,6
2755,sertraline,ESI+,DTXCID20253536,FALSE,77,0.03,0.46,,3.00,25,65,,3
2755,sertraline,ESI+,DTXCID20260947,FALSE,77,0.03,0.59,,1.00,26,40,,6
2755,sertraline,ESI+,DTXCID20487516,FALSE,77,0.02,0.78,,3.00,37,4,,3
2755,sertraline,ESI+,DTXCID20580218,FALSE,77,0.03,0.71,,0.00,21,19,,7
2755,sertraline,ESI+,DTXCID20660827,FALSE,77,0.02,0.83,,0.00,35,1,,7
2755,sertraline,ESI+,DTXCID20969120,FALSE,77,0.01,0.67,,1.00,38,24,,6
2755,sertraline,ESI+,DTXCID30126065,FALSE,77,0.07,0.55,,1.00,7,49,,6
2755,sertraline,ESI+,DTXCID30201649,FALSE,77,0.02,0.53,,4.00,37,54,,2
2755,sertraline,ESI+,DTXCID30302908,FALSE,77,0.05,0.71,,1.00,13,18,,6
2755,sertraline,ESI+,DTXCID30414994,FALSE,77,0.02,0.53,,1.00,29,53,,6
2755,sertraline,ESI+,DTXCID30489127,FALSE,77,0.03,0.52,,1.00,27,56,,6
2755,sertraline,ESI+,DTXCID30828077,FALSE,77,0.01,0.71,,1.00,38,17,,6
2755,sertraline,ESI+,DTXCID401405198,FALSE,77,0.04,0.43,,3.00,17,71,,3
2755,sertraline,ESI+,DTXCID40244128,FALSE,77,0.08,0.45,,3.00,2,68,,3
2755,sertraline,ESI+,DTXCID40483171,FALSE,77,0.02,0.65,,1.00,37,31,,6
2755,sertraline,ESI+,DTXCID40494348,FALSE,77,0.02,0.58,,3.00,34,43,,3
2755,sertraline,ESI+,DTXCID40642807,FALSE,77,0.02,0.43,,3.00,37,72,,3
2755,sertraline,ESI+,DTXCID40657855,FALSE,77,0.02,0.74,,0.00,32,11,,7
2755,sertraline,ESI+,DTXCID40710510,FALSE,77,0.01,0.65,,1.00,38,30,,6
2755,sertraline,ESI+,DTXCID40764694,FALSE,77,0.02,0.66,,1.00,37,27,,6
2755,sertraline,ESI+,DTXCID501269660,FALSE,77,0.01,0.48,,1.00,38,60,,6
2755,sertraline,ESI+,DTXCID501371978,FALSE,77,0.00,0.75,,3.00,39,9,,3
2755,sertraline,ESI+,DTXCID50151172,FALSE,77,0.03,0.60,,1.00,27,37,,6
2755,sertraline,ESI+,DTXCID50353871,FALSE,77,0.05,0.69,,1.50,13,22,,5
2755,sertraline,ESI+,DTXCID50390201,FALSE,77,0.05,0.59,,1.00,12,38,,6
2755,sertraline,ESI+,DTXCID50395675,FALSE,77,0.02,0.61,,1.00,30,36,,6
2755,sertraline,ESI+,DTXCID50430530,FALSE,77,0.04,0.46,,1.00,14,64,,6
2755,sertraline,ESI+,DTXCID601371995,FALSE,77,0.00,0.75,,3.00,39,10,,3
2755,sertraline,ESI+,DTXCID601434070,FALSE,77,0.03,0.67,,3.00,23,25,,3
2755,sertraline,ESI+,DTXCID601456442,FALSE,77,0.01,0.61,,0.00,38,35,,7
2755,sertraline,ESI+,DTXCID60302911,FALSE,77,0.05,0.72,,1.00,11,15,,6
2755,sertraline,ESI+,DTXCID60471858,FALSE,77,0.02,0.48,,3.00,37,61,,3
2755,sertraline,ESI+,DTXCID60642809,FALSE,77,0.02,0.46,,3.00,37,67,,3
2755,sertraline,ESI+,DTXCID60814746,FALSE,77,0.07,0.63,,0.00,5,34,,7
2755,sertraline,ESI+,DTXCID701065747,FALSE,77,0.02,0.52,,1.00,37,55,,6
2755,sertraline,ESI+,DTXCID701388519,FALSE,77,0.05,0.57,,1.50,9,45,,5
2755,sertraline,ESI+,DTXCID70219960,FALSE,77,0.04,0.31,,1.00,16,77,,6
2755,sertraline,ESI+,DTXCID70252675,FALSE,77,0.08,0.66,,1.00,4,26,,6
2755,sertraline,ESI+,DTXCID70323713,FALSE,77,0.03,0.39,,1.00,24,74,,6
2755,sertraline,ESI+,DTXCID70770783,FALSE,77,0.02,0.54,,1.00,37,52,,6
2755,sertraline,ESI+,DTXCID70792400,FALSE,77,0.02,0.50,,1.00,31,59,,6
2755,sertraline,ESI+,DTXCID801371977,FALSE,77,0.00,0.72,,3.00,39,16,,3
2755,sertraline,ESI+,DTXCID80245437,FALSE,77,0.05,0.76,,1.00,10,8,,6
2755,sertraline,ESI+,DTXCID80304331,FALSE,77,0.08,0.57,,1.00,3,47,,6
2755,sertraline,ESI+,DTXCID80642806,FALSE,77,0.02,0.43,,0.00,37,70,,7
2755,sertraline,ESI+,DTXCID80842763,FALSE,77,0.01,0.78,,2.00,38,5,,4
2755,sertraline,ESI+,DTXCID901371994,FALSE,77,0.00,0.72,,3.00,39,14,,3
2755,sertraline,ESI+,DTXCID901418948,FALSE,77,0.06,0.59,,3.00,8,41,,3
2755,sertraline,ESI+,DTXCID901435839,FALSE,77,0.02,0.37,,0.00,37,76,,7
2755,sertraline,ESI+,DTXCID90279405,FALSE,77,0.02,0.64,,3.00,37,33,,3
2755,sertraline,ESI+,DTXCID90284731,FALSE,77,0.03,0.54,,1.00,22,51,,6
2755,sertraline,ESI+,DTXCID90310701,FALSE,77,0.02,0.38,,3.00,37,75,,3
2755,sertraline,ESI+,DTXCID90418211,FALSE,77,0.02,0.66,,2.00,37,28,,4
2755,sertraline,ESI+,DTXCID90631680,FALSE,77,0.02,0.57,,1.00,28,44,,6
2755,sertraline,ESI+,DTXCID90792407,FALSE,77,0.02,0.55,,1.00,31,50,,6
2755,sertraline,ESI+,DTXCID90841641,FALSE,77,0.02,0.51,,1.00,36,57,,6
2788,benztropine,ESI+,DTXCID001009942,FALSE,84,0.06,0.80,,3.00,16,37,,9
2788,benztropine,ESI+,DTXCID001371466,FALSE,84,0.04,0.88,,4.50,26,17,,3
2788,benztropine,ESI+,DTXCID001383613,FALSE,84,0.06,0.76,,3.75,13,43,,6
2788,benztropine,ESI+,DTXCID001413408,FALSE,84,0.06,0.91,,3.50,19,12,,7
2788,benztropine,ESI+,DTXCID001460473,FALSE,84,0.06,0.86,,0.00,14,19,,15
2788,benztropine,ESI+,DTXCID001463184,FALSE,84,0.04,0.88,,0.00,27,15,,15
2788,benztropine,ESI+,DTXCID001471060,FALSE,84,0.08,0.83,,0.00,10,27,,15
2788,benztropine,ESI+,DTXCID00426024,FALSE,84,0.04,0.82,,3.00,24,28,,9
2788,benztropine,ESI+,DTXCID00593447,FALSE,84,0.06,0.74,,3.00,19,56,,9
2788,benztropine,ESI+,DTXCID00846642,FALSE,84,0.02,0.84,,0.00,28,24,,15
2788,benztropine,ESI+,DTXCID00973407,FALSE,84,0.04,0.80,,0.00,27,34,,15
2788,benztropine,ESI+,DTXCID101442894,FALSE,84,0.05,0.96,,0.00,20,9,,15
2788,benztropine,ESI+,DTXCID101449876,FALSE,84,0.02,0.80,,0.00,28,39,,15
2788,benztropine,ESI+,DTXCID101451635,FALSE,84,0.02,0.79,,0.00,28,40,,15
2788,benztropine,ESI+,DTXCID101470560,FALSE,84,0.04,1.04,,6.00,27,4,,1
2788,benztropine,ESI+,DTXCID10202492,FALSE,84,0.04,0.87,,0.00,27,18,,15
2788,benztropine,ESI+,DTXCID10213629,FALSE,84,0.08,1.13,,3.00,9,2,,9
2788,benztropine,ESI+,DTXCID10593897,FALSE,84,0.04,0.79,,0.00,27,41,,15
2788,benztropine,ESI+,DTXCID10594344,FALSE,84,0.04,0.74,,0.00,27,53,,15
2788,benztropine,ESI+,DTXCID10594349,FALSE,84,0.06,0.71,,3.00,19,65,,9
2788,benztropine,ESI+,DTXCID201010630,FALSE,84,0.02,0.86,,2.00,28,20,,12
2788,benztropine,ESI+,DTXCID20205691,FALSE,84,0.04,0.96,,0.00,27,8,,15
2788,benztropine,ESI+,DTXCID20395364,FALSE,84,0.09,0.85,,3.00,5,21,,9
2788,benztropine,ESI+,DTXCID20518450,FALSE,84,0.04,0.69,,3.00,23,70,,9
2788,benztropine,ESI+,DTXCID20593444,FALSE,84,0.02,0.72,,3.00,28,60,,9
2788,benztropine,ESI+,DTXCID20958832,FALSE,84,0.04,0.69,,3.00,27,69,,9
2788,benztropine,ESI+,DTXCID301335851,FALSE,84,0.09,0.63,,0.00,5,79,,15
2788,benztropine,ESI+,DTXCID301369949,FALSE,84,0.08,0.69,,3.50,12,71,,7
2788,benztropine,ESI+,DTXCID301471057,FALSE,84,0.08,0.99,,0.00,10,6,,15
2788,benztropine,ESI+,DTXCID30593894,FALSE,84,0.04,0.74,,0.00,27,49,,15
2788,benztropine,ESI+,DTXCID30594346,FALSE,84,0.04,0.74,,0.00,27,54,,15
2788,benztropine,ESI+,DTXCID30684175,FALSE,84,0.06,0.89,,2.00,17,14,,12
2788,benztropine,ESI+,DTXCID30873168,FALSE,84,0.04,0.59,,0.00,27,82,,15
2788,benztropine,ESI+,DTXCID3094412,FALSE,84,0.08,0.93,,3.00,12,10,,9
2788,benztropine,ESI+,DTXCID30967273,FALSE,84,0.06,0.82,,0.00,14,31,,15
2788,benztropine,ESI+,DTXCID401371468,FALSE,84,0.04,0.80,,4.44,25,38,,4
2788,benztropine,ESI+,DTXCID401400774,FALSE,84,0.08,0.72,,3.00,11,63,,9
2788,benztropine,ESI+,DTXCID401437828,FALSE,84,0.02,0.82,,0.00,28,29,,15
2788,benztropine,ESI+,DTXCID401445978,FALSE,84,0.04,0.70,,0.00,27,66,,15
2788,benztropine,ESI+,DTXCID40593446,FALSE,84,0.04,0.73,,3.00,27,57,,9
2788,benztropine,ESI+,DTXCID40793146,FALSE,84,0.08,0.72,,3.00,6,59,,9
2788,benztropine,ESI+,DTXCID40929544,FALSE,84,0.06,0.60,,2.50,19,81,,11
2788,benztropine,ESI+,DTXCID40983121,FALSE,84,0.04,1.10,,0.00,27,3,,15
2788,benztropine,ESI+,DTXCID501403507,FALSE,84,0.06,0.83,,3.00,19,26,,9
2788,benztropine,ESI+,DTXCID501456437,FALSE,84,0.06,0.92,,1.00,19,11,,14
2788,benztropine,ESI+,DTXCID50593896,FALSE,84,0.06,0.75,,0.00,19,47,,15
2788,benztropine,ESI+,DTXCID50594348,FALSE,84,0.06,0.74,,0.00,19,55,,15
2788,benztropine,ESI+,DTXCID50683084,FALSE,84,0.08,0.80,,2.00,8,35,,12
2788,benztropine,ESI+,DTXCID50960246,FALSE,84,0.04,0.66,,3.00,27,77,,9
2788,benztropine,ESI+,DTXCID601335848,FALSE,84,0.06,0.61,,3.00,19,80,,9
2788,benztropine,ESI+,DTXCID601449926,FALSE,84,0.02,0.66,,0.00,28,76,,15
2788,benztropine,ESI+,DTXCID60200842,FALSE,84,0.04,1.03,,4.00,27,5,,5
2788,benztropine,ESI+,DTXCID6041183,FALSE,84,0.34,0.74,,2.64,2,50,,10
2788,benztropine,ESI+,DTXCID60417857,FALSE,84,0.06,0.90,,3.00,19,13,,9
2788,benztropine,ESI+,DTXCID60593443,FALSE,84,0.06,0.74,,0.00,19,52,,15
2788,benztropine,ESI+,DTXCID60593448,FALSE,84,0.04,0.71,,0.00,27,64,,15
2788,benztropine,ESI+,DTXCID60898682,FALSE,84,0.04,0.85,,3.00,21,22,,9
2788,benztropine,ESI+,DTXCID60962675,FALSE,84,0.04,0.68,,0.00,27,72,,15
2788,benztropine,ESI+,DTXCID701022749,FALSE,84,0.19,0.97,,3.00,4,7,,9
2788,benztropine,ESI+,DTXCID701373168,FALSE,84,0.21,0.84,,3.20,3,25,,8
2788,benztropine,ESI+,DTXCID701418542,FALSE,84,0.04,0.69,,3.00,27,68,,9
2788,benztropine,ESI+,DTXCID701450792,FALSE,84,0.04,0.66,,0.00,27,78,,15
2788,benztropine,ESI+,DTXCID701461696,FALSE,84,0.04,0.88,,0.00,27,16,,15
2788,benztropine,ESI+,DTXCID70593893,FALSE,84,0.06,0.74,,0.00,19,48,,15
2788,benztropine,ESI+,DTXCID70593898,FALSE,84,0.02,0.72,,0.00,28,62,,15
2788,benztropine,ESI+,DTXCID70594345,FALSE,84,0.06,0.72,,3.00,19,61,,9
2788,benztropine,ESI+,DTXCID70747334,FALSE,84,0.08,0.78,,2.50,7,42,,11
2788,benztropine,ESI+,DTXCID70862894,FALSE,84,0.06,0.68,,1.00,15,73,,14
2788,benztropine,ESI+,DTXCID70927593,FALSE,84,0.04,0.76,,0.00,22,45,,15
2788,benztropine,ESI+,DTXCID70973712,FALSE,84,0.02,0.76,,3.00,28,44,,9
2788,benztropine,ESI+,DTXCID801343037,FALSE,84,0.04,0.85,,3.00,27,23,,9
2788,benztropine,ESI+,DTXCID801357080,FALSE,84,0.04,0.59,,3.00,27,83,,9
2788,benztropine,ESI+,DTXCID801449134,FALSE,84,0.02,0.80,,0.00,28,36,,15
2788,benztropine,ESI+,DTXCID80160893,FALSE,84,0.06,0.68,,3.00,18,74,,9
2788,benztropine,ESI+,DTXCID80197023,TRUE,84,7.00,1.36,,4.81,1,1,,2
2788,benztropine,ESI+,DTXCID80593445,FALSE,84,0.04,0.74,,0.00,27,51,,15
2788,benztropine,ESI+,DTXCID80856224,FALSE,84,0.02,0.81,,3.00,28,32,,9
2788,benztropine,ESI+,DTXCID80926991,FALSE,84,0.02,0.82,,2.50,28,30,,11
2788,benztropine,ESI+,DTXCID901076580,FALSE,84,0.06,0.81,,1.50,19,33,,13
2788,benztropine,ESI+,DTXCID901445985,FALSE,84,0.04,0.66,,0.00,27,75,,15
2788,benztropine,ESI+,DTXCID901456041,FALSE,84,0.04,0.58,,0.00,27,84,,15
2788,benztropine,ESI+,DTXCID90593895,FALSE,84,0.04,0.75,,0.00,27,46,,15
2788,benztropine,ESI+,DTXCID90594347,FALSE,84,0.06,0.73,,3.00,19,58,,9
2788,benztropine,ESI+,DTXCID90936041,FALSE,84,0.02,0.70,,3.00,28,67,,9
2791,alprazolam,ESI+,DTXCID00101960,FALSE,64,0.08,1.58,,2.50,16,1,,5
2791,alprazolam,ESI+,DTXCID00145364,FALSE,64,0.10,0.93,,1.00,13,30,,10
2791,alprazolam,ESI+,DTXCID00240429,FALSE,64,0.07,0.56,,1.50,20,52,,9
2791,alprazolam,ESI+,DTXCID0024686,FALSE,64,0.60,0.81,,2.22,3,36,,7
2791,alprazolam,ESI+,DTXCID00256747,FALSE,64,0.05,0.55,,1.50,30,54,,9
2791,alprazolam,ESI+,DTXCID0033417,FALSE,64,0.05,0.41,,1.00,30,61,,10
2791,alprazolam,ESI+,DTXCID0076332,FALSE,64,0.34,0.33,,3.00,4,62,,4
2791,alprazolam,ESI+,DTXCID00790696,FALSE,64,0.00,0.95,,1.50,38,29,,9
2791,alprazolam,ESI+,DTXCID00991909,FALSE,64,0.03,0.60,,0.00,35,49,,11
2791,alprazolam,ESI+,DTXCID10116207,FALSE,64,0.05,1.20,,2.00,30,14,,8
2791,alprazolam,ESI+,DTXCID10118822,FALSE,64,0.08,0.85,,1.00,15,34,,10
2791,alprazolam,ESI+,DTXCID10207088,FALSE,64,0.03,1.00,,6.00,35,25,,1
2791,alprazolam,ESI+,DTXCID102577,TRUE,64,7.83,1.15,,3.36,1,20,,3
2791,alprazolam,ESI+,DTXCID1072183,FALSE,64,0.03,1.02,,1.00,33,24,,10
2791,alprazolam,ESI+,DTXCID20101962,FALSE,64,0.05,1.49,,2.50,28,6,,5
2791,alprazolam,ESI+,DTXCID20243932,FALSE,64,0.05,0.99,,1.00,27,26,,10
2791,alprazolam,ESI+,DTXCID20470206,FALSE,64,0.03,1.44,,2.50,35,7,,5
2791,alprazolam,ESI+,DTXCID20643610,FALSE,64,0.07,0.61,,1.00,17,48,,10
2791,alprazolam,ESI+,DTXCID20737629,FALSE,64,0.03,0.56,,1.00,35,53,,10
2791,alprazolam,ESI+,DTXCID20814621,FALSE,64,0.06,0.21,,1.00,24,63,,10
2791,alprazolam,ESI+,DTXCID30120947,FALSE,64,0.21,0.44,,1.00,7,59,,10
2791,alprazolam,ESI+,DTXCID30234452,FALSE,64,0.06,1.57,,2.00,23,3,,8
2791,alprazolam,ESI+,DTXCID30276438,FALSE,64,0.05,0.85,,1.00,30,33,,10
2791,alprazolam,ESI+,DTXCID30298731,FALSE,64,0.06,1.17,,1.50,23,15,,9
2791,alprazolam,ESI+,DTXCID3068124,FALSE,64,0.05,1.16,,2.00,30,16,,8
2791,alprazolam,ESI+,DTXCID401379274,FALSE,64,0.05,0.64,,3.00,26,46,,4
2791,alprazolam,ESI+,DTXCID401401160,FALSE,64,0.05,0.69,,1.00,25,42,,10
2791,alprazolam,ESI+,DTXCID4028252,FALSE,64,1.84,1.15,,2.00,2,21,,8
2791,alprazolam,ESI+,DTXCID40702915,FALSE,64,0.02,0.83,,1.50,37,35,,9
2791,alprazolam,ESI+,DTXCID4092205,FALSE,64,0.07,0.78,,1.00,19,38,,10
2791,alprazolam,ESI+,DTXCID4092968,FALSE,64,0.05,0.50,,1.00,30,57,,10
2791,alprazolam,ESI+,DTXCID40997046,FALSE,64,0.03,0.65,,0.00,31,45,,11
2791,alprazolam,ESI+,DTXCID50230895,FALSE,64,0.15,0.71,,1.00,9,41,,10
2791,alprazolam,ESI+,DTXCID50350360,FALSE,64,0.13,0.96,,1.00,12,28,,10
2791,alprazolam,ESI+,DTXCID50382505,FALSE,64,0.13,0.96,,0.00,11,27,,11
2791,alprazolam,ESI+,DTXCID50410418,FALSE,64,0.03,1.39,,1.00,34,8,,10
2791,alprazolam,ESI+,DTXCID60113165,FALSE,64,0.14,1.37,,2.00,10,10,,8
2791,alprazolam,ESI+,DTXCID601463287,FALSE,64,0.02,0.78,,0.00,37,39,,11
2791,alprazolam,ESI+,DTXCID60708010,FALSE,64,0.03,0.61,,1.00,35,47,,10
2791,alprazolam,ESI+,DTXCID60750216,FALSE,64,0.03,1.12,,1.00,35,22,,10
2791,alprazolam,ESI+,DTXCID60960590,FALSE,64,0.03,0.55,,1.00,35,55,,10
2791,alprazolam,ESI+,DTXCID70106866,FALSE,64,0.33,1.57,,2.00,5,2,,8
2791,alprazolam,ESI+,DTXCID70133016,FALSE,64,0.06,1.39,,2.50,22,9,,5
2791,alprazolam,ESI+,DTXCID701405604,FALSE,64,0.07,0.86,,2.00,18,32,,8
2791,alprazolam,ESI+,DTXCID70143418,FALSE,64,0.05,1.16,,2.50,30,17,,5
2791,alprazolam,ESI+,DTXCID70276437,FALSE,64,0.05,0.88,,1.50,30,31,,9
2791,alprazolam,ESI+,DTXCID70394367,FALSE,64,0.05,1.55,,2.00,29,4,,8
2791,alprazolam,ESI+,DTXCID70676438,FALSE,64,0.03,0.59,,0.00,34,51,,11
2791,alprazolam,ESI+,DTXCID70688930,FALSE,64,0.03,1.34,,2.00,34,11,,8
2791,alprazolam,ESI+,DTXCID7073195,FALSE,64,0.03,1.16,,2.50,35,17,,5
2791,alprazolam,ESI+,DTXCID80113263,FALSE,64,0.10,1.51,,2.00,14,5,,8
2791,alprazolam,ESI+,DTXCID801339153,FALSE,64,0.05,0.60,,3.00,30,50,,4
2791,alprazolam,ESI+,DTXCID801450690,FALSE,64,0.02,0.68,,4.00,37,43,,2
2791,alprazolam,ESI+,DTXCID80245856,FALSE,64,0.05,0.80,,1.50,30,37,,9
2791,alprazolam,ESI+,DTXCID80460486,FALSE,64,0.05,1.32,,2.00,30,12,,8
2791,alprazolam,ESI+,DTXCID80660020,FALSE,64,0.03,0.68,,0.00,32,44,,11
2791,alprazolam,ESI+,DTXCID8068123,FALSE,64,0.07,1.15,,2.00,21,19,,8
2791,alprazolam,ESI+,DTXCID8071306,FALSE,64,0.29,0.53,,1.50,6,56,,9
2791,alprazolam,ESI+,DTXCID80759261,FALSE,64,0.03,1.22,,2.00,34,13,,8
2791,alprazolam,ESI+,DTXCID80865538,FALSE,64,0.02,1.10,,2.33,36,23,,6
2791,alprazolam,ESI+,DTXCID80919500,FALSE,64,0.03,0.45,,1.00,35,58,,10
2791,alprazolam,ESI+,DTXCID9071399,FALSE,64,0.05,0.76,,1.00,30,40,,10
2791,alprazolam,ESI+,DTXCID9076686,FALSE,64,0.05,1.15,,2.00,30,18,,8
2791,alprazolam,ESI+,DTXCID90863101,FALSE,64,0.16,0.42,,2.00,8,60,,8
2794,warfarin,ESI+,DTXCID00680301,FALSE,46,0.02,0.71,0.80,1.00,25,8,22,8
2794,warfarin,ESI+,DTXCID00806009,FALSE,46,0.02,0.57,0.57,1.50,26,27,36,7
2794,warfarin,ESI+,DTXCID00846167,FALSE,46,0.01,0.68,0.82,3.00,31,13,21,3
2794,warfarin,ESI+,DTXCID10564188,FALSE,46,0.02,0.48,0.30,3.00,27,35,43,3
2794,warfarin,ESI+,DTXCID10748587,FALSE,46,0.03,0.70,0.90,1.00,17,12,14,8
2794,warfarin,ESI+,DTXCID10940307,FALSE,46,0.01,0.38,1.09,0.00,30,42,5,9
2794,warfarin,ESI+,DTXCID10950840,FALSE,46,0.03,0.54,0.62,3.00,16,31,33,3
2794,warfarin,ESI+,DTXCID201042453,FALSE,46,0.01,0.57,0.73,1.00,31,29,26,8
2794,warfarin,ESI+,DTXCID201418711,FALSE,46,0.03,0.44,0.41,2.00,18,39,42,6
2794,warfarin,ESI+,DTXCID20144031,FALSE,46,0.03,0.73,0.84,3.00,18,6,18,3
2794,warfarin,ESI+,DTXCID20196838,TRUE,46,7.03,0.71,0.66,6.00,1,11,31,1
2794,warfarin,ESI+,DTXCID20485658,FALSE,46,0.01,0.62,0.55,2.00,29,20,38,6
2794,warfarin,ESI+,DTXCID20778931,FALSE,46,0.02,0.33,0.29,1.00,21,44,44,8
2794,warfarin,ESI+,DTXCID20875474,FALSE,46,0.03,0.47,0.68,1.00,18,36,29,8
2794,warfarin,ESI+,DTXCID20919327,FALSE,46,0.05,0.57,0.62,1.50,9,28,34,7
2794,warfarin,ESI+,DTXCID30349414,FALSE,46,0.01,0.84,0.91,3.00,31,2,13,3
2794,warfarin,ESI+,DTXCID401464310,FALSE,46,0.03,0.42,0.43,2.67,18,41,41,4
2794,warfarin,ESI+,DTXCID40278680,FALSE,46,0.04,0.60,0.49,2.00,10,23,40,6
2794,warfarin,ESI+,DTXCID40657254,FALSE,46,0.02,0.89,0.89,0.00,22,1,16,9
2794,warfarin,ESI+,DTXCID40813611,FALSE,46,1.32,0.74,1.17,3.00,3,4,3,3
2794,warfarin,ESI+,DTXCID501476196,FALSE,46,0.15,,,0.00,4,,,9
2794,warfarin,ESI+,DTXCID50243384,FALSE,46,0.08,0.71,0.97,1.00,5,7,8,8
2794,warfarin,ESI+,DTXCID50259925,FALSE,46,0.03,0.44,1.23,3.00,18,40,2,3
2794,warfarin,ESI+,DTXCID50358366,FALSE,46,0.04,0.60,0.84,2.00,14,24,20,6
2794,warfarin,ESI+,DTXCID5073824,FALSE,46,0.02,0.45,0.93,3.00,24,37,12,3
2794,warfarin,ESI+,DTXCID50769796,FALSE,46,0.03,0.54,0.64,3.00,18,30,32,3
2794,warfarin,ESI+,DTXCID60485657,FALSE,46,0.02,0.62,0.55,2.00,23,18,37,6
2794,warfarin,ESI+,DTXCID60582291,FALSE,46,0.05,0.71,0.73,2.00,8,9,25,6
2794,warfarin,ESI+,DTXCID60701041,FALSE,46,0.02,0.63,0.90,1.00,28,16,15,8
2794,warfarin,ESI+,DTXCID60759446,FALSE,46,0.01,0.71,0.54,3.00,31,10,39,3
2794,warfarin,ESI+,DTXCID60760057,FALSE,46,0.02,0.63,0.79,2.00,28,17,24,6
2794,warfarin,ESI+,DTXCID70111935,FALSE,46,0.07,0.61,0.62,2.00,6,21,35,6
2794,warfarin,ESI+,DTXCID703742,FALSE,46,2.76,,,5.71,2,,,2
2794,warfarin,ESI+,DTXCID70580889,FALSE,46,0.02,0.48,0.97,2.00,20,34,6,6
2794,warfarin,ESI+,DTXCID70603229,FALSE,46,0.04,0.34,1.28,0.00,11,43,1,9
2794,warfarin,ESI+,DTXCID70795597,FALSE,46,0.03,0.49,0.67,1.00,18,33,30,8
2794,warfarin,ESI+,DTXCID801362312,FALSE,46,0.06,0.62,0.95,3.00,7,19,10,3
2794,warfarin,ESI+,DTXCID80143984,FALSE,46,0.03,0.75,0.84,3.00,18,3,19,3
2794,warfarin,ESI+,DTXCID80235575,FALSE,46,0.03,0.65,0.95,2.50,15,15,11,5
2794,warfarin,ESI+,DTXCID80243216,FALSE,46,0.04,0.45,0.96,1.50,12,38,9,7
2794,warfarin,ESI+,DTXCID80338419,FALSE,46,0.04,0.59,0.97,3.00,13,25,7,3
2794,warfarin,ESI+,DTXCID80703047,FALSE,46,0.01,0.57,0.80,1.00,31,26,23,8
2794,warfarin,ESI+,DTXCID90278670,FALSE,46,0.02,0.74,1.13,3.00,19,5,4,3
2794,warfarin,ESI+,DTXCID90419283,FALSE,46,0.03,0.61,0.85,3.00,18,22,17,3
2794,warfarin,ESI+,DTXCID90507194,FALSE,46,0.02,0.50,0.70,1.00,28,32,28,8
2794,warfarin,ESI+,DTXCID90722143,FALSE,46,0.02,0.67,0.73,3.00,28,14,27,3
2888,ranitidine,ESI+,DTXCID00103868,FALSE,61,0.07,0.52,0.00,3.00,17,7,24,3
2888,ranitidine,ESI+,DTXCID001218993,FALSE,61,0.04,0.32,0.00,3.00,26,41,9,3
2888,ranitidine,ESI+,DTXCID001377838,FALSE,61,0.07,0.53,0.00,2.00,17,6,22,6
2888,ranitidine,ESI+,DTXCID001467350,FALSE,61,0.02,0.40,0.00,0.00,28,22,28,9
2888,ranitidine,ESI+,DTXCID00558314,FALSE,61,0.07,0.32,0.00,1.00,14,42,28,8
2888,ranitidine,ESI+,DTXCID00709268,FALSE,61,0.04,0.38,0.00,1.00,27,29,15,8
2888,ranitidine,ESI+,DTXCID00767803,FALSE,61,0.07,0.34,0.01,2.00,17,36,7,6
2888,ranitidine,ESI+,DTXCID00819730,FALSE,61,0.04,0.42,0.00,1.00,20,17,28,8
2888,ranitidine,ESI+,DTXCID00842548,FALSE,61,0.09,0.46,0.21,1.00,8,11,3,8
2888,ranitidine,ESI+,DTXCID00860080,FALSE,61,0.02,0.42,0.00,0.00,28,15,28,9
2888,ranitidine,ESI+,DTXCID101043860,FALSE,61,0.04,0.30,0.00,1.50,27,47,28,7
2888,ranitidine,ESI+,DTXCID10197450,TRUE,61,7.00,0.80,0.58,4.80,1,1,1,2
2888,ranitidine,ESI+,DTXCID10442937,FALSE,61,0.02,0.42,0.00,1.50,28,18,13,7
2888,ranitidine,ESI+,DTXCID10531870,FALSE,61,0.04,0.64,0.00,2.00,19,3,10,6
2888,ranitidine,ESI+,DTXCID10724326,FALSE,61,0.04,0.37,0.00,1.00,27,30,28,8
2888,ranitidine,ESI+,DTXCID10977759,FALSE,61,0.02,0.33,0.00,2.00,28,40,28,6
2888,ranitidine,ESI+,DTXCID201388045,FALSE,61,0.02,0.41,0.00,3.00,28,20,28,3
2888,ranitidine,ESI+,DTXCID20470185,FALSE,61,0.04,0.21,0.00,3.00,27,59,28,3
2888,ranitidine,ESI+,DTXCID20475812,FALSE,61,0.09,0.28,0.00,1.50,7,52,28,7
2888,ranitidine,ESI+,DTXCID20921526,FALSE,61,0.02,0.30,0.00,3.00,28,48,28,3
2888,ranitidine,ESI+,DTXCID301133257,FALSE,61,0.02,0.22,0.00,3.00,28,58,28,3
2888,ranitidine,ESI+,DTXCID301364937,FALSE,61,0.04,0.31,0.00,3.00,27,44,16,3
2888,ranitidine,ESI+,DTXCID3014307,FALSE,61,1.64,0.28,0.33,5.40,2,51,2,1
2888,ranitidine,ESI+,DTXCID30279500,FALSE,61,0.07,0.48,0.00,1.00,16,8,27,8
2888,ranitidine,ESI+,DTXCID30340022,FALSE,61,0.11,0.28,0.00,1.00,5,54,28,8
2888,ranitidine,ESI+,DTXCID3042423,FALSE,61,0.15,0.53,0.00,2.50,3,4,28,5
2888,ranitidine,ESI+,DTXCID30721312,FALSE,61,0.04,0.34,0.00,1.00,27,37,25,8
2888,ranitidine,ESI+,DTXCID30771670,FALSE,61,0.04,0.29,0.00,3.00,27,50,11,3
2888,ranitidine,ESI+,DTXCID30899146,FALSE,61,0.07,0.35,0.00,0.00,11,33,26,9
2888,ranitidine,ESI+,DTXCID40711163,FALSE,61,0.04,0.38,0.00,2.00,27,28,28,6
2888,ranitidine,ESI+,DTXCID40720033,FALSE,61,0.04,0.24,0.00,1.00,27,57,28,8
2888,ranitidine,ESI+,DTXCID40966979,FALSE,61,0.08,0.34,0.00,3.00,10,35,28,3
2888,ranitidine,ESI+,DTXCID501263462,FALSE,61,0.04,0.45,0.01,1.00,27,13,8,8
2888,ranitidine,ESI+,DTXCID501431623,FALSE,61,0.04,0.71,0.00,2.00,25,2,28,6
2888,ranitidine,ESI+,DTXCID50383491,FALSE,61,0.04,0.30,0.00,0.00,23,49,23,9
2888,ranitidine,ESI+,DTXCID50771672,FALSE,61,0.04,0.31,0.00,3.00,27,46,19,3
2888,ranitidine,ESI+,DTXCID50956745,FALSE,61,0.04,0.25,0.00,3.00,27,56,28,3
2888,ranitidine,ESI+,DTXCID50977758,FALSE,61,0.02,0.46,0.00,1.00,28,10,28,8
2888,ranitidine,ESI+,DTXCID60690426,FALSE,61,0.04,0.42,0.00,0.00,21,16,20,9
2888,ranitidine,ESI+,DTXCID60761882,FALSE,61,0.04,0.46,0.00,1.50,27,12,14,7
2888,ranitidine,ESI+,DTXCID60819736,FALSE,61,0.07,0.47,0.00,1.00,12,9,28,8
2888,ranitidine,ESI+,DTXCID701019287,FALSE,61,0.07,0.21,0.00,1.00,17,60,17,8
2888,ranitidine,ESI+,DTXCID701395035,FALSE,61,0.07,0.39,0.17,2.67,17,24,5,4
2888,ranitidine,ESI+,DTXCID70977755,FALSE,61,0.06,0.39,0.00,1.50,18,25,28,7
2888,ranitidine,ESI+,DTXCID801219002,FALSE,61,0.11,0.38,0.00,1.00,6,26,12,8
2888,ranitidine,ESI+,DTXCID80376694,FALSE,61,0.09,0.43,0.00,2.50,9,14,21,5
2888,ranitidine,ESI+,DTXCID80489839,FALSE,61,0.04,0.35,0.00,1.00,27,32,28,8
2888,ranitidine,ESI+,DTXCID80705162,FALSE,61,0.04,0.33,0.00,1.00,27,39,28,8
2888,ranitidine,ESI+,DTXCID80903722,FALSE,61,0.02,0.40,0.00,3.00,28,21,28,3
2888,ranitidine,ESI+,DTXCID80912450,FALSE,61,0.04,0.35,0.07,3.00,27,31,6,3
2888,ranitidine,ESI+,DTXCID901010417,FALSE,61,0.02,0.39,0.00,2.00,28,23,28,6
2888,ranitidine,ESI+,DTXCID901068361,FALSE,61,0.02,0.34,0.00,2.00,28,38,28,6
2888,ranitidine,ESI+,DTXCID901451522,FALSE,61,0.07,0.53,0.20,3.00,17,5,4,3
2888,ranitidine,ESI+,DTXCID901481644,FALSE,61,0.02,,,1.00,28,,,8
2888,ranitidine,ESI+,DTXCID90384063,FALSE,61,0.11,0.31,0.00,1.00,4,45,28,8
2888,ranitidine,ESI+,DTXCID90451941,FALSE,61,0.07,0.26,0.00,3.00,13,55,28,3
2888,ranitidine,ESI+,DTXCID90609263,FALSE,61,0.07,0.34,0.00,0.00,15,34,28,9
2888,ranitidine,ESI+,DTXCID90771671,FALSE,61,0.04,0.32,0.00,3.00,27,43,18,3
2888,ranitidine,ESI+,DTXCID90819744,FALSE,61,0.04,0.41,0.00,1.00,24,19,28,8
2888,ranitidine,ESI+,DTXCID90973799,FALSE,61,0.04,0.28,0.00,3.00,22,53,28,3
2888,ranitidine,ESI+,DTXCID90977752,FALSE,61,0.06,0.38,0.00,1.50,18,27,28,7
2901,progesterone,ESI+,DTXCID001353389,FALSE,67,0.04,0.97,0.73,1.00,32,24,102,14
2901,progesterone,ESI+,DTXCID001353389,FALSE,67,0.04,0.93,0.80,1.00,32,36,99,14
2901,progesterone,ESI+,DTXCID001382722,FALSE,67,0.04,0.92,1.12,3.00,37,41,54,8
2901,progesterone,ESI+,DTXCID001382722,FALSE,67,0.04,0.82,1.18,3.00,37,77,31,8
2901,progesterone,ESI+,DTXCID001445471,FALSE,67,0.04,0.86,1.00,2.00,37,58,77,12
2901,progesterone,ESI+,DTXCID001445471,FALSE,67,0.04,0.90,1.13,2.00,37,46,49,12
2901,progesterone,ESI+,DTXCID001446336,FALSE,67,0.06,0.94,1.13,3.00,24,33,50,8
2901,progesterone,ESI+,DTXCID001446336,FALSE,67,0.06,0.85,1.34,3.00,24,66,10,8
2901,progesterone,ESI+,DTXCID001469320,FALSE,67,0.02,0.96,0.93,1.00,42,28,86,14
2901,progesterone,ESI+,DTXCID001469320,FALSE,67,0.02,0.96,1.25,1.00,42,26,21,14
2901,progesterone,ESI+,DTXCID00223459,FALSE,67,0.27,1.06,1.13,3.00,6,7,51,8
2901,progesterone,ESI+,DTXCID00919921,FALSE,67,0.02,0.77,1.07,3.00,42,91,68,8
2901,progesterone,ESI+,DTXCID101366282,FALSE,67,0.02,0.85,1.08,3.00,41,67,65,8
2901,progesterone,ESI+,DTXCID101366282,FALSE,67,0.02,0.89,1.39,3.00,41,49,8,8
2901,progesterone,ESI+,DTXCID101439520,FALSE,67,0.01,0.86,0.87,3.00,46,57,91,8
2901,progesterone,ESI+,DTXCID101448385,FALSE,67,0.06,0.71,1.41,3.00,25,100,7,8
2901,progesterone,ESI+,DTXCID101468468,FALSE,67,0.02,0.66,1.07,3.00,42,102,69,8
2901,progesterone,ESI+,DTXCID101492649,FALSE,67,0.26,,,2.00,7,,,12
2901,progesterone,ESI+,DTXCID101492699,FALSE,67,0.01,,,0.00,45,,,15
2901,progesterone,ESI+,DTXCID10209108,FALSE,67,4.59,0.82,1.11,4.58,2,78,58,4
2901,progesterone,ESI+,DTXCID10209108,FALSE,67,4.59,0.94,1.20,4.58,2,34,29,4
2901,progesterone,ESI+,DTXCID10217480,FALSE,67,0.17,0.96,1.12,3.00,13,27,56,8
2901,progesterone,ESI+,DTXCID10217480,FALSE,67,0.17,0.84,1.17,3.00,13,70,36,8
2901,progesterone,ESI+,DTXCID10218538,FALSE,67,0.05,0.75,1.29,3.00,30,96,14,8
2901,progesterone,ESI+,DTXCID10218558,FALSE,67,0.10,0.86,1.05,3.00,17,65,72,8
2901,progesterone,ESI+,DTXCID10957031,FALSE,67,0.02,0.84,0.99,3.00,42,69,80,8
2901,progesterone,ESI+,DTXCID201033224,FALSE,67,0.58,0.96,1.12,4.50,5,29,53,5
2901,progesterone,ESI+,DTXCID201370795,FALSE,67,0.04,0.81,1.15,2.50,36,79,42,11
2901,progesterone,ESI+,DTXCID201445746,FALSE,67,0.04,0.99,1.02,0.00,34,16,74,15
2901,progesterone,ESI+,DTXCID201445746,FALSE,67,0.04,0.82,1.23,0.00,34,76,26,15
2901,progesterone,ESI+,DTXCID201469326,FALSE,67,0.02,0.86,1.15,1.00,42,59,43,14
2901,progesterone,ESI+,DTXCID20208869,TRUE,67,7.10,0.94,1.07,5.78,1,32,66,2
2901,progesterone,ESI+,DTXCID20208869,TRUE,67,7.10,0.83,1.28,5.78,1,72,19,2
2901,progesterone,ESI+,DTXCID20464468,FALSE,67,0.02,0.72,0.85,3.00,40,98,94,8
2901,progesterone,ESI+,DTXCID301059558,FALSE,67,0.07,1.18,1.12,3.00,22,2,55,8
2901,progesterone,ESI+,DTXCID301059558,FALSE,67,0.07,1.26,1.53,3.00,22,1,1,8
2901,progesterone,ESI+,DTXCID301329395,FALSE,67,0.19,0.99,1.18,0.00,11,17,32,15
2901,progesterone,ESI+,DTXCID301329395,FALSE,67,0.19,1.08,1.31,0.00,11,5,12,15
2901,progesterone,ESI+,DTXCID30219209,FALSE,67,0.04,0.93,1.29,3.00,35,38,16,8
2901,progesterone,ESI+,DTXCID30839789,FALSE,67,0.16,0.93,0.90,2.78,14,39,89,9
2901,progesterone,ESI+,DTXCID30889461,FALSE,67,0.22,0.93,0.78,1.00,10,37,101,14
2901,progesterone,ESI+,DTXCID30889461,FALSE,67,0.22,0.86,0.82,1.00,10,60,97,14
2901,progesterone,ESI+,DTXCID401340293,FALSE,67,0.01,0.89,1.01,3.00,47,48,75,8
2901,progesterone,ESI+,DTXCID401340293,FALSE,67,0.01,0.84,1.18,3.00,47,68,30,8
2901,progesterone,ESI+,DTXCID401444487,FALSE,67,0.02,1.00,1.14,3.00,39,15,47,8
2901,progesterone,ESI+,DTXCID401444487,FALSE,67,0.02,0.99,1.34,3.00,39,21,11,8
2901,progesterone,ESI+,DTXCID401451377,FALSE,67,0.04,0.86,1.00,2.00,37,61,78,12
2901,progesterone,ESI+,DTXCID401451377,FALSE,67,0.04,0.87,1.36,2.00,37,55,9,12
2901,progesterone,ESI+,DTXCID401454802,FALSE,67,0.01,1.00,1.15,3.50,46,14,44,6
2901,progesterone,ESI+,DTXCID401455567,FALSE,67,0.04,0.80,0.97,3.00,33,82,84,8
2901,progesterone,ESI+,DTXCID401455567,FALSE,67,0.04,0.86,1.00,3.00,33,56,79,8
2901,progesterone,ESI+,DTXCID40658908,FALSE,67,0.05,1.08,1.14,2.00,28,6,46,12
2901,progesterone,ESI+,DTXCID40658908,FALSE,67,0.05,0.99,1.45,2.00,28,20,5,12
2901,progesterone,ESI+,DTXCID40661417,FALSE,67,0.01,0.79,0.87,2.00,44,86,92,12
2901,progesterone,ESI+,DTXCID40661417,FALSE,67,0.01,0.95,0.98,2.00,44,30,82,12
2901,progesterone,ESI+,DTXCID40908490,FALSE,67,0.02,0.75,0.99,3.00,42,93,81,8
2901,progesterone,ESI+,DTXCID40908490,FALSE,67,0.02,0.75,1.11,3.00,42,95,57,8
2901,progesterone,ESI+,DTXCID40952115,FALSE,67,0.02,0.83,1.04,3.00,42,73,73,8
2901,progesterone,ESI+,DTXCID40952115,FALSE,67,0.02,0.77,1.22,3.00,42,90,28,8
2901,progesterone,ESI+,DTXCID501385383,FALSE,67,0.14,0.88,1.25,2.67,16,51,23,10
2901,progesterone,ESI+,DTXCID501392742,FALSE,67,0.00,0.67,0.91,3.00,48,101,88,8
2901,progesterone,ESI+,DTXCID501392742,FALSE,67,0.00,0.83,1.14,3.00,48,74,45,8
2901,progesterone,ESI+,DTXCID50758160,FALSE,67,0.01,0.80,1.29,2.50,46,81,15,11
2901,progesterone,ESI+,DTXCID50758160,FALSE,67,0.01,0.91,1.48,2.50,46,45,4,11
2901,progesterone,ESI+,DTXCID50819568,FALSE,67,2.55,1.03,1.17,8.00,3,10,33,1
2901,progesterone,ESI+,DTXCID50819568,FALSE,67,2.55,1.10,1.17,8.00,3,4,35,1
2901,progesterone,ESI+,DTXCID601036256,FALSE,67,0.06,0.84,0.83,1.50,26,71,96,13
2901,progesterone,ESI+,DTXCID601451309,FALSE,67,0.05,0.79,0.69,3.00,29,87,103,8
2901,progesterone,ESI+,DTXCID601451309,FALSE,67,0.05,0.94,0.80,3.00,29,35,98,8
2901,progesterone,ESI+,DTXCID601456535,FALSE,67,0.06,0.71,1.08,3.00,23,99,62,8
2901,progesterone,ESI+,DTXCID601456535,FALSE,67,0.06,0.74,1.08,3.00,23,97,63,8
2901,progesterone,ESI+,DTXCID601458000,FALSE,67,0.10,0.76,1.15,3.00,18,92,41,8
2901,progesterone,ESI+,DTXCID601459341,FALSE,67,0.08,0.97,1.11,3.00,20,25,60,8
2901,progesterone,ESI+,DTXCID601459341,FALSE,67,0.08,1.02,1.25,3.00,20,12,20,8
2901,progesterone,ESI+,DTXCID60222908,FALSE,67,0.09,0.89,1.17,1.00,19,47,34,14
2901,progesterone,ESI+,DTXCID60222908,FALSE,67,0.09,0.86,1.24,1.00,19,64,24,14
2901,progesterone,ESI+,DTXCID60558754,FALSE,67,0.02,0.80,0.80,2.00,41,83,100,12
2901,progesterone,ESI+,DTXCID60558754,FALSE,67,0.02,0.75,0.93,2.00,41,94,87,12
2901,progesterone,ESI+,DTXCID60777781,FALSE,67,0.01,0.80,1.23,1.50,43,84,25,13
2901,progesterone,ESI+,DTXCID60777781,FALSE,67,0.01,0.91,1.42,1.50,43,42,6,13
2901,progesterone,ESI+,DTXCID701466022,FALSE,67,0.02,0.86,1.07,3.00,42,63,67,8
2901,progesterone,ESI+,DTXCID70217663,FALSE,67,0.14,0.89,1.06,3.33,15,50,70,7
2901,progesterone,ESI+,DTXCID70217663,FALSE,67,0.14,0.87,0.98,3.33,15,54,83,7
2901,progesterone,ESI+,DTXCID70225203,FALSE,67,0.22,1.06,1.17,3.00,9,8,38,8
2901,progesterone,ESI+,DTXCID70726422,FALSE,67,0.02,0.91,0.89,2.50,41,43,90,11
2901,progesterone,ESI+,DTXCID70832032,FALSE,67,0.04,1.02,1.48,2.00,35,11,3,12
2901,progesterone,ESI+,DTXCID7090739,FALSE,67,0.05,0.86,1.29,3.00,31,62,18,8
2901,progesterone,ESI+,DTXCID801042132,FALSE,67,0.01,0.99,1.01,2.50,46,19,76,11
2901,progesterone,ESI+,DTXCID801042132,FALSE,67,0.01,0.88,1.13,2.50,46,52,52,11
2901,progesterone,ESI+,DTXCID801371258,FALSE,67,0.87,0.99,1.11,5.25,4,18,59,3
2901,progesterone,ESI+,DTXCID801371258,FALSE,67,0.87,0.98,1.29,5.25,4,22,17,3
2901,progesterone,ESI+,DTXCID801374040,FALSE,67,0.02,1.05,1.17,3.00,42,9,37,8
2901,progesterone,ESI+,DTXCID801374040,FALSE,67,0.02,0.94,1.22,3.00,42,31,27,8
2901,progesterone,ESI+,DTXCID901332679,FALSE,67,0.05,0.81,1.08,3.00,27,80,64,8
2901,progesterone,ESI+,DTXCID901332679,FALSE,67,0.05,0.91,1.30,3.00,27,44,13,8
2901,progesterone,ESI+,DTXCID901397837,FALSE,67,0.02,0.78,1.16,3.00,42,89,40,8
2901,progesterone,ESI+,DTXCID901453859,FALSE,67,0.03,0.97,1.05,3.00,38,23,71,8
2901,progesterone,ESI+,DTXCID901453859,FALSE,67,0.03,0.78,1.25,3.00,38,88,22,8
2901,progesterone,ESI+,DTXCID901465713,FALSE,67,0.08,0.62,1.09,3.00,21,103,61,8
2901,progesterone,ESI+,DTXCID90221040,FALSE,67,0.25,1.02,1.16,2.50,8,13,39,11
2901,progesterone,ESI+,DTXCID90221040,FALSE,67,0.25,1.13,1.50,2.50,8,3,2,11
2901,progesterone,ESI+,DTXCID90855268,FALSE,67,0.01,0.83,0.85,2.50,46,75,93,11
2901,progesterone,ESI+,DTXCID90945456,FALSE,67,0.02,0.92,0.94,2.50,41,40,85,11
2901,progesterone,ESI+,DTXCID90951052,FALSE,67,0.18,0.79,0.84,2.50,12,85,95,11
2901,progesterone,ESI+,DTXCID90951052,FALSE,67,0.18,0.88,1.13,2.50,12,53,48,11
2907,oxycodone,ESI+,DTXCID00146396,FALSE,91,0.03,0.52,,1.50,38,74,,8
2907,oxycodone,ESI+,DTXCID00218128,FALSE,91,0.03,1.19,,3.00,30,3,,5
2907,oxycodone,ESI+,DTXCID0082781,FALSE,91,0.03,0.53,,1.78,38,71,,7
2907,oxycodone,ESI+,DTXCID00868501,FALSE,91,0.01,0.20,,0.00,49,90,,10
2907,oxycodone,ESI+,DTXCID00990316,FALSE,91,0.04,0.83,,0.00,27,22,,10
2907,oxycodone,ESI+,DTXCID101157198,FALSE,91,0.03,0.22,,0.00,38,89,,10
2907,oxycodone,ESI+,DTXCID101356112,FALSE,91,0.02,0.94,,2.00,39,12,,6
2907,oxycodone,ESI+,DTXCID101363690,FALSE,91,0.02,0.41,,0.00,41,84,,10
2907,oxycodone,ESI+,DTXCID10526281,FALSE,91,0.02,0.58,,1.00,43,65,,9
2907,oxycodone,ESI+,DTXCID10609705,FALSE,91,0.03,0.51,,0.00,34,75,,10
2907,oxycodone,ESI+,DTXCID10686051,FALSE,91,0.03,0.66,,0.00,32,48,,10
2907,oxycodone,ESI+,DTXCID10741932,FALSE,91,0.02,0.75,,1.00,45,38,,9
2907,oxycodone,ESI+,DTXCID10868370,FALSE,91,0.01,0.20,,0.00,48,91,,10
2907,oxycodone,ESI+,DTXCID10874572,FALSE,91,0.02,0.41,,0.00,45,85,,10
2907,oxycodone,ESI+,DTXCID10954489,FALSE,91,0.03,0.75,,3.00,38,34,,5
2907,oxycodone,ESI+,DTXCID10963612,FALSE,91,0.02,0.91,,1.00,45,16,,9
2907,oxycodone,ESI+,DTXCID10975891,FALSE,91,0.01,0.55,,1.00,50,69,,9
2907,oxycodone,ESI+,DTXCID201016383,FALSE,91,0.04,0.65,,2.00,24,53,,6
2907,oxycodone,ESI+,DTXCID201040207,FALSE,91,0.02,0.26,,1.00,42,87,,9
2907,oxycodone,ESI+,DTXCID201222942,FALSE,91,0.01,0.61,,0.00,50,60,,10
2907,oxycodone,ESI+,DTXCID201439947,FALSE,91,0.02,0.74,,0.00,45,41,,10
2907,oxycodone,ESI+,DTXCID201466065,FALSE,91,0.02,0.94,,3.00,40,13,,5
2907,oxycodone,ESI+,DTXCID20220420,FALSE,91,0.19,1.03,,3.00,4,4,,5
2907,oxycodone,ESI+,DTXCID2046834,FALSE,91,0.04,0.46,,1.00,23,83,,9
2907,oxycodone,ESI+,DTXCID20569088,FALSE,91,0.02,0.61,,1.00,45,61,,9
2907,oxycodone,ESI+,DTXCID20821097,FALSE,91,0.01,0.69,,3.00,50,45,,5
2907,oxycodone,ESI+,DTXCID20983346,FALSE,91,0.02,0.76,,0.00,45,31,,10
2907,oxycodone,ESI+,DTXCID30130945,FALSE,91,0.05,0.22,,1.00,16,88,,9
2907,oxycodone,ESI+,DTXCID301456948,FALSE,91,0.05,0.63,,2.00,17,57,,6
2907,oxycodone,ESI+,DTXCID30156645,FALSE,91,0.03,0.76,,1.00,38,32,,9
2907,oxycodone,ESI+,DTXCID30461802,FALSE,91,0.03,0.77,,3.00,37,29,,5
2907,oxycodone,ESI+,DTXCID3075751,FALSE,91,0.04,0.89,,1.00,22,17,,9
2907,oxycodone,ESI+,DTXCID30767452,FALSE,91,0.02,0.62,,1.00,45,59,,9
2907,oxycodone,ESI+,DTXCID30995773,FALSE,91,0.01,0.60,,0.00,50,62,,10
2907,oxycodone,ESI+,DTXCID401067087,FALSE,91,0.03,0.65,,1.00,29,51,,9
2907,oxycodone,ESI+,DTXCID401331769,FALSE,91,0.02,1.23,,3.00,45,1,,5
2907,oxycodone,ESI+,DTXCID40149427,FALSE,91,0.04,0.36,,1.00,21,86,,9
2907,oxycodone,ESI+,DTXCID40158872,FALSE,91,0.03,0.57,,3.00,28,66,,5
2907,oxycodone,ESI+,DTXCID40197347,FALSE,91,0.16,0.93,,3.00,5,14,,5
2907,oxycodone,ESI+,DTXCID40204323,TRUE,91,8.00,1.20,,4.50,1,2,,1
2907,oxycodone,ESI+,DTXCID40246182,FALSE,91,0.03,0.76,,1.00,38,30,,9
2907,oxycodone,ESI+,DTXCID40247654,FALSE,91,0.04,0.73,,1.00,20,43,,9
2907,oxycodone,ESI+,DTXCID40270962,FALSE,91,0.04,0.81,,1.00,26,24,,9
2907,oxycodone,ESI+,DTXCID40274465,FALSE,91,0.03,0.47,,1.00,38,82,,9
2907,oxycodone,ESI+,DTXCID40300753,FALSE,91,0.21,0.86,,1.00,2,19,,9
2907,oxycodone,ESI+,DTXCID40805076,FALSE,91,0.02,0.79,,1.50,45,28,,8
2907,oxycodone,ESI+,DTXCID40821675,FALSE,91,0.11,0.49,,2.00,8,80,,6
2907,oxycodone,ESI+,DTXCID40964096,FALSE,91,0.08,0.63,,3.00,9,58,,5
2907,oxycodone,ESI+,DTXCID501336255,FALSE,91,0.07,0.58,,0.00,11,64,,10
2907,oxycodone,ESI+,DTXCID501402216,FALSE,91,0.02,0.47,,1.00,45,81,,9
2907,oxycodone,ESI+,DTXCID501438043,FALSE,91,0.01,0.74,,4.00,50,39,,2
2907,oxycodone,ESI+,DTXCID501460042,FALSE,91,0.00,0.96,,3.50,51,10,,4
2907,oxycodone,ESI+,DTXCID50151657,FALSE,91,0.03,0.76,,3.00,38,33,,5
2907,oxycodone,ESI+,DTXCID50822774,FALSE,91,0.15,0.49,,2.00,7,79,,6
2907,oxycodone,ESI+,DTXCID50953870,FALSE,91,0.02,0.63,,3.00,45,56,,5
2907,oxycodone,ESI+,DTXCID50975890,FALSE,91,0.01,0.51,,1.00,50,77,,9
2907,oxycodone,ESI+,DTXCID601003380,FALSE,91,0.01,0.80,,1.00,47,26,,9
2907,oxycodone,ESI+,DTXCID601013181,FALSE,91,0.02,0.84,,1.00,45,20,,9
2907,oxycodone,ESI+,DTXCID601016385,FALSE,91,0.04,0.68,,2.00,24,46,,6
2907,oxycodone,ESI+,DTXCID601297753,FALSE,91,0.03,0.82,,1.00,33,23,,9
2907,oxycodone,ESI+,DTXCID601396404,FALSE,91,0.03,0.65,,3.00,31,52,,5
2907,oxycodone,ESI+,DTXCID601434256,FALSE,91,0.02,0.66,,2.00,44,47,,6
2907,oxycodone,ESI+,DTXCID601456947,FALSE,91,0.15,0.75,,3.00,6,35,,5
2907,oxycodone,ESI+,DTXCID601459460,FALSE,91,0.05,1.01,,1.00,12,5,,9
2907,oxycodone,ESI+,DTXCID601470684,FALSE,91,0.02,0.91,,0.00,45,15,,10
2907,oxycodone,ESI+,DTXCID60158399,FALSE,91,0.03,0.51,,2.00,38,76,,6
2907,oxycodone,ESI+,DTXCID60219752,FALSE,91,0.20,0.75,,3.75,3,36,,3
2907,oxycodone,ESI+,DTXCID60317762,FALSE,91,0.05,0.64,,1.00,15,55,,9
2907,oxycodone,ESI+,DTXCID60435854,FALSE,91,0.02,0.65,,1.50,45,50,,8
2907,oxycodone,ESI+,DTXCID6066575,FALSE,91,0.03,0.54,,3.00,38,70,,5
2907,oxycodone,ESI+,DTXCID60857335,FALSE,91,0.02,0.83,,3.00,42,21,,5
2907,oxycodone,ESI+,DTXCID60998257,FALSE,91,0.01,0.86,,0.00,46,18,,10
2907,oxycodone,ESI+,DTXCID701314972,FALSE,91,0.02,0.98,,0.00,45,8,,10
2907,oxycodone,ESI+,DTXCID701321000,FALSE,91,0.01,0.95,,1.00,50,11,,9
2907,oxycodone,ESI+,DTXCID701470049,FALSE,91,0.00,0.56,,0.00,51,68,,10
2907,oxycodone,ESI+,DTXCID70223608,FALSE,91,0.04,0.99,,1.00,25,7,,9
2907,oxycodone,ESI+,DTXCID70484454,FALSE,91,0.02,0.52,,1.00,44,73,,9
2907,oxycodone,ESI+,DTXCID70901979,FALSE,91,0.01,0.74,,1.00,50,40,,9
2907,oxycodone,ESI+,DTXCID801460041,FALSE,91,0.08,1.01,,3.50,10,6,,4
2907,oxycodone,ESI+,DTXCID80150799,FALSE,91,0.03,0.79,,1.50,35,27,,8
2907,oxycodone,ESI+,DTXCID80156650,FALSE,91,0.05,0.74,,3.00,13,42,,5
2907,oxycodone,ESI+,DTXCID80158932,FALSE,91,0.03,0.53,,3.00,36,72,,5
2907,oxycodone,ESI+,DTXCID80369900,FALSE,91,0.04,0.70,,3.00,19,44,,5
2907,oxycodone,ESI+,DTXCID80835377,FALSE,91,0.05,0.65,,1.00,14,49,,9
2907,oxycodone,ESI+,DTXCID901013180,FALSE,91,0.01,0.60,,1.00,50,63,,9
2907,oxycodone,ESI+,DTXCID901016384,FALSE,91,0.03,0.65,,1.00,38,54,,9
2907,oxycodone,ESI+,DTXCID90205845,FALSE,91,0.04,0.75,,3.00,18,37,,5
2907,oxycodone,ESI+,DTXCID90443629,FALSE,91,0.02,0.56,,1.00,45,67,,9
2907,oxycodone,ESI+,DTXCID90487503,FALSE,91,0.02,0.49,,3.00,45,78,,5
2907,oxycodone,ESI+,DTXCID90908480,FALSE,91,0.03,0.97,,1.00,38,9,,9
2907,oxycodone,ESI+,DTXCID90957458,FALSE,91,0.02,0.81,,1.00,45,25,,9
3097,paroxetine,ESI+,DTXCID00758610,FALSE,30,0.02,0.77,,1.00,13,13,,10
3097,paroxetine,ESI+,DTXCID101007137,FALSE,30,0.01,0.93,,2.00,14,3,,8
3097,paroxetine,ESI+,DTXCID10200574,FALSE,30,0.02,0.72,,0.00,13,19,,11
3097,paroxetine,ESI+,DTXCID10758606,FALSE,30,0.02,0.77,,1.50,13,12,,9
3097,paroxetine,ESI+,DTXCID20126534,FALSE,30,0.04,0.65,,2.25,4,25,,7
3097,paroxetine,ESI+,DTXCID20216606,FALSE,30,0.03,0.82,,3.00,8,8,,4
3097,paroxetine,ESI+,DTXCID20958933,FALSE,30,0.02,0.75,,2.00,13,16,,8
3097,paroxetine,ESI+,DTXCID301317912,FALSE,30,0.01,0.48,,1.00,15,29,,10
3097,paroxetine,ESI+,DTXCID30145514,FALSE,30,0.03,0.80,,3.00,6,10,,4
3097,paroxetine,ESI+,DTXCID30196980,TRUE,30,7.00,1.19,,6.22,1,1,,1
3097,paroxetine,ESI+,DTXCID30739992,FALSE,30,0.02,0.65,,1.50,13,24,,9
3097,paroxetine,ESI+,DTXCID30758608,FALSE,30,0.02,0.70,,1.00,13,20,,10
3097,paroxetine,ESI+,DTXCID40130931,FALSE,30,0.03,0.75,,3.00,9,15,,4
3097,paroxetine,ESI+,DTXCID401446964,FALSE,30,0.01,0.65,,0.00,15,26,,11
3097,paroxetine,ESI+,DTXCID40752455,FALSE,30,0.01,0.67,,2.50,15,23,,6
3097,paroxetine,ESI+,DTXCID40811990,FALSE,30,0.13,0.87,,3.00,2,5,,4
3097,paroxetine,ESI+,DTXCID40877652,FALSE,30,0.03,0.94,,3.00,7,2,,4
3097,paroxetine,ESI+,DTXCID50203948,FALSE,30,0.04,0.75,,4.00,5,14,,3
3097,paroxetine,ESI+,DTXCID50573158,FALSE,30,0.02,0.80,,2.00,12,9,,8
3097,paroxetine,ESI+,DTXCID70343759,FALSE,30,0.05,0.92,,3.00,3,4,,4
3097,paroxetine,ESI+,DTXCID70683667,FALSE,30,0.02,0.78,,0.00,11,11,,11
3097,paroxetine,ESI+,DTXCID70758607,FALSE,30,0.02,0.85,,1.00,13,7,,10
3097,paroxetine,ESI+,DTXCID70849908,FALSE,30,0.01,0.63,,3.00,15,27,,4
3097,paroxetine,ESI+,DTXCID80115888,FALSE,30,0.03,0.73,,2.67,10,17,,5
3097,paroxetine,ESI+,DTXCID801437787,FALSE,30,0.02,0.60,,6.00,13,28,,2
3097,paroxetine,ESI+,DTXCID801446980,FALSE,30,0.01,0.69,,0.00,15,21,,11
3097,paroxetine,ESI+,DTXCID80742496,FALSE,30,0.02,0.68,,3.00,13,22,,4
3097,paroxetine,ESI+,DTXCID901035502,FALSE,30,0.00,0.73,,0.00,16,18,,11
3097,paroxetine,ESI+,DTXCID90632899,FALSE,30,0.03,0.13,,1.00,10,30,,10
3097,paroxetine,ESI+,DTXCID90758604,FALSE,30,0.02,0.86,,1.50,13,6,,9
3190,fentanyl,ESI+,DTXCID00112879,FALSE,44,0.38,0.51,,3.00,3,36,,2
3190,fentanyl,ESI+,DTXCID00709440,FALSE,44,0.01,0.59,,1.50,18,33,,4
3190,fentanyl,ESI+,DTXCID00817357,FALSE,44,0.41,0.86,,3.00,2,11,,2
3190,fentanyl,ESI+,DTXCID101353570,FALSE,44,0.05,0.49,,3.00,7,39,,2
3190,fentanyl,ESI+,DTXCID101386391,FALSE,44,0.02,0.58,,3.00,15,34,,2
3190,fentanyl,ESI+,DTXCID101448359,FALSE,44,0.01,0.63,,0.00,18,30,,6
3190,fentanyl,ESI+,DTXCID10232214,FALSE,44,0.04,0.49,,3.00,9,38,,2
3190,fentanyl,ESI+,DTXCID103049,TRUE,44,8.00,1.16,,4.13,1,4,,1
3190,fentanyl,ESI+,DTXCID10892019,FALSE,44,0.07,0.22,,1.50,6,43,,4
3190,fentanyl,ESI+,DTXCID10958563,FALSE,44,0.02,0.91,,3.00,15,10,,2
3190,fentanyl,ESI+,DTXCID10999512,FALSE,44,0.05,0.93,,3.00,8,9,,2
3190,fentanyl,ESI+,DTXCID20131163,FALSE,44,0.03,0.22,,3.00,12,44,,2
3190,fentanyl,ESI+,DTXCID30360760,FALSE,44,0.02,0.64,,2.00,15,29,,3
3190,fentanyl,ESI+,DTXCID30842435,FALSE,44,0.07,1.03,,3.00,5,5,,2
3190,fentanyl,ESI+,DTXCID30866671,FALSE,44,0.01,0.67,,3.00,17,24,,2
3190,fentanyl,ESI+,DTXCID40139944,FALSE,44,0.04,0.59,,3.00,10,32,,2
3190,fentanyl,ESI+,DTXCID401443560,FALSE,44,0.01,0.39,,0.00,18,40,,6
3190,fentanyl,ESI+,DTXCID401453604,FALSE,44,0.02,1.40,,0.00,15,1,,6
3190,fentanyl,ESI+,DTXCID40471179,FALSE,44,0.02,0.33,,1.50,15,42,,4
3190,fentanyl,ESI+,DTXCID40897774,FALSE,44,0.01,0.70,,3.00,16,20,,2
3190,fentanyl,ESI+,DTXCID501461688,FALSE,44,0.03,0.74,,3.00,12,18,,2
3190,fentanyl,ESI+,DTXCID50297923,FALSE,44,0.35,1.18,,3.00,4,3,,2
3190,fentanyl,ESI+,DTXCID50436739,FALSE,44,0.02,0.93,,3.00,13,8,,2
3190,fentanyl,ESI+,DTXCID50703756,FALSE,44,0.02,0.76,,3.00,15,16,,2
3190,fentanyl,ESI+,DTXCID50749033,FALSE,44,0.02,0.67,,1.00,15,23,,5
3190,fentanyl,ESI+,DTXCID50852374,FALSE,44,0.01,0.51,,3.00,18,37,,2
3190,fentanyl,ESI+,DTXCID50929237,FALSE,44,0.01,0.78,,2.00,18,13,,3
3190,fentanyl,ESI+,DTXCID601455206,FALSE,44,0.01,0.69,,0.00,18,21,,6
3190,fentanyl,ESI+,DTXCID601455218,FALSE,44,0.01,0.64,,0.00,18,27,,6
3190,fentanyl,ESI+,DTXCID601455232,FALSE,44,0.01,0.75,,0.00,18,17,,6
3190,fentanyl,ESI+,DTXCID601468106,FALSE,44,0.03,0.83,,0.00,11,12,,6
3190,fentanyl,ESI+,DTXCID60557242,FALSE,44,0.02,0.98,,0.00,14,7,,6
3190,fentanyl,ESI+,DTXCID60997184,FALSE,44,0.01,0.99,,0.00,17,6,,6
3190,fentanyl,ESI+,DTXCID701046874,FALSE,44,0.02,0.63,,1.00,15,31,,5
3190,fentanyl,ESI+,DTXCID701356803,FALSE,44,0.03,0.65,,0.00,12,26,,6
3190,fentanyl,ESI+,DTXCID701412675,FALSE,44,0.04,0.39,,3.00,10,41,,2
3190,fentanyl,ESI+,DTXCID701437477,FALSE,44,0.02,0.71,,0.00,15,19,,6
3190,fentanyl,ESI+,DTXCID701462363,FALSE,44,0.02,0.54,,0.00,15,35,,6
3190,fentanyl,ESI+,DTXCID70247187,FALSE,44,0.03,1.21,,3.00,12,2,,2
3190,fentanyl,ESI+,DTXCID70273401,FALSE,44,0.03,0.77,,3.00,12,15,,2
3190,fentanyl,ESI+,DTXCID80929245,FALSE,44,0.01,0.67,,0.00,18,22,,6
3190,fentanyl,ESI+,DTXCID901459188,FALSE,44,0.01,0.65,,0.00,18,25,,6
3190,fentanyl,ESI+,DTXCID90845922,FALSE,44,0.01,0.64,,3.00,18,28,,2
3190,fentanyl,ESI+,DTXCID9093563,FALSE,44,0.04,0.77,,3.00,10,14,,2
3233,propoxyphene,ESI+,DTXCID001021669,FALSE,84,0.05,0.40,,0.00,7,49,,10
3233,propoxyphene,ESI+,DTXCID001042483,FALSE,84,0.01,0.34,,2.00,31,70,,7
3233,propoxyphene,ESI+,DTXCID001380619,FALSE,84,0.02,0.40,,3.00,21,47,,5
3233,propoxyphene,ESI+,DTXCID001417024,FALSE,84,0.02,0.57,,2.00,21,14,,7
3233,propoxyphene,ESI+,DTXCID001451206,FALSE,84,0.01,0.39,,0.00,26,52,,10
3233,propoxyphene,ESI+,DTXCID001462174,FALSE,84,0.01,0.27,,0.00,27,76,,10
3233,propoxyphene,ESI+,DTXCID00828084,FALSE,84,0.01,0.54,,3.00,31,16,,5
3233,propoxyphene,ESI+,DTXCID00967548,FALSE,84,0.01,0.32,,3.00,31,75,,5
3233,propoxyphene,ESI+,DTXCID101438996,FALSE,84,0.01,0.53,,0.00,31,19,,10
3233,propoxyphene,ESI+,DTXCID101454710,FALSE,84,0.01,0.39,,0.00,27,55,,10
3233,propoxyphene,ESI+,DTXCID10200872,FALSE,84,0.02,0.48,,4.50,18,33,,3
3233,propoxyphene,ESI+,DTXCID10468334,FALSE,84,0.02,0.67,,1.00,17,7,,9
3233,propoxyphene,ESI+,DTXCID10990706,FALSE,84,0.01,0.37,,0.00,27,67,,10
3233,propoxyphene,ESI+,DTXCID201448376,FALSE,84,0.02,0.64,,2.50,21,9,,6
3233,propoxyphene,ESI+,DTXCID201485021,FALSE,84,0.01,,,2.50,30,,,6
3233,propoxyphene,ESI+,DTXCID201493002,FALSE,84,0.04,,,0.00,11,,,10
3233,propoxyphene,ESI+,DTXCID20907704,FALSE,84,0.01,0.20,,1.00,27,80,,9
3233,propoxyphene,ESI+,DTXCID301221692,FALSE,84,0.01,0.35,,2.00,27,69,,7
3233,propoxyphene,ESI+,DTXCID301380620,FALSE,84,0.02,0.37,,3.00,21,64,,5
3233,propoxyphene,ESI+,DTXCID301384539,FALSE,84,0.02,0.45,,4.50,24,38,,3
3233,propoxyphene,ESI+,DTXCID301452134,FALSE,84,0.01,0.58,,0.00,27,12,,10
3233,propoxyphene,ESI+,DTXCID301466670,FALSE,84,0.01,0.38,,0.00,31,61,,10
3233,propoxyphene,ESI+,DTXCID301472974,FALSE,84,0.01,0.39,,0.00,31,51,,10
3233,propoxyphene,ESI+,DTXCID30841246,FALSE,84,0.01,0.49,,0.00,29,28,,10
3233,propoxyphene,ESI+,DTXCID401016658,FALSE,84,0.02,0.41,,3.00,21,44,,5
3233,propoxyphene,ESI+,DTXCID401073381,FALSE,84,0.01,0.89,,3.00,27,1,,5
3233,propoxyphene,ESI+,DTXCID40126899,FALSE,84,0.02,0.37,,1.00,19,66,,9
3233,propoxyphene,ESI+,DTXCID401378933,FALSE,84,0.02,0.51,,2.50,21,23,,6
3233,propoxyphene,ESI+,DTXCID401419753,FALSE,84,0.02,0.48,,3.00,21,31,,5
3233,propoxyphene,ESI+,DTXCID401438652,FALSE,84,0.01,0.64,,0.00,27,8,,10
3233,propoxyphene,ESI+,DTXCID401450193,FALSE,84,0.02,0.84,,1.00,15,2,,9
3233,propoxyphene,ESI+,DTXCID401452137,FALSE,84,0.01,0.53,,0.00,27,18,,10
3233,propoxyphene,ESI+,DTXCID401452844,FALSE,84,0.01,0.51,,0.00,27,22,,10
3233,propoxyphene,ESI+,DTXCID4039316,FALSE,84,0.05,,,2.50,9,,,6
3233,propoxyphene,ESI+,DTXCID40700496,FALSE,84,0.01,0.46,,1.00,31,36,,9
3233,propoxyphene,ESI+,DTXCID40715348,FALSE,84,0.01,0.41,,3.00,25,45,,5
3233,propoxyphene,ESI+,DTXCID40866041,FALSE,84,0.01,0.41,,3.00,28,46,,5
3233,propoxyphene,ESI+,DTXCID40876423,FALSE,84,0.03,0.55,,0.00,13,15,,10
3233,propoxyphene,ESI+,DTXCID40926992,FALSE,84,0.01,0.44,,3.00,31,39,,5
3233,propoxyphene,ESI+,DTXCID501047076,FALSE,84,0.01,0.53,,1.00,31,20,,9
3233,propoxyphene,ESI+,DTXCID501047676,FALSE,84,0.01,0.26,,1.50,27,77,,8
3233,propoxyphene,ESI+,DTXCID501421858,FALSE,84,0.02,0.63,,4.00,20,10,,4
3233,propoxyphene,ESI+,DTXCID501429957,FALSE,84,0.02,0.45,,3.00,14,37,,5
3233,propoxyphene,ESI+,DTXCID501438100,FALSE,84,0.01,0.33,,0.00,27,71,,10
3233,propoxyphene,ESI+,DTXCID501461802,FALSE,84,0.01,0.32,,0.00,27,74,,10
3233,propoxyphene,ESI+,DTXCID50197318,FALSE,84,0.29,0.36,,8.00,3,68,,1
3233,propoxyphene,ESI+,DTXCID50419168,FALSE,84,1.23,0.24,,3.00,2,78,,5
3233,propoxyphene,ESI+,DTXCID50862953,FALSE,84,0.02,0.48,,3.00,23,30,,5
3233,propoxyphene,ESI+,DTXCID50963196,FALSE,84,0.01,0.57,,3.00,27,13,,5
3233,propoxyphene,ESI+,DTXCID601441510,FALSE,84,0.02,0.81,,3.00,22,3,,5
3233,propoxyphene,ESI+,DTXCID601443516,FALSE,84,0.01,0.49,,0.00,26,27,,10
3233,propoxyphene,ESI+,DTXCID601452919,FALSE,84,0.01,0.38,,4.00,27,58,,4
3233,propoxyphene,ESI+,DTXCID601452921,FALSE,84,0.01,0.38,,4.00,27,60,,4
3233,propoxyphene,ESI+,DTXCID601454715,FALSE,84,0.01,0.42,,0.00,27,43,,10
3233,propoxyphene,ESI+,DTXCID601462560,FALSE,84,0.01,0.53,,0.00,27,21,,10
3233,propoxyphene,ESI+,DTXCID60201793,FALSE,84,0.01,0.50,,0.00,27,24,,10
3233,propoxyphene,ESI+,DTXCID60975487,FALSE,84,0.01,0.40,,3.00,31,48,,5
3233,propoxyphene,ESI+,DTXCID701071403,FALSE,84,0.01,0.37,,2.00,27,65,,7
3233,propoxyphene,ESI+,DTXCID701380622,FALSE,84,0.05,0.37,,3.00,8,63,,5
3233,propoxyphene,ESI+,DTXCID701426204,FALSE,84,0.02,0.42,,0.00,21,42,,10
3233,propoxyphene,ESI+,DTXCID701438932,FALSE,84,0.01,0.47,,0.00,31,35,,10
3233,propoxyphene,ESI+,DTXCID701451069,FALSE,84,0.01,0.38,,0.00,27,59,,10
3233,propoxyphene,ESI+,DTXCID701452136,FALSE,84,0.01,0.54,,0.00,27,17,,10
3233,propoxyphene,ESI+,DTXCID701461527,FALSE,84,0.02,0.32,,0.00,21,73,,10
3233,propoxyphene,ESI+,DTXCID70197315,TRUE,84,7.00,0.62,,5.25,1,11,,2
3233,propoxyphene,ESI+,DTXCID70201789,FALSE,84,0.01,0.50,,0.00,27,25,,10
3233,propoxyphene,ESI+,DTXCID70406030,FALSE,84,0.03,0.38,,1.00,12,62,,9
3233,propoxyphene,ESI+,DTXCID70468335,FALSE,84,0.02,0.72,,2.50,16,4,,6
3233,propoxyphene,ESI+,DTXCID70923499,FALSE,84,0.01,0.71,,0.00,31,5,,10
3233,propoxyphene,ESI+,DTXCID70954521,FALSE,84,0.01,0.69,,3.00,27,6,,5
3233,propoxyphene,ESI+,DTXCID70983391,FALSE,84,0.01,0.18,,0.00,27,81,,10
3233,propoxyphene,ESI+,DTXCID70999295,FALSE,84,0.01,0.47,,3.00,31,34,,5
3233,propoxyphene,ESI+,DTXCID801413971,FALSE,84,0.02,0.44,,3.00,21,40,,5
3233,propoxyphene,ESI+,DTXCID801426433,FALSE,84,0.02,0.48,,3.00,21,32,,5
3233,propoxyphene,ESI+,DTXCID801452365,FALSE,84,0.01,0.39,,0.00,27,53,,10
3233,propoxyphene,ESI+,DTXCID801464100,FALSE,84,0.01,0.43,,0.00,31,41,,10
3233,propoxyphene,ESI+,DTXCID80201790,FALSE,84,0.03,0.50,,3.00,13,26,,5
3233,propoxyphene,ESI+,DTXCID80991684,FALSE,84,0.01,0.33,,0.00,27,72,,10
3233,propoxyphene,ESI+,DTXCID901345012,FALSE,84,0.05,0.38,,3.00,10,56,,5
3233,propoxyphene,ESI+,DTXCID901357314,FALSE,84,0.05,0.38,,3.00,6,57,,5
3233,propoxyphene,ESI+,DTXCID901398059,FALSE,84,0.18,0.40,,3.00,4,50,,5
3233,propoxyphene,ESI+,DTXCID90151358,FALSE,84,0.03,0.49,,3.00,13,29,,5
3233,propoxyphene,ESI+,DTXCID90238234,FALSE,84,0.02,0.20,,3.00,21,79,,5
3233,propoxyphene,ESI+,DTXCID90904947,FALSE,84,0.15,0.39,,0.00,5,54,,10
3420,prednisone,ESI+,DTXCID001384211,FALSE,39,0.08,0.80,0.03,3.00,10,23,19,2
3420,prednisone,ESI+,DTXCID001465459,FALSE,39,0.04,1.06,0.16,1.33,17,8,4,7
3420,prednisone,ESI+,DTXCID1041845,FALSE,39,0.07,0.73,0.00,2.67,14,26,30,3
3420,prednisone,ESI+,DTXCID10757497,FALSE,39,0.03,1.11,0.08,2.50,24,5,7,4
3420,prednisone,ESI+,DTXCID201045140,FALSE,39,0.01,0.37,0.00,1.00,25,37,30,8
3420,prednisone,ESI+,DTXCID201360520,FALSE,39,0.03,0.74,0.01,1.50,21,25,23,6
3420,prednisone,ESI+,DTXCID201454349,FALSE,39,0.14,0.96,0.18,3.00,6,12,3,2
3420,prednisone,ESI+,DTXCID20439510,FALSE,39,0.03,0.71,0.00,1.50,18,29,30,6
3420,prednisone,ESI+,DTXCID20492483,FALSE,39,0.03,0.83,0.03,3.00,23,19,18,2
3420,prednisone,ESI+,DTXCID301004991,FALSE,39,0.18,0.65,0.00,1.00,4,32,29,8
3420,prednisone,ESI+,DTXCID301354912,FALSE,39,0.07,0.87,0.03,0.00,13,15,15,9
3420,prednisone,ESI+,DTXCID301424363,FALSE,39,0.18,0.89,0.04,3.00,5,14,11,2
3420,prednisone,ESI+,DTXCID301438435,FALSE,39,0.10,0.73,0.03,2.00,9,27,20,5
3420,prednisone,ESI+,DTXCID30153134,FALSE,39,0.07,1.14,0.08,1.00,12,3,8,8
3420,prednisone,ESI+,DTXCID30479508,FALSE,39,0.03,0.83,0.00,2.00,24,21,30,5
3420,prednisone,ESI+,DTXCID30763353,FALSE,39,0.03,0.69,0.00,1.00,24,30,30,8
3420,prednisone,ESI+,DTXCID30905817,FALSE,39,0.03,0.84,0.01,3.00,24,18,27,2
3420,prednisone,ESI+,DTXCID30959633,FALSE,39,0.07,1.05,0.11,1.00,13,9,6,8
3420,prednisone,ESI+,DTXCID40208866,TRUE,39,8.00,1.07,0.14,4.00,1,7,5,1
3420,prednisone,ESI+,DTXCID40928810,FALSE,39,0.01,,,0.00,25,,,9
3420,prednisone,ESI+,DTXCID501038792,FALSE,39,0.04,,,0.00,17,,,9
3420,prednisone,ESI+,DTXCID501040975,FALSE,39,0.01,0.40,0.02,3.00,25,35,21,2
3420,prednisone,ESI+,DTXCID50748985,FALSE,39,0.03,1.00,0.01,1.00,24,10,25,8
3420,prednisone,ESI+,DTXCID50763355,FALSE,39,0.03,0.69,0.00,1.50,24,31,30,6
3420,prednisone,ESI+,DTXCID60580959,FALSE,39,0.03,0.80,0.04,2.00,19,22,13,5
3420,prednisone,ESI+,DTXCID70135212,FALSE,39,0.31,1.10,0.06,2.00,2,6,9,5
3420,prednisone,ESI+,DTXCID701434435,FALSE,39,0.03,0.71,0.04,4.00,24,28,14,1
3420,prednisone,ESI+,DTXCID701451152,FALSE,39,0.18,1.18,0.06,2.00,3,2,10,5
3420,prednisone,ESI+,DTXCID70363139,FALSE,39,0.01,0.83,0.01,2.00,25,20,24,5
3420,prednisone,ESI+,DTXCID70849786,FALSE,39,0.01,0.53,0.00,1.00,25,34,30,8
3420,prednisone,ESI+,DTXCID70877504,FALSE,39,0.12,1.14,0.18,1.00,7,4,2,8
3420,prednisone,ESI+,DTXCID801468502,FALSE,39,0.04,0.93,0.03,3.00,16,13,16,2
3420,prednisone,ESI+,DTXCID80223093,FALSE,39,0.10,0.85,0.02,3.00,8,16,22,2
3420,prednisone,ESI+,DTXCID80346938,FALSE,39,0.01,0.38,0.01,2.00,25,36,28,5
3420,prednisone,ESI+,DTXCID8083561,FALSE,39,0.07,0.78,0.01,3.00,11,24,26,2
3420,prednisone,ESI+,DTXCID80842647,FALSE,39,0.03,1.25,0.23,1.00,20,1,1,8
3420,prednisone,ESI+,DTXCID80960779,FALSE,39,0.06,0.85,0.03,3.00,15,17,17,2
3420,prednisone,ESI+,DTXCID901400648,FALSE,39,0.03,0.96,0.04,3.00,22,11,12,2
3420,prednisone,ESI+,DTXCID90763354,FALSE,39,0.03,0.64,0.00,1.50,24,33,30,6
3447,prednisolone,ESI+,DTXCID001456656,FALSE,38,0.05,,,2.00,21,,,6
3447,prednisolone,ESI+,DTXCID00771026,FALSE,38,0.00,,,3.00,28,,,5
3447,prednisolone,ESI+,DTXCID00842806,FALSE,38,0.08,,,1.00,17,,,8
3447,prednisolone,ESI+,DTXCID00908491,FALSE,38,0.16,,,1.00,7,,,8
3447,prednisolone,ESI+,DTXCID101320123,FALSE,38,0.11,,,0.00,9,,,9
3447,prednisolone,ESI+,DTXCID101459972,FALSE,38,0.05,,,2.00,21,,,6
3447,prednisolone,ESI+,DTXCID1066443,FALSE,38,0.06,,,0.00,20,,,9
3447,prednisolone,ESI+,DTXCID10809682,FALSE,38,2.14,,,5.72,4,,,1
3447,prednisolone,ESI+,DTXCID10939998,FALSE,38,0.02,,,3.00,26,,,5
3447,prednisolone,ESI+,DTXCID20209093,TRUE,38,6.92,,,3.98,1,,,3
3447,prednisolone,ESI+,DTXCID301436403,FALSE,38,0.26,,,0.00,5,,,9
3447,prednisolone,ESI+,DTXCID30338661,FALSE,38,0.03,,,1.50,24,,,7
3447,prednisolone,ESI+,DTXCID30401081,FALSE,38,0.07,,,2.00,18,,,6
3447,prednisolone,ESI+,DTXCID30492474,FALSE,38,0.02,,,3.00,25,,,5
3447,prednisolone,ESI+,DTXCID30675164,FALSE,38,0.08,,,0.00,16,,,9
3447,prednisolone,ESI+,DTXCID30876513,FALSE,38,0.02,,,1.00,27,,,8
3447,prednisolone,ESI+,DTXCID401059044,FALSE,38,0.03,,,1.00,24,,,8
3447,prednisolone,ESI+,DTXCID501070580,FALSE,38,0.03,,,2.00,24,,,6
3447,prednisolone,ESI+,DTXCID501463246,FALSE,38,0.08,,,2.00,14,,,6
3447,prednisolone,ESI+,DTXCID501469018,FALSE,38,0.11,,,1.00,10,,,8
3447,prednisolone,ESI+,DTXCID50221546,FALSE,38,0.18,,,1.00,6,,,8
3447,prednisolone,ESI+,DTXCID60120879,FALSE,38,0.00,,,3.00,28,,,5
3447,prednisolone,ESI+,DTXCID601439737,FALSE,38,0.03,,,0.00,24,,,9
3447,prednisolone,ESI+,DTXCID601449857,FALSE,38,0.05,,,3.00,21,,,5
3447,prednisolone,ESI+,DTXCID601460926,FALSE,38,0.03,,,3.00,22,,,5
3447,prednisolone,ESI+,DTXCID701332847,FALSE,38,0.03,,,1.00,24,,,8
3447,prednisolone,ESI+,DTXCID701434247,FALSE,38,0.06,,,0.00,19,,,9
3447,prednisolone,ESI+,DTXCID701437641,FALSE,38,0.10,,,3.00,13,,,5
3447,prednisolone,ESI+,DTXCID70492473,FALSE,38,0.03,,,3.00,23,,,5
3447,prednisolone,ESI+,DTXCID7074581,FALSE,38,0.11,,,3.00,8,,,5
3447,prednisolone,ESI+,DTXCID70800473,FALSE,38,0.03,,,2.00,24,,,6
3447,prednisolone,ESI+,DTXCID801321560,FALSE,38,0.03,,,3.00,24,,,5
3447,prednisolone,ESI+,DTXCID801460108,FALSE,38,0.11,,,3.00,11,,,5
3447,prednisolone,ESI+,DTXCID80209155,FALSE,38,3.14,,,3.89,3,,,4
3447,prednisolone,ESI+,DTXCID80283399,FALSE,38,0.10,,,1.00,12,,,8
3447,prednisolone,ESI+,DTXCID90209222,FALSE,38,4.54,,,4.67,2,,,2
3447,prednisolone,ESI+,DTXCID90296758,FALSE,38,0.08,,,1.50,15,,,7
3447,prednisolone,ESI+,DTXCID90484355,FALSE,38,0.05,,,1.00,21,,,8
3469,hydrocortisone,ESI+,DTXCID001315450,FALSE,62,0.02,1.06,,0.00,38,10,,8
3469,hydrocortisone,ESI+,DTXCID001330319,FALSE,62,0.01,0.86,,3.00,41,33,,3
3469,hydrocortisone,ESI+,DTXCID001444580,FALSE,62,0.02,1.08,,2.00,36,9,,5
3469,hydrocortisone,ESI+,DTXCID001464394,FALSE,62,0.17,0.92,,2.50,8,27,,4
3469,hydrocortisone,ESI+,DTXCID001469382,FALSE,62,0.02,0.63,,0.00,38,47,,8
3469,hydrocortisone,ESI+,DTXCID101438796,FALSE,62,0.03,1.10,,3.00,27,3,,3
3469,hydrocortisone,ESI+,DTXCID101446234,FALSE,62,0.04,0.74,,3.00,21,40,,3
3469,hydrocortisone,ESI+,DTXCID101452788,FALSE,62,0.03,1.02,,1.00,29,16,,7
3469,hydrocortisone,ESI+,DTXCID101459241,FALSE,62,0.04,1.05,,3.00,18,12,,3
3469,hydrocortisone,ESI+,DTXCID10205928,FALSE,62,0.02,0.83,,0.00,38,34,,8
3469,hydrocortisone,ESI+,DTXCID10979435,FALSE,62,0.01,0.67,,2.00,41,43,,5
3469,hydrocortisone,ESI+,DTXCID201186691,FALSE,62,0.02,0.82,,1.00,38,36,,7
3469,hydrocortisone,ESI+,DTXCID201397686,FALSE,62,0.03,1.02,,1.50,30,20,,6
3469,hydrocortisone,ESI+,DTXCID201423386,FALSE,62,0.02,0.44,,1.00,38,55,,7
3469,hydrocortisone,ESI+,DTXCID201453153,FALSE,62,0.05,0.76,,3.00,17,39,,3
3469,hydrocortisone,ESI+,DTXCID201457400,FALSE,62,0.07,1.02,,2.00,14,15,,5
3469,hydrocortisone,ESI+,DTXCID20148337,FALSE,62,0.04,0.53,,1.00,22,52,,7
3469,hydrocortisone,ESI+,DTXCID20204780,FALSE,62,0.02,0.83,,0.00,38,35,,8
3469,hydrocortisone,ESI+,DTXCID20547467,FALSE,62,0.02,1.05,,2.00,32,11,,5
3469,hydrocortisone,ESI+,DTXCID301474920,FALSE,62,0.15,,,0.00,11,,,8
3469,hydrocortisone,ESI+,DTXCID30206179,FALSE,62,0.02,0.57,,0.00,37,50,,8
3469,hydrocortisone,ESI+,DTXCID30709190,FALSE,62,0.00,0.96,,1.50,42,24,,6
3469,hydrocortisone,ESI+,DTXCID30815907,FALSE,62,0.02,,,0.00,38,,,8
3469,hydrocortisone,ESI+,DTXCID401333177,FALSE,62,0.14,0.67,,3.00,12,44,,3
3469,hydrocortisone,ESI+,DTXCID401437935,FALSE,62,0.17,1.08,,0.00,9,7,,8
3469,hydrocortisone,ESI+,DTXCID401444368,FALSE,62,0.02,0.61,,3.00,38,49,,3
3469,hydrocortisone,ESI+,DTXCID401460851,FALSE,62,0.01,0.90,,0.00,41,31,,8
3469,hydrocortisone,ESI+,DTXCID401467871,FALSE,62,0.02,0.52,,0.00,38,53,,8
3469,hydrocortisone,ESI+,DTXCID401487542,FALSE,62,0.01,,,3.00,41,,,3
3469,hydrocortisone,ESI+,DTXCID40205330,TRUE,62,7.00,0.98,,4.00,1,22,,2
3469,hydrocortisone,ESI+,DTXCID4045686,FALSE,62,0.00,1.02,,2.00,42,17,,5
3469,hydrocortisone,ESI+,DTXCID4087824,FALSE,62,0.04,0.55,,3.00,21,51,,3
3469,hydrocortisone,ESI+,DTXCID501437940,FALSE,62,0.04,1.08,,0.00,19,6,,8
3469,hydrocortisone,ESI+,DTXCID501444854,FALSE,62,0.03,0.86,,3.00,31,32,,3
3469,hydrocortisone,ESI+,DTXCID501452330,FALSE,62,0.06,0.97,,2.50,15,23,,4
3469,hydrocortisone,ESI+,DTXCID501460123,FALSE,62,0.02,0.93,,3.00,33,26,,3
3469,hydrocortisone,ESI+,DTXCID50155332,FALSE,62,0.04,0.50,,1.00,20,54,,7
3469,hydrocortisone,ESI+,DTXCID50422359,FALSE,62,0.02,0.62,,3.00,34,48,,3
3469,hydrocortisone,ESI+,DTXCID50813445,FALSE,62,0.25,0.68,,4.50,3,42,,1
3469,hydrocortisone,ESI+,DTXCID601065875,FALSE,62,0.03,0.65,,3.00,30,46,,3
3469,hydrocortisone,ESI+,DTXCID601451092,FALSE,62,0.03,1.03,,1.00,26,14,,7
3469,hydrocortisone,ESI+,DTXCID601452383,FALSE,62,0.22,0.92,,2.50,4,28,,4
3469,hydrocortisone,ESI+,DTXCID601453929,FALSE,62,0.10,0.80,,3.00,13,38,,3
3469,hydrocortisone,ESI+,DTXCID601469904,FALSE,62,0.03,1.08,,3.00,25,8,,3
3469,hydrocortisone,ESI+,DTXCID60227458,FALSE,62,0.00,1.13,,1.50,42,1,,6
3469,hydrocortisone,ESI+,DTXCID60819256,FALSE,62,0.18,1.00,,1.00,7,21,,7
3469,hydrocortisone,ESI+,DTXCID60942154,FALSE,62,0.16,1.08,,3.00,10,5,,3
3469,hydrocortisone,ESI+,DTXCID701320145,FALSE,62,0.01,0.90,,3.00,41,30,,3
3469,hydrocortisone,ESI+,DTXCID701467870,FALSE,62,0.01,0.30,,0.00,41,56,,8
3469,hydrocortisone,ESI+,DTXCID70202534,FALSE,62,0.02,1.02,,0.00,38,19,,8
3469,hydrocortisone,ESI+,DTXCID70222393,FALSE,62,0.03,1.03,,1.00,24,13,,7
3469,hydrocortisone,ESI+,DTXCID70810996,FALSE,62,0.21,1.11,,2.00,5,2,,5
3469,hydrocortisone,ESI+,DTXCID70886757,FALSE,62,0.04,0.91,,0.00,23,29,,8
3469,hydrocortisone,ESI+,DTXCID801481158,FALSE,62,0.01,,,0.00,39,,,8
3469,hydrocortisone,ESI+,DTXCID901391427,FALSE,62,0.01,,,0.00,41,,,8
3469,hydrocortisone,ESI+,DTXCID901445561,FALSE,62,0.02,0.94,,0.00,38,25,,8
3469,hydrocortisone,ESI+,DTXCID901451734,FALSE,62,0.48,0.70,,0.00,2,41,,8
3469,hydrocortisone,ESI+,DTXCID901454702,FALSE,62,0.06,1.02,,1.00,16,18,,7
3469,hydrocortisone,ESI+,DTXCID901456522,FALSE,62,0.03,1.09,,3.00,28,4,,3
3469,hydrocortisone,ESI+,DTXCID901477089,FALSE,62,0.19,,,0.00,6,,,8
3469,hydrocortisone,ESI+,DTXCID90407923,FALSE,62,0.01,0.66,,1.00,40,45,,7
3469,hydrocortisone,ESI+,DTXCID90455060,FALSE,62,0.02,0.82,,1.00,35,37,,7
3528,heroin,ESI+,DTXCID00125141,FALSE,59,0.05,0.92,,3.00,25,17,,4
3528,heroin,ESI+,DTXCID001382239,FALSE,59,0.04,1.00,,3.50,27,12,,3
3528,heroin,ESI+,DTXCID00138236,FALSE,59,0.16,1.07,,0.00,6,6,,10
3528,heroin,ESI+,DTXCID001425479,FALSE,59,0.03,0.59,,3.00,33,48,,4
3528,heroin,ESI+,DTXCID00142853,FALSE,59,0.67,0.69,,1.00,3,40,,9
3528,heroin,ESI+,DTXCID001451987,FALSE,59,0.13,0.90,,3.00,10,19,,4
3528,heroin,ESI+,DTXCID001487033,FALSE,59,0.02,,,3.00,34,,,4
3528,heroin,ESI+,DTXCID00468247,FALSE,59,0.03,0.69,,3.00,29,42,,4
3528,heroin,ESI+,DTXCID00715440,FALSE,59,0.03,1.05,,3.00,33,10,,4
3528,heroin,ESI+,DTXCID101004907,FALSE,59,0.05,0.75,,3.00,26,34,,4
3528,heroin,ESI+,DTXCID10220378,FALSE,59,0.29,0.63,,3.00,5,45,,4
3528,heroin,ESI+,DTXCID10795238,FALSE,59,0.03,1.00,,3.00,33,11,,4
3528,heroin,ESI+,DTXCID10887526,FALSE,59,0.03,0.44,,1.00,28,53,,9
3528,heroin,ESI+,DTXCID10899346,FALSE,59,0.05,0.04,,0.00,23,58,,10
3528,heroin,ESI+,DTXCID201316042,FALSE,59,0.16,0.61,,0.00,7,47,,10
3528,heroin,ESI+,DTXCID201452086,FALSE,59,0.03,0.80,,0.00,33,27,,10
3528,heroin,ESI+,DTXCID20872968,FALSE,59,0.03,0.75,,0.00,33,33,,10
3528,heroin,ESI+,DTXCID301403587,FALSE,59,0.03,0.74,,3.00,33,36,,4
3528,heroin,ESI+,DTXCID301460503,FALSE,59,0.02,0.87,,0.00,34,22,,10
3528,heroin,ESI+,DTXCID30155219,FALSE,59,0.05,0.75,,1.00,26,35,,9
3528,heroin,ESI+,DTXCID30204731,FALSE,59,0.03,0.83,,4.00,33,25,,1
3528,heroin,ESI+,DTXCID30233748,FALSE,59,0.06,1.07,,3.00,19,4,,4
3528,heroin,ESI+,DTXCID30835584,FALSE,59,0.06,0.40,,1.00,17,55,,9
3528,heroin,ESI+,DTXCID30960108,FALSE,59,0.10,0.79,,3.00,14,30,,4
3528,heroin,ESI+,DTXCID401472591,FALSE,59,0.03,0.69,,1.50,32,41,,8
3528,heroin,ESI+,DTXCID40203972,FALSE,59,1.51,1.06,,3.00,2,9,,4
3528,heroin,ESI+,DTXCID40204767,FALSE,59,0.03,0.70,,0.00,33,39,,10
3528,heroin,ESI+,DTXCID40223392,FALSE,59,0.16,1.15,,1.00,8,3,,9
3528,heroin,ESI+,DTXCID40644169,FALSE,59,0.05,0.68,,1.00,22,43,,9
3528,heroin,ESI+,DTXCID50119954,FALSE,59,0.48,1.06,,3.00,4,8,,4
3528,heroin,ESI+,DTXCID501353334,FALSE,59,0.03,1.24,,0.00,33,1,,10
3528,heroin,ESI+,DTXCID501437540,FALSE,59,0.02,0.76,,0.00,34,32,,10
3528,heroin,ESI+,DTXCID501472051,FALSE,59,0.03,0.71,,0.00,33,38,,10
3528,heroin,ESI+,DTXCID50197313,TRUE,59,7.29,0.77,,3.75,1,31,,2
3528,heroin,ESI+,DTXCID50265122,FALSE,59,0.05,0.61,,1.00,24,46,,9
3528,heroin,ESI+,DTXCID50278550,FALSE,59,0.02,0.91,,1.50,34,18,,8
3528,heroin,ESI+,DTXCID50393737,FALSE,59,0.13,0.41,,2.00,11,54,,7
3528,heroin,ESI+,DTXCID601455270,FALSE,59,0.06,0.96,,4.00,21,14,,1
3528,heroin,ESI+,DTXCID60146756,FALSE,59,0.07,1.06,,0.00,16,7,,10
3528,heroin,ESI+,DTXCID60158955,FALSE,59,0.05,1.07,,0.00,26,5,,10
3528,heroin,ESI+,DTXCID60204769,FALSE,59,0.03,0.89,,0.00,33,20,,10
3528,heroin,ESI+,DTXCID60225393,FALSE,59,0.06,0.71,,2.78,20,37,,5
3528,heroin,ESI+,DTXCID60471510,FALSE,59,0.03,0.82,,1.00,33,26,,9
3528,heroin,ESI+,DTXCID701013439,FALSE,59,0.02,0.86,,1.00,34,23,,9
3528,heroin,ESI+,DTXCID701393772,FALSE,59,0.07,0.80,,1.00,15,28,,9
3528,heroin,ESI+,DTXCID70207488,FALSE,59,0.05,0.13,,0.00,26,57,,10
3528,heroin,ESI+,DTXCID70505754,FALSE,59,0.02,0.94,,1.00,34,16,,9
3528,heroin,ESI+,DTXCID70702069,FALSE,59,0.02,0.79,,1.50,34,29,,8
3528,heroin,ESI+,DTXCID70821224,FALSE,59,0.03,0.57,,1.00,31,49,,9
3528,heroin,ESI+,DTXCID70995818,FALSE,59,0.02,0.97,,0.00,34,13,,10
3528,heroin,ESI+,DTXCID801203510,FALSE,59,0.03,0.56,,2.00,32,50,,7
3528,heroin,ESI+,DTXCID801367829,FALSE,59,0.11,0.87,,2.50,12,21,,6
3528,heroin,ESI+,DTXCID80249990,FALSE,59,0.06,0.95,,3.00,18,15,,4
3528,heroin,ESI+,DTXCID8091740,FALSE,59,0.10,1.17,,1.00,13,2,,9
3528,heroin,ESI+,DTXCID901442517,FALSE,59,0.03,0.55,,3.00,30,51,,4
3528,heroin,ESI+,DTXCID90254813,FALSE,59,0.05,0.65,,1.00,26,44,,9
3528,heroin,ESI+,DTXCID90471508,FALSE,59,0.03,0.85,,1.00,33,24,,9
3528,heroin,ESI+,DTXCID90719619,FALSE,59,0.03,0.47,,1.00,33,52,,9
3528,heroin,ESI+,DTXCID90835469,FALSE,59,0.13,0.29,,0.00,9,56,,10
3580,methylprednisolone,ESI+,DTXCID001340891,FALSE,36,0.04,0.45,,3.00,27,26,,3
3580,methylprednisolone,ESI+,DTXCID00224229,FALSE,36,0.25,1.04,,3.00,4,3,,3
3580,methylprednisolone,ESI+,DTXCID00492481,FALSE,36,0.04,0.33,,3.00,26,31,,3
3580,methylprednisolone,ESI+,DTXCID101439944,FALSE,36,0.13,0.96,,3.00,7,9,,3
3580,methylprednisolone,ESI+,DTXCID101458724,FALSE,36,0.05,0.77,,1.00,18,18,,7
3580,methylprednisolone,ESI+,DTXCID10494638,FALSE,36,0.04,0.47,,3.00,24,25,,3
3580,methylprednisolone,ESI+,DTXCID10842019,FALSE,36,0.02,0.58,,0.00,29,21,,8
3580,methylprednisolone,ESI+,DTXCID10873520,FALSE,36,0.04,0.22,,0.00,27,35,,8
3580,methylprednisolone,ESI+,DTXCID10999193,FALSE,36,0.20,0.84,,1.00,5,15,,7
3580,methylprednisolone,ESI+,DTXCID20422684,FALSE,36,0.02,0.27,,3.00,28,33,,3
3580,methylprednisolone,ESI+,DTXCID20809779,FALSE,36,2.88,0.82,,1.50,2,16,,6
3580,methylprednisolone,ESI+,DTXCID30203204,FALSE,36,0.05,0.42,,0.00,20,28,,8
3580,methylprednisolone,ESI+,DTXCID401332105,FALSE,36,0.07,0.47,,3.00,13,24,,3
3580,methylprednisolone,ESI+,DTXCID401416959,FALSE,36,0.05,0.71,,2.00,19,19,,5
3580,methylprednisolone,ESI+,DTXCID401468831,FALSE,36,0.00,0.86,,1.00,30,12,,7
3580,methylprednisolone,ESI+,DTXCID501000652,FALSE,36,0.04,0.96,,1.00,27,8,,7
3580,methylprednisolone,ESI+,DTXCID501464337,FALSE,36,0.19,1.04,,1.50,6,4,,6
3580,methylprednisolone,ESI+,DTXCID50199579,FALSE,36,0.04,0.34,,0.00,27,30,,8
3580,methylprednisolone,ESI+,DTXCID50817266,FALSE,36,0.42,1.14,,1.00,3,1,,7
3580,methylprednisolone,ESI+,DTXCID601420491,FALSE,36,0.07,0.49,,2.00,15,23,,5
3580,methylprednisolone,ESI+,DTXCID601456480,FALSE,36,0.05,0.85,,1.00,17,14,,7
3580,methylprednisolone,ESI+,DTXCID701425818,FALSE,36,0.07,0.52,,3.00,15,22,,3
3580,methylprednisolone,ESI+,DTXCID70209285,TRUE,36,7.00,1.07,,3.06,1,2,,2
3580,methylprednisolone,ESI+,DTXCID70217820,FALSE,36,0.11,1.02,,1.00,8,5,,7
3580,methylprednisolone,ESI+,DTXCID70402759,FALSE,36,0.05,0.98,,1.50,16,7,,6
3580,methylprednisolone,ESI+,DTXCID70408615,FALSE,36,0.04,0.27,,3.00,23,32,,3
3580,methylprednisolone,ESI+,DTXCID801072216,FALSE,36,0.09,0.35,,1.00,10,29,,7
3580,methylprednisolone,ESI+,DTXCID801412361,FALSE,36,0.07,0.85,,3.33,14,13,,1
3580,methylprednisolone,ESI+,DTXCID801437975,FALSE,36,0.04,0.25,,0.00,27,34,,8
3580,methylprednisolone,ESI+,DTXCID801439945,FALSE,36,0.05,0.95,,2.50,21,10,,4
3580,methylprednisolone,ESI+,DTXCID801459373,FALSE,36,0.04,0.20,,0.00,22,36,,8
3580,methylprednisolone,ESI+,DTXCID80492469,FALSE,36,0.04,0.65,,3.00,25,20,,3
3580,methylprednisolone,ESI+,DTXCID80959067,FALSE,36,0.08,0.81,,1.00,11,17,,7
3580,methylprednisolone,ESI+,DTXCID901459283,FALSE,36,0.07,0.94,,2.00,12,11,,5
3580,methylprednisolone,ESI+,DTXCID901469034,FALSE,36,0.11,1.00,,3.00,9,6,,3
3580,methylprednisolone,ESI+,DTXCID90751837,FALSE,36,0.04,0.43,,1.00,27,27,,7
3600,enalapril,ESI+,DTXCID00814321,FALSE,18,0.14,0.15,,2.22,3,18,,3
3600,enalapril,ESI+,DTXCID10653228,FALSE,18,0.01,0.23,,1.00,11,16,,5
3600,enalapril,ESI+,DTXCID20206724,FALSE,18,0.03,0.51,,0.00,9,3,,6
3600,enalapril,ESI+,DTXCID20863316,FALSE,18,0.03,0.36,,2.50,8,10,,2
3600,enalapril,ESI+,DTXCID30321856,FALSE,18,0.00,0.31,,2.50,12,11,,2
3600,enalapril,ESI+,DTXCID40939446,FALSE,18,0.00,0.29,,1.50,12,13,,4
3600,enalapril,ESI+,DTXCID50205422,FALSE,18,0.03,0.50,,0.00,9,4,,6
3600,enalapril,ESI+,DTXCID50507251,FALSE,18,0.03,0.28,,0.00,7,15,,6
3600,enalapril,ESI+,DTXCID50974606,FALSE,18,0.01,0.67,,3.00,10,2,,1
3600,enalapril,ESI+,DTXCID601394660,FALSE,18,0.05,0.29,,2.50,4,14,,2
3600,enalapril,ESI+,DTXCID6080317,FALSE,18,3.53,0.41,,1.00,2,7,,5
3600,enalapril,ESI+,DTXCID70838170,FALSE,18,0.05,0.41,,1.00,5,8,,5
3600,enalapril,ESI+,DTXCID80884284,FALSE,18,0.04,0.44,,0.00,6,6,,6
3600,enalapril,ESI+,DTXCID80942353,FALSE,18,0.00,0.21,,1.50,12,17,,4
3600,enalapril,ESI+,DTXCID90200739,TRUE,18,6.33,0.96,,3.00,1,1,,1
3600,enalapril,ESI+,DTXCID90205421,FALSE,18,0.03,0.48,,0.00,9,5,,6
3600,enalapril,ESI+,DTXCID90240913,FALSE,18,0.05,0.40,,1.00,4,9,,5
3600,enalapril,ESI+,DTXCID90965215,FALSE,18,0.00,0.31,,1.50,12,12,,4
3724,betamethasone,ESI+,DTXCID001000576,FALSE,47,0.04,0.36,,3.00,13,34,,2
3724,betamethasone,ESI+,DTXCID001443120,FALSE,47,0.04,0.66,,3.00,14,11,,2
3724,betamethasone,ESI+,DTXCID001464718,FALSE,47,0.13,0.47,,3.00,3,25,,2
3724,betamethasone,ESI+,DTXCID00153222,FALSE,47,0.02,0.38,,1.00,21,32,,8
3724,betamethasone,ESI+,DTXCID00209314,FALSE,47,0.29,0.81,,3.00,2,4,,2
3724,betamethasone,ESI+,DTXCID00351049,FALSE,47,0.02,0.26,,2.00,24,39,,6
3724,betamethasone,ESI+,DTXCID00424722,FALSE,47,0.02,0.23,,3.00,19,40,,2
3724,betamethasone,ESI+,DTXCID00579009,FALSE,47,0.00,0.55,,2.50,33,18,,4
3724,betamethasone,ESI+,DTXCID00908552,FALSE,47,0.02,0.59,,1.00,26,16,,8
3724,betamethasone,ESI+,DTXCID101044282,FALSE,47,0.01,0.60,,3.00,32,14,,2
3724,betamethasone,ESI+,DTXCID10817005,FALSE,47,0.01,0.89,,3.00,32,1,,2
3724,betamethasone,ESI+,DTXCID201028528,FALSE,47,0.06,0.27,,2.00,9,37,,6
3724,betamethasone,ESI+,DTXCID201402681,FALSE,47,0.01,0.63,,2.50,31,12,,4
3724,betamethasone,ESI+,DTXCID20225536,FALSE,47,0.09,0.27,,3.00,6,38,,2
3724,betamethasone,ESI+,DTXCID20737624,FALSE,47,0.01,0.09,,2.00,32,46,,6
3724,betamethasone,ESI+,DTXCID20842883,FALSE,47,0.03,0.60,,1.00,17,15,,8
3724,betamethasone,ESI+,DTXCID20963128,FALSE,47,0.02,0.21,,3.00,30,45,,2
3724,betamethasone,ESI+,DTXCID301351782,FALSE,47,0.10,0.54,,3.00,5,19,,2
3724,betamethasone,ESI+,DTXCID30217907,FALSE,47,0.04,0.85,,1.00,12,3,,8
3724,betamethasone,ESI+,DTXCID30467925,FALSE,47,0.02,0.43,,2.00,30,26,,6
3724,betamethasone,ESI+,DTXCID401072038,FALSE,47,0.02,0.51,,1.00,30,21,,8
3724,betamethasone,ESI+,DTXCID40208684,TRUE,47,8.00,0.74,,5.00,1,5,,1
3724,betamethasone,ESI+,DTXCID40245897,FALSE,47,0.03,0.21,,1.00,16,44,,8
3724,betamethasone,ESI+,DTXCID40562238,FALSE,47,0.02,0.32,,1.00,27,36,,8
3724,betamethasone,ESI+,DTXCID501013126,FALSE,47,0.00,0.61,,1.00,33,13,,8
3724,betamethasone,ESI+,DTXCID501372221,FALSE,47,0.01,0.23,,3.00,32,41,,2
3724,betamethasone,ESI+,DTXCID501466171,FALSE,47,0.06,,,0.00,8,,,9
3724,betamethasone,ESI+,DTXCID50825720,FALSE,47,0.01,0.23,,3.00,32,42,,2
3724,betamethasone,ESI+,DTXCID601070333,FALSE,47,0.10,0.40,,2.33,4,28,,5
3724,betamethasone,ESI+,DTXCID601318783,FALSE,47,0.01,0.33,,1.00,32,35,,8
3724,betamethasone,ESI+,DTXCID601351781,FALSE,47,0.03,0.54,,3.00,15,20,,2
3724,betamethasone,ESI+,DTXCID6045082,FALSE,47,0.06,0.40,,2.60,10,29,,3
3724,betamethasone,ESI+,DTXCID701078778,FALSE,47,0.02,0.49,,3.00,25,24,,2
3724,betamethasone,ESI+,DTXCID701420494,FALSE,47,0.02,0.56,,3.00,30,17,,2
3724,betamethasone,ESI+,DTXCID701467406,FALSE,47,0.00,0.68,,1.00,33,10,,8
3724,betamethasone,ESI+,DTXCID70415763,FALSE,47,0.02,0.50,,1.00,25,22,,8
3724,betamethasone,ESI+,DTXCID801108623,FALSE,47,0.01,0.22,,0.00,32,43,,9
3724,betamethasone,ESI+,DTXCID801341443,FALSE,47,0.02,0.37,,0.00,28,33,,9
3724,betamethasone,ESI+,DTXCID8066921,FALSE,47,0.03,0.40,,3.00,18,31,,2
3724,betamethasone,ESI+,DTXCID8095063,FALSE,47,0.02,0.41,,3.00,20,27,,2
3724,betamethasone,ESI+,DTXCID901428525,FALSE,47,0.02,0.49,,3.00,22,23,,2
3724,betamethasone,ESI+,DTXCID901460175,FALSE,47,0.00,0.70,,1.00,33,8,,8
3724,betamethasone,ESI+,DTXCID90153175,FALSE,47,0.02,0.40,,1.50,23,30,,7
3724,betamethasone,ESI+,DTXCID90217908,FALSE,47,0.05,0.86,,1.00,11,2,,8
3724,betamethasone,ESI+,DTXCID90219902,FALSE,47,0.09,0.71,,1.00,7,7,,8
3724,betamethasone,ESI+,DTXCID90485660,FALSE,47,0.02,0.72,,3.00,29,6,,2
3724,betamethasone,ESI+,DTXCID90846555,FALSE,47,0.01,0.68,,3.00,32,9,,2
3778,n-desmethyldiltiazem,ESI+,DTXCID00462023,FALSE,22,0.11,0.32,,2.00,10,12,,6
3778,n-desmethyldiltiazem,ESI+,DTXCID00691250,FALSE,22,0.07,0.48,,0.00,11,4,,9
3778,n-desmethyldiltiazem,ESI+,DTXCID201068215,FALSE,22,0.04,0.30,,1.67,13,13,,7
3778,n-desmethyldiltiazem,ESI+,DTXCID20974698,FALSE,22,0.34,0.56,,3.00,6,2,,2
3778,n-desmethyldiltiazem,ESI+,DTXCID301038603,FALSE,22,0.07,0.27,,0.00,12,15,,9
3778,n-desmethyldiltiazem,ESI+,DTXCID30318802,FALSE,22,0.07,0.44,,1.00,12,7,,8
3778,n-desmethyldiltiazem,ESI+,DTXCID30502340,FALSE,22,0.07,0.26,,2.50,12,17,,3
3778,n-desmethyldiltiazem,ESI+,DTXCID40858163,FALSE,22,0.07,0.05,,1.00,12,22,,8
3778,n-desmethyldiltiazem,ESI+,DTXCID40953389,FALSE,22,0.07,0.11,,1.00,12,21,,8
3778,n-desmethyldiltiazem,ESI+,DTXCID50109658,FALSE,22,1.47,0.33,,2.50,3,11,,3
3778,n-desmethyldiltiazem,ESI+,DTXCID501378986,FALSE,22,0.12,0.28,,2.22,9,14,,5
3778,n-desmethyldiltiazem,ESI+,DTXCID50224138,TRUE,22,4.16,0.63,,3.00,1,1,,2
3778,n-desmethyldiltiazem,ESI+,DTXCID60216488,FALSE,22,4.00,0.55,,4.00,2,3,,1
3778,n-desmethyldiltiazem,ESI+,DTXCID60414407,FALSE,22,0.54,0.17,,2.00,4,19,,6
3778,n-desmethyldiltiazem,ESI+,DTXCID60915500,FALSE,22,0.44,0.13,,2.33,5,20,,4
3778,n-desmethyldiltiazem,ESI+,DTXCID70152146,FALSE,22,0.23,0.26,,2.00,7,16,,6
3778,n-desmethyldiltiazem,ESI+,DTXCID70262234,FALSE,22,0.14,0.42,,2.00,8,9,,6
3778,n-desmethyldiltiazem,ESI+,DTXCID70354623,FALSE,22,0.07,0.40,,1.00,12,10,,8
3778,n-desmethyldiltiazem,ESI+,DTXCID70875409,FALSE,22,0.07,0.43,,0.00,12,8,,9
3778,n-desmethyldiltiazem,ESI+,DTXCID80354694,FALSE,22,0.07,0.46,,1.00,12,5,,8
3778,n-desmethyldiltiazem,ESI+,DTXCID80738758,FALSE,22,0.04,0.18,,2.00,13,18,,6
3778,n-desmethyldiltiazem,ESI+,DTXCID80875410,FALSE,22,0.07,0.44,,0.00,12,6,,9
3815,amlodipine,ESI+,DTXCID001071595,FALSE,26,0.01,0.33,0.57,1.00,13,5,7,6
3815,amlodipine,ESI+,DTXCID001421396,FALSE,26,0.01,0.53,0.49,1.50,12,1,11,5
3815,amlodipine,ESI+,DTXCID00248905,FALSE,26,0.02,0.31,0.31,2.00,9,6,17,4
3815,amlodipine,ESI+,DTXCID00347801,FALSE,26,0.01,0.03,0.67,1.00,10,24,5,6
3815,amlodipine,ESI+,DTXCID101315196,FALSE,26,0.02,0.28,0.39,1.00,9,10,13,6
3815,amlodipine,ESI+,DTXCID10313138,FALSE,26,0.01,0.19,0.68,3.00,13,18,4,2
3815,amlodipine,ESI+,DTXCID10822376,FALSE,26,0.01,0.24,0.28,1.00,14,16,19,6
3815,amlodipine,ESI+,DTXCID201442954,FALSE,26,0.01,,,2.00,12,,,4
3815,amlodipine,ESI+,DTXCID301297780,FALSE,26,0.01,0.13,0.28,3.00,13,20,20,2
3815,amlodipine,ESI+,DTXCID30208557,TRUE,26,7.00,0.48,0.50,8.00,1,2,9,1
3815,amlodipine,ESI+,DTXCID30362623,FALSE,26,0.01,0.47,0.53,1.00,13,3,8,6
3815,amlodipine,ESI+,DTXCID401069590,FALSE,26,0.01,0.38,0.38,1.00,14,4,15,6
3815,amlodipine,ESI+,DTXCID401315195,FALSE,26,0.02,0.26,0.44,2.50,9,12,12,3
3815,amlodipine,ESI+,DTXCID401363582,FALSE,26,0.01,0.20,0.31,2.50,13,17,16,3
3815,amlodipine,ESI+,DTXCID4076922,FALSE,26,0.02,0.31,0.75,3.00,9,7,3,2
3815,amlodipine,ESI+,DTXCID501315198,FALSE,26,0.02,0.24,0.39,2.00,9,15,14,4
3815,amlodipine,ESI+,DTXCID60249498,FALSE,26,0.02,0.06,,1.00,6,23,,6
3815,amlodipine,ESI+,DTXCID60876465,FALSE,26,0.09,0.10,,3.00,2,21,,2
3815,amlodipine,ESI+,DTXCID60999527,FALSE,26,0.01,0.17,0.30,2.00,13,19,18,4
3815,amlodipine,ESI+,DTXCID701410798,FALSE,26,0.02,0.29,0.22,3.00,8,9,22,2
3815,amlodipine,ESI+,DTXCID701504743,FALSE,26,0.01,,,0.00,11,,,7
3815,amlodipine,ESI+,DTXCID70278077,FALSE,26,0.04,0.27,0.85,3.00,4,11,2,2
3815,amlodipine,ESI+,DTXCID801315197,FALSE,26,0.02,0.24,0.28,1.00,9,13,21,6
3815,amlodipine,ESI+,DTXCID80839577,FALSE,26,0.03,0.29,0.50,1.00,5,8,10,6
3815,amlodipine,ESI+,DTXCID80883136,FALSE,26,0.02,0.24,0.62,0.00,7,14,6,7
3815,amlodipine,ESI+,DTXCID90311516,FALSE,26,0.04,0.08,0.92,2.50,3,22,1,3
3863,diltiazem,ESI+,DTXCID001065910,FALSE,27,0.02,0.46,,2.00,13,7,,5
3863,diltiazem,ESI+,DTXCID00199084,FALSE,27,0.03,0.45,,0.00,9,9,,9
3863,diltiazem,ESI+,DTXCID0097087,FALSE,27,0.11,0.32,,2.50,2,18,,4
3863,diltiazem,ESI+,DTXCID10201203,FALSE,27,0.02,0.44,,0.00,13,12,,9
3863,diltiazem,ESI+,DTXCID10706521,FALSE,27,0.00,0.45,,1.00,16,10,,8
3863,diltiazem,ESI+,DTXCID20758793,FALSE,27,0.01,0.23,,2.00,15,23,,5
3863,diltiazem,ESI+,DTXCID30130208,FALSE,27,0.00,0.31,,2.67,16,19,,3
3863,diltiazem,ESI+,DTXCID30196864,TRUE,27,7.00,0.61,,5.14,1,2,,1
3863,diltiazem,ESI+,DTXCID30298195,FALSE,27,0.00,0.12,,3.00,16,25,,2
3863,diltiazem,ESI+,DTXCID30312143,FALSE,27,0.00,0.40,,1.00,16,14,,8
3863,diltiazem,ESI+,DTXCID30979033,FALSE,27,0.01,0.37,,2.50,15,17,,4
3863,diltiazem,ESI+,DTXCID401073400,FALSE,27,0.03,0.30,,2.00,9,21,,5
3863,diltiazem,ESI+,DTXCID40138376,FALSE,27,0.09,0.56,,2.50,3,3,,4
3863,diltiazem,ESI+,DTXCID401402849,FALSE,27,0.04,0.31,,3.00,4,20,,2
3863,diltiazem,ESI+,DTXCID40490380,FALSE,27,0.03,0.52,,2.00,5,5,,5
3863,diltiazem,ESI+,DTXCID40759929,FALSE,27,0.01,0.46,,2.00,15,6,,5
3863,diltiazem,ESI+,DTXCID40917204,FALSE,27,0.03,0.29,,2.00,10,22,,5
3863,diltiazem,ESI+,DTXCID501013502,FALSE,27,0.02,0.80,,1.00,11,1,,8
3863,diltiazem,ESI+,DTXCID50729299,FALSE,27,0.02,0.45,,2.00,12,8,,5
3863,diltiazem,ESI+,DTXCID60441874,FALSE,27,0.03,0.40,,2.00,8,15,,5
3863,diltiazem,ESI+,DTXCID60511329,FALSE,27,0.00,,,1.50,16,,,7
3863,diltiazem,ESI+,DTXCID70502682,FALSE,27,0.03,0.44,,1.00,7,11,,8
3863,diltiazem,ESI+,DTXCID70997079,FALSE,27,0.03,0.39,,1.00,6,16,,8
3863,diltiazem,ESI+,DTXCID801036169,FALSE,27,0.01,0.43,,0.00,14,13,,9
3863,diltiazem,ESI+,DTXCID80114432,FALSE,27,0.00,,,1.67,16,,,6
3863,diltiazem,ESI+,DTXCID80738839,FALSE,27,0.02,0.54,,2.50,13,4,,4
3863,diltiazem,ESI+,DTXCID90117499,FALSE,27,0.00,0.18,,3.00,16,24,,2
3898,simvastatin,ESI+,DTXCID101315641,FALSE,7,0.04,,,2.00,4,,,3
3898,simvastatin,ESI+,DTXCID301452908,FALSE,7,0.03,,,0.00,5,,,5
3898,simvastatin,ESI+,DTXCID30886758,FALSE,7,0.04,,,0.00,4,,,5
3898,simvastatin,ESI+,DTXCID401454402,FALSE,7,0.09,,,2.33,2,,,2
3898,simvastatin,ESI+,DTXCID701364808,FALSE,7,0.00,,,1.00,6,,,4
3898,simvastatin,ESI+,DTXCID70953574,FALSE,7,0.07,,,1.00,3,,,4
3898,simvastatin,ESI+,DTXCID80208643,TRUE,7,7.00,,,2.88,1,,,1
4004,valsartan,ESI+,DTXCID101465676,FALSE,8,0.09,0.60,,0.00,6,3,,5
4004,valsartan,ESI+,DTXCID60205514,FALSE,8,0.09,0.10,,4.00,6,7,,1
4004,valsartan,ESI+,DTXCID6067670,FALSE,8,0.14,0.35,,2.25,4,5,,3
4004,valsartan,ESI+,DTXCID60826809,FALSE,8,0.00,,,1.00,7,,,4
4004,valsartan,ESI+,DTXCID701447804,FALSE,8,0.12,0.29,,0.00,5,6,,5
4004,valsartan,ESI+,DTXCID801078202,FALSE,8,0.15,0.60,,1.00,3,2,,4
4004,valsartan,ESI+,DTXCID80208724,FALSE,8,6.00,0.64,,3.00,1,1,,2
4004,valsartan,ESI+,DTXCID9072993,FALSE,8,0.20,0.35,,3.00,2,4,,2
4044,norverapamil,ESI+,DTXCID001398183,FALSE,26,0.03,0.50,,0.00,15,16,,6
4044,norverapamil,ESI+,DTXCID00200083,FALSE,26,0.07,0.50,,0.00,14,17,,6
4044,norverapamil,ESI+,DTXCID00240106,FALSE,26,0.14,0.82,,1.00,10,4,,5
4044,norverapamil,ESI+,DTXCID00341869,FALSE,26,0.56,0.52,,1.50,3,15,,4
4044,norverapamil,ESI+,DTXCID101006634,FALSE,26,0.64,0.86,,3.00,2,1,,2
4044,norverapamil,ESI+,DTXCID201323251,FALSE,26,0.43,0.82,,3.00,4,5,,2
4044,norverapamil,ESI+,DTXCID301323266,FALSE,26,0.30,0.62,,3.00,6,11,,2
4044,norverapamil,ESI+,DTXCID301452853,FALSE,26,0.07,0.46,,4.00,14,20,,1
4044,norverapamil,ESI+,DTXCID30764623,FALSE,26,0.07,0.57,,1.00,14,12,,5
4044,norverapamil,ESI+,DTXCID3078763,FALSE,26,0.14,0.73,,3.00,9,8,,2
4044,norverapamil,ESI+,DTXCID30950867,FALSE,26,0.10,0.78,,1.00,13,6,,5
4044,norverapamil,ESI+,DTXCID40992637,FALSE,26,0.07,0.52,,0.00,14,14,,6
4044,norverapamil,ESI+,DTXCID501453483,FALSE,26,0.07,0.45,,4.00,14,22,,1
4044,norverapamil,ESI+,DTXCID501490633,FALSE,26,0.03,,,0.00,15,,,6
4044,norverapamil,ESI+,DTXCID50429944,FALSE,26,0.18,0.84,,3.00,7,3,,2
4044,norverapamil,ESI+,DTXCID50814194,FALSE,26,0.07,0.48,,3.00,14,19,,2
4044,norverapamil,ESI+,DTXCID60829032,FALSE,26,0.03,0.49,,2.50,15,18,,3
4044,norverapamil,ESI+,DTXCID60963086,FALSE,26,0.03,0.63,,3.00,15,10,,2
4044,norverapamil,ESI+,DTXCID701012017,TRUE,26,7.00,0.84,,1.00,1,2,,5
4044,norverapamil,ESI+,DTXCID70764622,FALSE,26,0.07,0.65,,3.00,14,9,,2
4044,norverapamil,ESI+,DTXCID70813503,FALSE,26,0.16,0.75,,1.00,8,7,,5
4044,norverapamil,ESI+,DTXCID70817586,FALSE,26,0.13,0.32,,3.00,11,25,,2
4044,norverapamil,ESI+,DTXCID8088858,FALSE,26,0.33,0.44,,3.00,5,23,,2
4044,norverapamil,ESI+,DTXCID901432235,FALSE,26,0.10,0.46,,1.00,12,21,,5
4044,norverapamil,ESI+,DTXCID901452851,FALSE,26,0.07,0.38,,4.00,14,24,,1
4044,norverapamil,ESI+,DTXCID90201064,FALSE,26,0.07,0.53,,0.00,14,13,,6
4119,verapamil,ESI+,DTXCID00333805,FALSE,9,3.00,,,1.00,1,,,6
4119,verapamil,ESI+,DTXCID00736074,FALSE,9,0.40,0.65,,3.00,3,7,,3
4119,verapamil,ESI+,DTXCID301346981,FALSE,9,0.00,0.97,,1.00,4,1,,6
4119,verapamil,ESI+,DTXCID301451043,FALSE,9,0.00,0.82,,4.00,4,4,,2
4119,verapamil,ESI+,DTXCID601432236,FALSE,9,0.00,0.78,,3.00,4,6,,3
4119,verapamil,ESI+,DTXCID701378318,FALSE,9,0.00,0.85,,2.67,4,3,,4
4119,verapamil,ESI+,DTXCID7021152,TRUE,9,1.00,0.91,,7.31,2,2,,1
4119,verapamil,ESI+,DTXCID801484376,FALSE,9,0.40,,,2.00,3,,,5
4119,verapamil,ESI+,DTXCID901337655,FALSE,9,0.00,0.80,,0.00,4,5,,7
4297,fluocinonide,ESI+,DTXCID001447615,FALSE,17,0.04,0.73,0.54,1.00,12,4,1,5
4297,fluocinonide,ESI+,DTXCID00658287,FALSE,17,0.00,0.56,0.40,1.00,13,8,4,5
4297,fluocinonide,ESI+,DTXCID00886740,FALSE,17,0.11,0.63,0.34,0.00,6,6,8,6
4297,fluocinonide,ESI+,DTXCID10950527,FALSE,17,0.07,0.19,0.52,1.00,8,15,2,5
4297,fluocinonide,ESI+,DTXCID201422619,FALSE,17,0.00,0.73,0.52,1.00,13,5,3,5
4297,fluocinonide,ESI+,DTXCID30209928,TRUE,17,7.00,0.80,0.31,3.89,1,1,10,1
4297,fluocinonide,ESI+,DTXCID30409764,FALSE,17,0.11,0.79,0.39,1.50,4,2,6,4
4297,fluocinonide,ESI+,DTXCID3087700,FALSE,17,0.07,0.44,0.18,3.00,7,12,13,2
4297,fluocinonide,ESI+,DTXCID401341522,FALSE,17,0.04,0.60,0.40,3.00,11,7,5,2
4297,fluocinonide,ESI+,DTXCID40706877,FALSE,17,0.04,0.44,0.03,1.00,12,11,16,5
4297,fluocinonide,ESI+,DTXCID501341525,FALSE,17,0.04,0.55,0.39,3.00,10,9,7,2
4297,fluocinonide,ESI+,DTXCID50209965,FALSE,17,2.26,0.77,0.26,1.50,2,3,11,4
4297,fluocinonide,ESI+,DTXCID60519224,FALSE,17,0.04,0.38,0.23,2.00,9,13,12,3
4297,fluocinonide,ESI+,DTXCID70457749,FALSE,17,0.04,0.44,0.03,1.00,12,11,16,5
4297,fluocinonide,ESI+,DTXCID801019228,FALSE,17,1.40,0.16,0.18,1.00,3,16,14,5
4297,fluocinonide,ESI+,DTXCID901411847,FALSE,17,0.11,0.33,0.13,0.00,5,14,15,6
4297,fluocinonide,ESI+,DTXCID901465387,FALSE,17,0.00,0.51,0.32,1.00,13,10,9,5
4318,fluticasone propionate,ESI+,DTXCID0083339,FALSE,10,0.17,0.56,,1.00,2,1,,3
4318,fluticasone propionate,ESI+,DTXCID101433508,FALSE,10,0.04,0.42,,1.00,5,6,,3
4318,fluticasone propionate,ESI+,DTXCID201388990,FALSE,10,0.07,0.48,,1.00,3,3,,3
4318,fluticasone propionate,ESI+,DTXCID20153502,FALSE,10,0.07,0.42,,3.00,4,7,,2
4318,fluticasone propionate,ESI+,DTXCID40153504,FALSE,10,0.07,0.42,,3.00,4,9,,2
4318,fluticasone propionate,ESI+,DTXCID40568811,FALSE,10,0.04,0.34,,0.00,5,10,,4
4318,fluticasone propionate,ESI+,DTXCID50208695,TRUE,10,7.00,0.54,,4.75,1,2,,1
4318,fluticasone propionate,ESI+,DTXCID601349160,FALSE,10,0.02,0.47,,3.00,6,4,,2
4318,fluticasone propionate,ESI+,DTXCID701349163,FALSE,10,0.02,0.47,,3.00,6,5,,2
4318,fluticasone propionate,ESI+,DTXCID90153498,FALSE,10,0.07,0.42,,3.00,4,8,,2
4522,atorvastatin,ESI+,DTXCID201470537,FALSE,7,0.02,0.24,0.38,0.00,5,6,5,4
4522,atorvastatin,ESI+,DTXCID50138049,FALSE,7,0.03,0.46,0.10,1.00,3,2,7,3
4522,atorvastatin,ESI+,DTXCID501468810,FALSE,7,0.02,0.24,0.38,3.00,5,5,4,2
4522,atorvastatin,ESI+,DTXCID601324825,FALSE,7,0.22,0.30,0.46,0.00,2,3,2,4
4522,atorvastatin,ESI+,DTXCID601469330,FALSE,7,0.02,0.28,0.23,0.00,4,4,6,4
4522,atorvastatin,ESI+,DTXCID80197003,TRUE,7,7.00,0.55,0.81,5.33,1,1,1,1
4522,atorvastatin,ESI+,DTXCID80952639,FALSE,7,0.02,0.24,0.42,1.00,6,7,3,3
5075,acetaminophen ,ESI-,DTXCID001010139,FALSE,311,0.02,0.60,0.31,0.00,224,152,270,35
5075,acetaminophen ,ESI-,DTXCID00102053,FALSE,311,0.17,0.65,0.36,2.25,45,114,231,23
5075,acetaminophen ,ESI-,DTXCID00109360,FALSE,311,0.04,0.28,0.62,3.11,125,294,62,11
5075,acetaminophen ,ESI-,DTXCID001110395,FALSE,311,0.03,0.77,0.44,2.00,154,47,181,29
5075,acetaminophen ,ESI-,DTXCID001360550,FALSE,311,0.12,0.71,0.64,1.00,53,74,58,34
5075,acetaminophen ,ESI-,DTXCID001433117,FALSE,311,0.06,0.49,0.35,1.50,97,240,233,32
5075,acetaminophen ,ESI-,DTXCID00233932,FALSE,311,0.14,0.60,0.48,2.50,50,155,137,20
5075,acetaminophen ,ESI-,DTXCID00255412,FALSE,311,0.03,0.52,0.49,2.50,153,228,131,20
5075,acetaminophen ,ESI-,DTXCID0027016,FALSE,311,0.84,0.47,0.46,2.50,5,253,160,20
5075,acetaminophen ,ESI-,DTXCID00281216,FALSE,311,0.11,0.54,0.99,2.00,54,210,2,29
5075,acetaminophen ,ESI-,DTXCID0033469,FALSE,311,0.47,0.57,0.46,2.33,11,177,156,22
5075,acetaminophen ,ESI-,DTXCID00379586,FALSE,311,0.01,0.57,0.44,1.50,252,181,178,32
5075,acetaminophen ,ESI-,DTXCID00388936,FALSE,311,0.02,0.60,0.38,1.50,210,151,216,32
5075,acetaminophen ,ESI-,DTXCID00399123,FALSE,311,0.02,0.46,0.47,2.50,191,255,147,20
5075,acetaminophen ,ESI-,DTXCID0040389,FALSE,311,0.24,0.42,0.51,2.40,28,266,111,21
5075,acetaminophen ,ESI-,DTXCID00419092,FALSE,311,0.04,0.59,0.51,1.50,143,163,115,32
5075,acetaminophen ,ESI-,DTXCID00433874,FALSE,311,0.05,0.45,0.49,2.50,108,263,134,20
5075,acetaminophen ,ESI-,DTXCID00510755,FALSE,311,0.04,0.67,0.48,1.50,133,102,144,32
5075,acetaminophen ,ESI-,DTXCID005136,FALSE,311,0.21,0.56,0.87,3.36,34,191,11,9
5075,acetaminophen ,ESI-,DTXCID00522095,FALSE,311,0.03,0.46,0.35,1.50,164,258,237,32
5075,acetaminophen ,ESI-,DTXCID00523446,FALSE,311,0.03,0.49,0.43,2.00,176,244,193,29
5075,acetaminophen ,ESI-,DTXCID00546998,FALSE,311,0.02,0.42,0.32,2.00,221,268,257,29
5075,acetaminophen ,ESI-,DTXCID00548654,FALSE,311,0.01,0.59,0.86,1.67,231,157,14,31
5075,acetaminophen ,ESI-,DTXCID00550878,FALSE,311,0.02,0.48,0.45,1.50,196,246,164,32
5075,acetaminophen ,ESI-,DTXCID00569142,FALSE,311,0.02,0.76,0.45,2.00,203,52,168,29
5075,acetaminophen ,ESI-,DTXCID00579640,FALSE,311,0.02,0.69,0.43,1.67,219,87,191,31
5075,acetaminophen ,ESI-,DTXCID00610087,FALSE,311,0.03,0.52,0.38,1.00,183,224,217,34
5075,acetaminophen ,ESI-,DTXCID00615779,FALSE,311,0.01,0.49,0.32,1.00,257,243,254,34
5075,acetaminophen ,ESI-,DTXCID00657679,FALSE,311,0.01,0.61,0.74,2.00,248,141,36,29
5075,acetaminophen ,ESI-,DTXCID00674129,FALSE,311,0.02,0.48,0.60,2.00,202,245,70,29
5075,acetaminophen ,ESI-,DTXCID00723202,FALSE,311,0.02,0.60,0.32,1.50,223,156,260,32
5075,acetaminophen ,ESI-,DTXCID00806943,FALSE,311,0.01,0.74,0.39,1.50,247,62,214,32
5075,acetaminophen ,ESI-,DTXCID00868965,FALSE,311,0.02,0.68,0.36,1.50,229,95,224,32
5075,acetaminophen ,ESI-,DTXCID00885657,FALSE,311,0.01,0.49,0.32,0.00,257,242,255,35
5075,acetaminophen ,ESI-,DTXCID00887570,FALSE,311,0.08,0.79,0.33,1.00,73,41,251,34
5075,acetaminophen ,ESI-,DTXCID101017445,FALSE,311,0.31,0.39,0.94,1.67,18,274,4,31
5075,acetaminophen ,ESI-,DTXCID10101810,FALSE,311,0.17,0.75,0.51,2.88,43,53,114,14
5075,acetaminophen ,ESI-,DTXCID101019241,FALSE,311,0.03,0.70,0.48,1.50,186,83,138,32
5075,acetaminophen ,ESI-,DTXCID10109972,FALSE,311,0.07,0.68,0.76,1.00,82,93,30,34
5075,acetaminophen ,ESI-,DTXCID10115194,FALSE,311,0.04,0.53,0.74,1.50,128,220,35,32
5075,acetaminophen ,ESI-,DTXCID101255946,FALSE,311,0.02,0.78,0.49,2.00,227,46,129,29
5075,acetaminophen ,ESI-,DTXCID10125910,FALSE,311,0.01,0.76,0.48,1.50,252,50,136,32
5075,acetaminophen ,ESI-,DTXCID101329999,FALSE,311,0.01,0.75,0.65,3.00,264,56,53,12
5075,acetaminophen ,ESI-,DTXCID10134421,FALSE,311,0.11,0.31,0.32,1.00,56,292,256,34
5075,acetaminophen ,ESI-,DTXCID101487098,FALSE,311,0.01,,,1.50,264,,,32
5075,acetaminophen ,ESI-,DTXCID101488189,FALSE,311,0.01,,,0.00,263,,,35
5075,acetaminophen ,ESI-,DTXCID10201485,FALSE,311,0.06,0.97,0.83,2.50,98,9,20,20
5075,acetaminophen ,ESI-,DTXCID10244599,FALSE,311,0.25,0.57,0.56,1.50,26,180,89,32
5075,acetaminophen ,ESI-,DTXCID10283721,FALSE,311,0.05,1.02,0.80,2.00,113,2,25,29
5075,acetaminophen ,ESI-,DTXCID10293764,FALSE,311,0.08,0.80,0.57,1.00,74,36,86,34
5075,acetaminophen ,ESI-,DTXCID10306843,FALSE,311,0.02,0.56,0.22,2.00,204,186,291,29
5075,acetaminophen ,ESI-,DTXCID10354849,FALSE,311,0.03,0.62,0.41,1.00,167,134,201,34
5075,acetaminophen ,ESI-,DTXCID1038870,FALSE,311,0.03,,,2.50,148,,,20
5075,acetaminophen ,ESI-,DTXCID10410171,FALSE,311,0.02,0.36,0.40,1.50,226,279,205,32
5075,acetaminophen ,ESI-,DTXCID10421828,FALSE,311,0.04,0.56,0.44,2.00,139,185,177,29
5075,acetaminophen ,ESI-,DTXCID10423428,FALSE,311,0.05,0.59,0.58,1.50,109,162,81,32
5075,acetaminophen ,ESI-,DTXCID1043176,FALSE,311,0.54,0.52,0.41,2.50,9,222,195,20
5075,acetaminophen ,ESI-,DTXCID10520946,FALSE,311,0.04,0.73,0.86,3.00,120,64,13,12
5075,acetaminophen ,ESI-,DTXCID105567,FALSE,311,2.47,0.51,0.41,3.82,2,229,202,5
5075,acetaminophen ,ESI-,DTXCID10616232,FALSE,311,0.01,0.57,0.37,2.00,256,182,220,29
5075,acetaminophen ,ESI-,DTXCID106513,FALSE,311,1.26,0.58,0.69,1.88,3,175,46,30
5075,acetaminophen ,ESI-,DTXCID10678734,FALSE,311,0.01,0.69,0.53,2.00,241,91,101,29
5075,acetaminophen ,ESI-,DTXCID10869165,FALSE,311,0.01,0.63,0.61,2.00,260,126,66,29
5075,acetaminophen ,ESI-,DTXCID1094359,FALSE,311,0.09,0.64,0.59,2.50,64,121,78,20
5075,acetaminophen ,ESI-,DTXCID201087164,FALSE,311,0.01,0.73,0.65,3.00,264,67,52,12
5075,acetaminophen ,ESI-,DTXCID201101536,FALSE,311,0.01,0.63,0.22,1.50,257,129,289,32
5075,acetaminophen ,ESI-,DTXCID20115544,FALSE,311,0.08,0.55,0.44,2.25,77,198,184,23
5075,acetaminophen ,ESI-,DTXCID201320895,FALSE,311,0.04,0.76,0.75,1.50,137,51,32,32
5075,acetaminophen ,ESI-,DTXCID201380160,FALSE,311,0.03,,,1.00,149,,,34
5075,acetaminophen ,ESI-,DTXCID201457743,FALSE,311,0.01,0.82,0.37,1.00,239,32,222,34
5075,acetaminophen ,ESI-,DTXCID201480552,FALSE,311,0.01,,,2.00,257,,,29
5075,acetaminophen ,ESI-,DTXCID201484423,FALSE,311,0.01,,,2.00,262,,,29
5075,acetaminophen ,ESI-,DTXCID202089,FALSE,311,0.70,0.86,0.35,3.30,7,21,240,10
5075,acetaminophen ,ESI-,DTXCID20228648,FALSE,311,0.07,0.54,0.40,1.00,91,213,210,34
5075,acetaminophen ,ESI-,DTXCID20238303,FALSE,311,0.11,0.75,0.44,1.00,57,57,183,34
5075,acetaminophen ,ESI-,DTXCID20277696,FALSE,311,0.03,0.80,0.50,1.50,144,37,125,32
5075,acetaminophen ,ESI-,DTXCID20284547,FALSE,311,0.02,0.69,0.21,1.50,228,90,297,32
5075,acetaminophen ,ESI-,DTXCID20294828,FALSE,311,0.01,,,1.50,259,,,32
5075,acetaminophen ,ESI-,DTXCID20314595,FALSE,311,0.03,0.65,0.49,2.00,173,115,133,29
5075,acetaminophen ,ESI-,DTXCID2037714,FALSE,311,0.08,0.73,0.51,3.00,76,68,110,12
5075,acetaminophen ,ESI-,DTXCID2042141,FALSE,311,0.09,0.63,0.48,1.50,65,131,141,32
5075,acetaminophen ,ESI-,DTXCID20429214,FALSE,311,0.04,0.35,0.47,2.50,116,280,145,20
5075,acetaminophen ,ESI-,DTXCID205134,FALSE,311,0.44,0.56,0.85,3.44,14,189,19,8
5075,acetaminophen ,ESI-,DTXCID20527704,FALSE,311,0.03,0.91,0.57,1.50,151,14,87,32
5075,acetaminophen ,ESI-,DTXCID20549305,FALSE,311,0.01,0.58,0.50,2.50,241,174,124,20
5075,acetaminophen ,ESI-,DTXCID20559883,FALSE,311,0.01,0.70,0.74,2.00,244,81,38,29
5075,acetaminophen ,ESI-,DTXCID20560272,FALSE,311,0.01,0.35,0.39,2.00,253,285,213,29
5075,acetaminophen ,ESI-,DTXCID20571308,FALSE,311,0.02,0.63,0.59,2.00,215,127,76,29
5075,acetaminophen ,ESI-,DTXCID20654342,FALSE,311,0.01,0.64,0.46,2.00,253,122,154,29
5075,acetaminophen ,ESI-,DTXCID20902310,FALSE,311,0.01,0.87,0.29,1.50,264,19,275,32
5075,acetaminophen ,ESI-,DTXCID2098952,FALSE,311,0.17,0.55,0.60,2.19,42,202,73,27
5075,acetaminophen ,ESI-,DTXCID301005294,FALSE,311,0.02,0.82,0.38,1.50,212,31,218,32
5075,acetaminophen ,ESI-,DTXCID301006804,FALSE,311,0.03,0.54,0.58,2.00,171,207,84,29
5075,acetaminophen ,ESI-,DTXCID30106120,FALSE,311,0.20,0.64,0.21,1.33,37,118,293,33
5075,acetaminophen ,ESI-,DTXCID301072273,FALSE,311,0.04,0.54,0.23,1.50,140,211,288,32
5075,acetaminophen ,ESI-,DTXCID301135710,FALSE,311,0.01,0.59,0.47,1.50,264,160,148,32
5075,acetaminophen ,ESI-,DTXCID30125654,FALSE,311,0.18,0.54,0.40,1.67,41,206,207,31
5075,acetaminophen ,ESI-,DTXCID30129339,FALSE,311,0.21,0.51,0.95,2.50,36,230,3,20
5075,acetaminophen ,ESI-,DTXCID30132646,FALSE,311,0.14,0.33,0.44,1.67,49,289,175,31
5075,acetaminophen ,ESI-,DTXCID301330051,FALSE,311,0.08,0.80,0.39,1.50,72,38,215,32
5075,acetaminophen ,ESI-,DTXCID301387240,FALSE,311,0.13,,,1.00,52,,,34
5075,acetaminophen ,ESI-,DTXCID30144603,FALSE,311,0.05,0.63,0.41,1.50,111,132,198,32
5075,acetaminophen ,ESI-,DTXCID30150305,FALSE,311,0.07,0.54,0.33,1.50,81,209,248,32
5075,acetaminophen ,ESI-,DTXCID30160484,FALSE,311,0.04,1.02,0.50,1.50,130,3,122,32
5075,acetaminophen ,ESI-,DTXCID30235767,FALSE,311,0.06,0.53,0.72,2.50,94,217,41,20
5075,acetaminophen ,ESI-,DTXCID30247547,FALSE,311,0.04,0.51,0.50,2.50,121,232,116,20
5075,acetaminophen ,ESI-,DTXCID30250758,FALSE,311,0.03,0.84,0.85,2.50,182,25,17,20
5075,acetaminophen ,ESI-,DTXCID30265605,FALSE,311,0.02,0.65,0.59,1.50,192,113,75,32
5075,acetaminophen ,ESI-,DTXCID30294839,FALSE,311,0.07,0.37,0.41,1.50,88,276,203,32
5075,acetaminophen ,ESI-,DTXCID30330488,FALSE,311,0.07,1.02,0.48,2.00,92,1,140,29
5075,acetaminophen ,ESI-,DTXCID3033519,FALSE,311,0.30,0.74,0.30,2.64,19,59,272,18
5075,acetaminophen ,ESI-,DTXCID30355015,FALSE,311,0.01,0.56,0.65,2.50,251,194,54,20
5075,acetaminophen ,ESI-,DTXCID30384885,FALSE,311,0.02,0.69,0.66,1.50,190,85,51,32
5075,acetaminophen ,ESI-,DTXCID30392142,FALSE,311,0.17,0.55,0.88,2.00,44,196,10,29
5075,acetaminophen ,ESI-,DTXCID30393472,FALSE,311,0.02,0.60,0.85,1.50,208,154,18,32
5075,acetaminophen ,ESI-,DTXCID30414393,FALSE,311,0.03,0.56,0.33,1.50,146,190,252,32
5075,acetaminophen ,ESI-,DTXCID30511735,FALSE,311,0.04,0.71,0.45,1.50,132,75,171,32
5075,acetaminophen ,ESI-,DTXCID30518547,FALSE,311,0.02,0.64,0.36,1.50,195,123,228,32
5075,acetaminophen ,ESI-,DTXCID30542347,FALSE,311,0.02,0.58,0.31,2.50,198,170,268,20
5075,acetaminophen ,ESI-,DTXCID30548521,FALSE,311,0.02,0.63,0.31,1.50,197,125,271,32
5075,acetaminophen ,ESI-,DTXCID30550447,FALSE,311,0.02,0.65,0.52,1.50,213,117,107,32
5075,acetaminophen ,ESI-,DTXCID30602591,FALSE,311,0.01,0.46,0.39,2.00,249,259,211,29
5075,acetaminophen ,ESI-,DTXCID30616234,FALSE,311,0.03,0.72,0.45,2.00,179,71,165,29
5075,acetaminophen ,ESI-,DTXCID30631427,FALSE,311,0.02,0.61,0.35,2.00,221,143,238,29
5075,acetaminophen ,ESI-,DTXCID30647164,FALSE,311,0.02,0.61,0.36,1.50,218,145,225,32
5075,acetaminophen ,ESI-,DTXCID30649188,FALSE,311,0.01,0.59,0.36,2.00,261,158,230,29
5075,acetaminophen ,ESI-,DTXCID30653508,FALSE,311,0.01,0.55,0.32,2.00,242,201,261,29
5075,acetaminophen ,ESI-,DTXCID3065954,FALSE,311,0.11,0.69,0.72,2.25,55,88,40,23
5075,acetaminophen ,ESI-,DTXCID30667706,FALSE,311,0.01,0.62,0.52,2.00,236,139,102,29
5075,acetaminophen ,ESI-,DTXCID3069485,FALSE,311,0.04,0.79,0.59,2.67,131,44,74,17
5075,acetaminophen ,ESI-,DTXCID3077828,FALSE,311,0.05,0.42,0.80,1.00,114,267,26,34
5075,acetaminophen ,ESI-,DTXCID30886374,FALSE,311,0.01,0.62,0.52,2.00,263,137,106,29
5075,acetaminophen ,ESI-,DTXCID30984026,FALSE,311,0.01,0.41,0.46,2.00,262,272,152,29
5075,acetaminophen ,ESI-,DTXCID40103165,FALSE,311,0.29,0.47,0.21,1.67,20,250,295,31
5075,acetaminophen ,ESI-,DTXCID40103327,FALSE,311,0.28,0.47,0.50,2.00,22,254,126,29
5075,acetaminophen ,ESI-,DTXCID401183655,FALSE,311,0.03,0.77,0.62,1.00,162,48,63,34
5075,acetaminophen ,ESI-,DTXCID40118855,FALSE,311,0.08,0.94,0.65,1.50,80,13,55,32
5075,acetaminophen ,ESI-,DTXCID40125908,FALSE,311,0.05,1.00,0.46,1.50,107,5,161,32
5075,acetaminophen ,ESI-,DTXCID401315838,FALSE,311,0.01,0.79,0.64,1.00,238,40,57,34
5075,acetaminophen ,ESI-,DTXCID401403497,FALSE,311,0.00,0.55,0.31,1.00,265,200,267,34
5075,acetaminophen ,ESI-,DTXCID402082,FALSE,311,0.59,0.86,0.36,2.72,8,20,232,16
5075,acetaminophen ,ESI-,DTXCID402189,FALSE,311,0.22,0.53,0.94,2.24,32,215,5,24
5075,acetaminophen ,ESI-,DTXCID40234600,FALSE,311,0.09,0.55,0.52,1.50,67,197,105,32
5075,acetaminophen ,ESI-,DTXCID40243611,FALSE,311,0.08,0.55,0.49,2.50,69,204,132,20
5075,acetaminophen ,ESI-,DTXCID40285677,FALSE,311,0.05,0.73,0.41,2.50,103,65,196,20
5075,acetaminophen ,ESI-,DTXCID40302277,FALSE,311,0.03,0.59,0.45,2.00,145,169,172,29
5075,acetaminophen ,ESI-,DTXCID4032956,FALSE,311,0.24,0.63,0.35,2.53,29,128,235,19
5075,acetaminophen ,ESI-,DTXCID40344859,FALSE,311,0.04,0.54,0.35,2.00,126,212,239,29
5075,acetaminophen ,ESI-,DTXCID4034497,FALSE,311,0.09,0.85,0.32,1.50,66,23,259,32
5075,acetaminophen ,ESI-,DTXCID4035043,FALSE,311,0.36,0.73,0.45,2.40,17,66,166,21
5075,acetaminophen ,ESI-,DTXCID40428744,FALSE,311,0.03,0.46,0.32,1.50,156,256,262,32
5075,acetaminophen ,ESI-,DTXCID40461070,FALSE,311,0.03,0.80,0.56,1.50,185,39,91,32
5075,acetaminophen ,ESI-,DTXCID40504254,FALSE,311,0.04,0.61,0.74,1.50,135,142,37,32
5075,acetaminophen ,ESI-,DTXCID405132,FALSE,311,0.29,0.67,0.53,4.08,21,100,99,2
5075,acetaminophen ,ESI-,DTXCID405137,FALSE,311,0.41,0.50,0.55,3.64,16,239,95,6
5075,acetaminophen ,ESI-,DTXCID40544211,FALSE,311,0.03,0.50,0.40,1.00,150,237,206,34
5075,acetaminophen ,ESI-,DTXCID40546997,FALSE,311,0.01,0.51,0.70,1.50,240,234,43,32
5075,acetaminophen ,ESI-,DTXCID40573844,FALSE,311,0.01,0.47,0.71,1.00,232,252,42,34
5075,acetaminophen ,ESI-,DTXCID40577726,FALSE,311,0.05,0.52,0.52,1.00,110,225,103,34
5075,acetaminophen ,ESI-,DTXCID40581308,FALSE,311,0.01,0.56,0.31,1.00,244,193,269,34
5075,acetaminophen ,ESI-,DTXCID40599382,FALSE,311,0.03,0.64,0.32,2.00,176,119,253,29
5075,acetaminophen ,ESI-,DTXCID40615773,FALSE,311,0.02,0.50,0.23,2.00,217,238,287,29
5075,acetaminophen ,ESI-,DTXCID40672164,FALSE,311,0.01,,,1.50,264,,,32
5075,acetaminophen ,ESI-,DTXCID40813893,FALSE,311,0.20,0.94,0.57,2.00,38,12,88,29
5075,acetaminophen ,ESI-,DTXCID40872329,FALSE,311,0.01,0.60,0.33,2.00,264,150,246,29
5075,acetaminophen ,ESI-,DTXCID501018083,FALSE,311,0.02,0.34,0.40,0.00,226,286,208,35
5075,acetaminophen ,ESI-,DTXCID501019431,FALSE,311,0.02,0.35,0.24,0.00,193,282,282,35
5075,acetaminophen ,ESI-,DTXCID501100575,FALSE,311,0.01,0.66,0.36,2.00,257,106,227,29
5075,acetaminophen ,ESI-,DTXCID50127059,FALSE,311,0.72,0.65,0.32,2.67,6,116,263,17
5075,acetaminophen ,ESI-,DTXCID50133650,FALSE,311,0.44,0.34,0.58,1.67,13,287,83,31
5075,acetaminophen ,ESI-,DTXCID501459629,FALSE,311,0.03,0.67,0.46,3.00,157,99,151,12
5075,acetaminophen ,ESI-,DTXCID501460947,FALSE,311,0.01,0.47,0.48,0.00,257,247,142,35
5075,acetaminophen ,ESI-,DTXCID501470667,FALSE,311,0.00,0.64,0.33,0.00,265,120,247,35
5075,acetaminophen ,ESI-,DTXCID50219009,FALSE,311,0.09,0.46,0.32,1.50,68,257,258,32
5075,acetaminophen ,ESI-,DTXCID50284535,FALSE,311,0.09,0.58,0.31,1.00,62,172,265,34
5075,acetaminophen ,ESI-,DTXCID50293900,FALSE,311,0.04,0.59,0.72,1.50,123,166,39,32
5075,acetaminophen ,ESI-,DTXCID50309939,FALSE,311,0.03,0.37,0.50,2.00,158,277,119,29
5075,acetaminophen ,ESI-,DTXCID5032446,FALSE,311,0.26,0.58,0.56,2.16,24,173,94,28
5075,acetaminophen ,ESI-,DTXCID5034145,FALSE,311,0.11,0.78,0.60,2.80,58,45,71,15
5075,acetaminophen ,ESI-,DTXCID50357915,FALSE,311,0.01,0.60,0.66,1.00,245,148,50,34
5075,acetaminophen ,ESI-,DTXCID50478795,FALSE,311,0.02,0.56,0.35,2.50,200,187,236,20
5075,acetaminophen ,ESI-,DTXCID50549338,FALSE,311,0.02,0.84,0.50,1.00,211,24,121,34
5075,acetaminophen ,ESI-,DTXCID50552488,FALSE,311,0.01,0.71,0.46,1.50,251,77,159,32
5075,acetaminophen ,ESI-,DTXCID50616236,FALSE,311,0.02,0.84,0.42,2.00,189,29,194,29
5075,acetaminophen ,ESI-,DTXCID50650539,FALSE,311,0.01,0.13,0.45,2.00,257,297,167,29
5075,acetaminophen ,ESI-,DTXCID50869149,FALSE,311,0.01,0.44,0.41,2.00,264,264,197,29
5075,acetaminophen ,ESI-,DTXCID50938283,FALSE,311,0.01,0.83,0.90,1.50,264,30,8,32
5075,acetaminophen ,ESI-,DTXCID50943892,FALSE,311,0.04,0.71,0.39,1.00,141,78,212,34
5075,acetaminophen ,ESI-,DTXCID50980020,FALSE,311,0.01,0.71,0.34,1.00,264,73,241,34
5075,acetaminophen ,ESI-,DTXCID601007099,FALSE,311,0.02,0.68,0.28,1.50,190,98,276,32
5075,acetaminophen ,ESI-,DTXCID60103162,FALSE,311,0.23,0.81,0.64,3.00,31,35,56,12
5075,acetaminophen ,ESI-,DTXCID60106436,FALSE,311,0.07,0.54,0.48,2.40,85,205,143,21
5075,acetaminophen ,ESI-,DTXCID60122419,FALSE,311,0.09,0.62,0.49,2.33,63,133,130,22
5075,acetaminophen ,ESI-,DTXCID601287576,FALSE,311,0.01,0.66,0.43,2.00,258,112,192,29
5075,acetaminophen ,ESI-,DTXCID60222347,FALSE,311,0.04,0.47,0.77,2.00,136,249,29,29
5075,acetaminophen ,ESI-,DTXCID60278440,FALSE,311,0.10,0.44,0.58,1.50,61,265,80,32
5075,acetaminophen ,ESI-,DTXCID60280341,FALSE,311,0.01,0.79,0.58,2.50,237,42,82,20
5075,acetaminophen ,ESI-,DTXCID60292464,FALSE,311,0.06,0.31,0.59,1.50,95,291,77,32
5075,acetaminophen ,ESI-,DTXCID6031259,FALSE,311,0.18,0.67,0.69,2.00,40,103,45,29
5075,acetaminophen ,ESI-,DTXCID6035497,FALSE,311,0.26,0.66,0.81,2.50,25,107,23,20
5075,acetaminophen ,ESI-,DTXCID60377568,FALSE,311,0.06,0.62,0.43,2.00,96,138,188,29
5075,acetaminophen ,ESI-,DTXCID60394457,FALSE,311,0.04,0.50,0.79,3.00,122,235,27,12
5075,acetaminophen ,ESI-,DTXCID60411976,FALSE,311,0.03,0.33,0.83,2.50,177,288,21,20
5075,acetaminophen ,ESI-,DTXCID60449330,FALSE,311,0.02,0.70,0.57,1.50,194,84,85,32
5075,acetaminophen ,ESI-,DTXCID60453932,FALSE,311,0.02,0.59,0.45,1.50,222,159,170,32
5075,acetaminophen ,ESI-,DTXCID60496485,FALSE,311,0.03,0.75,0.60,1.50,170,54,67,32
5075,acetaminophen ,ESI-,DTXCID60497831,FALSE,311,0.03,0.66,0.49,1.50,165,111,135,32
5075,acetaminophen ,ESI-,DTXCID60512033,FALSE,311,0.01,0.90,0.60,2.50,249,15,72,20
5075,acetaminophen ,ESI-,DTXCID605135,FALSE,311,0.45,0.55,0.81,3.92,12,203,22,3
5075,acetaminophen ,ESI-,DTXCID60528937,FALSE,311,0.03,0.59,0.44,2.00,152,167,180,29
5075,acetaminophen ,ESI-,DTXCID60559206,FALSE,311,0.03,0.53,0.69,1.00,180,219,47,34
5075,acetaminophen ,ESI-,DTXCID606,TRUE,311,7.44,0.84,0.36,4.24,1,28,229,1
5075,acetaminophen ,ESI-,DTXCID60616601,FALSE,311,0.02,0.95,0.46,2.00,207,10,153,29
5075,acetaminophen ,ESI-,DTXCID60671856,FALSE,311,0.01,,,1.50,247,,,32
5075,acetaminophen ,ESI-,DTXCID60811215,FALSE,311,1.18,0.45,0.37,3.00,4,262,221,12
5075,acetaminophen ,ESI-,DTXCID6099481,FALSE,311,0.08,0.68,0.90,2.00,70,94,9,29
5075,acetaminophen ,ESI-,DTXCID70108683,FALSE,311,0.03,0.62,0.37,2.50,159,140,219,20
5075,acetaminophen ,ESI-,DTXCID70118469,FALSE,311,0.24,0.53,0.21,1.33,27,218,292,33
5075,acetaminophen ,ESI-,DTXCID701243147,FALSE,311,0.05,0.74,0.51,0.00,115,60,112,35
5075,acetaminophen ,ESI-,DTXCID70131698,FALSE,311,0.04,0.52,0.40,2.50,118,227,204,20
5075,acetaminophen ,ESI-,DTXCID701321981,FALSE,311,0.03,0.47,0.47,2.50,161,248,150,20
5075,acetaminophen ,ESI-,DTXCID701365032,FALSE,311,0.03,0.60,0.56,1.00,160,149,90,34
5075,acetaminophen ,ESI-,DTXCID701391576,FALSE,311,0.22,0.51,0.34,2.25,33,233,242,23
5075,acetaminophen ,ESI-,DTXCID701485226,FALSE,311,0.01,,,1.50,254,,,32
5075,acetaminophen ,ESI-,DTXCID70251941,FALSE,311,0.07,0.69,0.34,1.00,86,89,243,34
5075,acetaminophen ,ESI-,DTXCID7026526,FALSE,311,0.42,0.66,0.45,2.92,15,110,163,13
5075,acetaminophen ,ESI-,DTXCID70283722,FALSE,311,0.05,0.98,0.56,2.50,105,8,92,20
5075,acetaminophen ,ESI-,DTXCID70314767,FALSE,311,0.03,0.63,0.46,1.67,166,130,158,31
5075,acetaminophen ,ESI-,DTXCID7036088,FALSE,311,0.16,0.79,0.23,3.50,47,43,286,7
5075,acetaminophen ,ESI-,DTXCID70389637,FALSE,311,0.06,0.72,0.33,1.50,100,70,250,32
5075,acetaminophen ,ESI-,DTXCID70392141,FALSE,311,0.04,0.84,0.86,2.00,142,26,12,29
5075,acetaminophen ,ESI-,DTXCID7042980,FALSE,311,0.21,0.50,0.54,2.20,35,236,98,26
5075,acetaminophen ,ESI-,DTXCID70444492,FALSE,311,0.08,0.40,0.24,1.50,79,273,281,32
5075,acetaminophen ,ESI-,DTXCID70498470,FALSE,311,0.04,0.99,0.62,2.00,127,7,64,29
5075,acetaminophen ,ESI-,DTXCID70501978,FALSE,311,0.03,0.77,0.50,1.50,184,49,123,32
5075,acetaminophen ,ESI-,DTXCID70505572,FALSE,311,0.02,0.52,0.21,1.00,214,223,296,34
5075,acetaminophen ,ESI-,DTXCID70517317,FALSE,311,0.02,0.51,0.60,2.00,201,231,69,29
5075,acetaminophen ,ESI-,DTXCID70522668,FALSE,311,0.04,0.71,0.51,1.50,117,76,109,32
5075,acetaminophen ,ESI-,DTXCID70542225,FALSE,311,0.03,0.62,0.43,2.50,178,136,185,20
5075,acetaminophen ,ESI-,DTXCID70569033,FALSE,311,0.01,0.35,0.43,2.00,257,284,187,29
5075,acetaminophen ,ESI-,DTXCID70616233,FALSE,311,0.01,0.59,0.45,2.00,257,164,162,29
5075,acetaminophen ,ESI-,DTXCID70616430,FALSE,311,0.03,0.63,0.35,1.00,169,124,234,34
5075,acetaminophen ,ESI-,DTXCID801036933,FALSE,311,0.01,0.66,0.49,1.00,264,108,128,34
5075,acetaminophen ,ESI-,DTXCID801039763,FALSE,311,0.01,0.35,0.44,1.50,264,283,179,32
5075,acetaminophen ,ESI-,DTXCID80107425,FALSE,311,0.05,1.01,0.43,1.50,104,4,190,32
5075,acetaminophen ,ESI-,DTXCID80118470,FALSE,311,0.19,0.75,0.22,1.50,39,55,290,32
5075,acetaminophen ,ESI-,DTXCID80121207,FALSE,311,0.10,0.87,0.70,1.50,60,18,44,32
5075,acetaminophen ,ESI-,DTXCID801330056,FALSE,311,0.07,0.45,0.46,2.00,90,261,155,29
5075,acetaminophen ,ESI-,DTXCID801382164,FALSE,311,0.08,,,2.00,78,,,29
5075,acetaminophen ,ESI-,DTXCID801421657,FALSE,311,0.02,0.46,0.54,3.00,226,260,96,12
5075,acetaminophen ,ESI-,DTXCID80146470,FALSE,311,0.10,0.55,0.53,2.25,59,199,100,23
5075,acetaminophen ,ESI-,DTXCID801492640,FALSE,311,0.03,,,0.00,172,,,35
5075,acetaminophen ,ESI-,DTXCID80255410,FALSE,311,0.08,0.72,0.43,2.50,71,72,189,20
5075,acetaminophen ,ESI-,DTXCID80272066,FALSE,311,0.02,0.61,0.52,1.50,216,146,108,32
5075,acetaminophen ,ESI-,DTXCID80277733,FALSE,311,0.03,0.53,0.85,1.50,177,216,15,32
5075,acetaminophen ,ESI-,DTXCID80291454,FALSE,311,0.04,0.59,0.50,1.00,119,165,117,34
5075,acetaminophen ,ESI-,DTXCID80294829,FALSE,311,0.05,0.68,0.46,1.50,106,96,157,32
5075,acetaminophen ,ESI-,DTXCID80352458,FALSE,311,0.04,0.52,0.99,2.00,129,221,1,29
5075,acetaminophen ,ESI-,DTXCID80352837,FALSE,311,0.05,0.75,0.50,1.50,102,58,127,32
5075,acetaminophen ,ESI-,DTXCID80355040,FALSE,311,0.02,0.88,0.58,1.00,225,16,79,34
5075,acetaminophen ,ESI-,DTXCID80397526,FALSE,311,0.06,0.59,0.44,2.50,99,161,174,20
5075,acetaminophen ,ESI-,DTXCID8043236,FALSE,311,0.23,0.54,0.91,2.00,30,214,6,29
5075,acetaminophen ,ESI-,DTXCID80457331,FALSE,311,0.01,0.84,0.63,1.50,253,27,61,32
5075,acetaminophen ,ESI-,DTXCID80485755,FALSE,311,0.01,0.58,0.31,1.50,255,176,266,32
5075,acetaminophen ,ESI-,DTXCID805133,FALSE,311,0.49,0.54,0.56,3.92,10,208,93,4
5075,acetaminophen ,ESI-,DTXCID80541986,FALSE,311,0.03,0.57,0.31,1.00,188,184,264,34
5075,acetaminophen ,ESI-,DTXCID80564397,FALSE,311,0.01,0.56,0.24,2.50,246,192,284,20
5075,acetaminophen ,ESI-,DTXCID80592796,FALSE,311,0.01,0.70,0.23,2.50,257,82,285,20
5075,acetaminophen ,ESI-,DTXCID80603159,FALSE,311,0.01,0.72,0.64,1.00,256,69,60,34
5075,acetaminophen ,ESI-,DTXCID80659494,FALSE,311,0.01,0.88,0.41,2.00,243,17,200,29
5075,acetaminophen ,ESI-,DTXCID8065955,FALSE,311,0.13,0.68,0.75,1.67,51,97,33,31
5075,acetaminophen ,ESI-,DTXCID80675654,FALSE,311,0.01,,,2.00,230,,,29
5075,acetaminophen ,ESI-,DTXCID8082123,FALSE,311,0.07,0.36,0.50,2.67,89,278,120,17
5075,acetaminophen ,ESI-,DTXCID80893679,FALSE,311,0.07,0.49,0.66,3.00,84,241,49,12
5075,acetaminophen ,ESI-,DTXCID80902311,FALSE,311,0.01,0.60,0.36,1.50,264,147,226,32
5075,acetaminophen ,ESI-,DTXCID8090518,FALSE,311,0.15,0.59,0.47,2.00,48,168,146,29
5075,acetaminophen ,ESI-,DTXCID80944135,FALSE,311,0.01,0.35,0.29,1.50,264,281,274,32
5075,acetaminophen ,ESI-,DTXCID80984758,FALSE,311,0.01,0.57,0.68,2.00,264,179,48,29
5075,acetaminophen ,ESI-,DTXCID8099831,FALSE,311,0.07,0.61,0.30,1.00,87,144,273,34
5075,acetaminophen ,ESI-,DTXCID90100104,FALSE,311,0.17,0.74,0.24,2.50,46,63,283,20
5075,acetaminophen ,ESI-,DTXCID90104607,FALSE,311,0.04,0.57,0.26,1.50,118,178,279,32
5075,acetaminophen ,ESI-,DTXCID901073479,FALSE,311,0.01,0.41,0.41,2.00,257,270,199,29
5075,acetaminophen ,ESI-,DTXCID90110283,FALSE,311,0.05,0.85,0.37,2.67,112,22,223,17
5075,acetaminophen ,ESI-,DTXCID90118002,FALSE,311,0.04,0.56,0.52,1.50,134,188,104,32
5075,acetaminophen ,ESI-,DTXCID901378095,FALSE,311,0.03,0.69,0.85,3.00,155,86,16,12
5075,acetaminophen ,ESI-,DTXCID90154642,FALSE,311,0.03,0.28,0.27,1.50,187,293,277,32
5075,acetaminophen ,ESI-,DTXCID90202410,FALSE,311,0.01,0.52,0.91,1.00,257,226,7,34
5075,acetaminophen ,ESI-,DTXCID90251746,FALSE,311,0.07,0.58,0.50,1.50,83,171,118,32
5075,acetaminophen ,ESI-,DTXCID90288037,FALSE,311,0.06,0.70,0.44,1.00,101,80,176,34
5075,acetaminophen ,ESI-,DTXCID9037246,FALSE,311,0.27,0.66,0.43,2.24,23,104,186,25
5075,acetaminophen ,ESI-,DTXCID90386683,FALSE,311,0.04,0.74,0.61,1.00,124,61,65,34
5075,acetaminophen ,ESI-,DTXCID90405606,FALSE,311,0.02,0.15,0.45,1.50,220,296,169,32
5075,acetaminophen ,ESI-,DTXCID90407660,FALSE,311,0.02,0.37,0.47,2.50,205,275,149,20
5075,acetaminophen ,ESI-,DTXCID90411606,FALSE,311,0.03,0.25,0.45,2.50,168,295,173,20
5075,acetaminophen ,ESI-,DTXCID90424498,FALSE,311,0.04,0.68,0.64,1.50,138,92,59,32
5075,acetaminophen ,ESI-,DTXCID90478794,FALSE,311,0.01,0.47,0.34,2.00,233,251,244,29
5075,acetaminophen ,ESI-,DTXCID90485786,FALSE,311,0.02,1.00,0.60,2.50,199,6,68,20
5075,acetaminophen ,ESI-,DTXCID90511736,FALSE,311,0.01,0.67,0.75,1.50,234,101,34,32
5075,acetaminophen ,ESI-,DTXCID90513538,FALSE,311,0.03,0.94,0.80,1.50,174,11,24,32
5075,acetaminophen ,ESI-,DTXCID90513831,FALSE,311,0.03,0.81,0.75,1.50,181,34,31,32
5075,acetaminophen ,ESI-,DTXCID90518669,FALSE,311,0.02,0.55,0.21,2.50,206,195,294,20
5075,acetaminophen ,ESI-,DTXCID90550448,FALSE,311,0.02,0.70,0.44,1.50,209,79,182,32
5075,acetaminophen ,ESI-,DTXCID90575590,FALSE,311,0.01,0.62,0.40,2.00,235,135,209,29
5075,acetaminophen ,ESI-,DTXCID90577115,FALSE,311,0.03,0.57,0.33,2.00,147,183,249,29
5075,acetaminophen ,ESI-,DTXCID90609268,FALSE,311,0.03,0.41,0.34,1.00,175,271,245,34
5075,acetaminophen ,ESI-,DTXCID90609965,FALSE,311,0.03,0.41,0.26,2.00,163,269,280,29
5075,acetaminophen ,ESI-,DTXCID90649321,FALSE,311,0.01,0.66,0.48,2.00,261,109,139,29
5075,acetaminophen ,ESI-,DTXCID9083716,FALSE,311,0.08,0.60,0.79,3.11,75,153,28,11
5075,acetaminophen ,ESI-,DTXCID90886173,FALSE,311,0.01,0.66,0.54,0.00,250,105,97,35
5075,acetaminophen ,ESI-,DTXCID90886592,FALSE,311,0.01,0.33,0.26,2.00,264,290,278,29
5075,acetaminophen ,ESI-,DTXCID9094163,FALSE,311,0.06,0.81,0.51,2.50,93,33,113,20
5097,ace-K ,ESI-,DTXCID0027983,TRUE,6,8.00,,0.37,2.92,1,,2,1
5097,ace-K ,ESI-,DTXCID10618574,FALSE,6,0.03,,0.36,2.00,5,,3,2
5097,ace-K ,ESI-,DTXCID20585208,FALSE,6,0.03,,0.00,1.00,4,,4,4
5097,ace-K ,ESI-,DTXCID60300210,FALSE,6,0.13,,0.00,1.50,2,,4,3
5097,ace-K ,ESI-,DTXCID70618575,FALSE,6,0.03,,0.61,1.00,6,,1,4
5097,ace-K ,ESI-,DTXCID80401596,FALSE,6,0.05,,0.00,1.50,3,,4,3
5120,gabapentin,ESI-,DTXCID001000376,FALSE,235,0.03,,0.52,1.50,138,,197,10
5120,gabapentin,ESI-,DTXCID001010696,FALSE,235,0.01,,0.72,1.50,167,,97,10
5120,gabapentin,ESI-,DTXCID00104299,FALSE,235,0.06,,0.60,1.50,72,,161,10
5120,gabapentin,ESI-,DTXCID001151109,FALSE,235,0.03,,0.48,1.50,113,,207,10
5120,gabapentin,ESI-,DTXCID001394824,FALSE,235,0.03,,0.53,1.00,144,,194,12
5120,gabapentin,ESI-,DTXCID001395234,FALSE,235,0.04,,0.52,2.00,107,,195,7
5120,gabapentin,ESI-,DTXCID00258908,FALSE,235,0.08,,0.84,1.50,43,,37,10
5120,gabapentin,ESI-,DTXCID00387449,FALSE,235,0.04,,0.38,1.50,99,,228,10
5120,gabapentin,ESI-,DTXCID00389665,FALSE,235,0.04,,0.68,1.00,98,,120,12
5120,gabapentin,ESI-,DTXCID00547228,FALSE,235,0.03,,0.59,1.00,119,,167,12
5120,gabapentin,ESI-,DTXCID00572853,FALSE,235,0.01,,0.73,1.00,146,,91,12
5120,gabapentin,ESI-,DTXCID00821515,FALSE,235,0.01,,0.69,1.50,164,,110,10
5120,gabapentin,ESI-,DTXCID00840822,FALSE,235,0.03,,0.78,2.00,112,,65,7
5120,gabapentin,ESI-,DTXCID00863298,FALSE,235,0.03,,0.69,2.00,134,,109,7
5120,gabapentin,ESI-,DTXCID00864563,FALSE,235,0.01,,0.63,0.00,156,,150,13
5120,gabapentin,ESI-,DTXCID00872244,FALSE,235,0.37,,0.80,1.00,5,,54,12
5120,gabapentin,ESI-,DTXCID00877395,FALSE,235,0.03,,0.69,1.00,131,,106,12
5120,gabapentin,ESI-,DTXCID00883911,FALSE,235,0.03,,0.60,2.00,118,,163,7
5120,gabapentin,ESI-,DTXCID00884463,FALSE,235,0.15,,0.53,1.50,15,,192,10
5120,gabapentin,ESI-,DTXCID00887515,FALSE,235,0.01,,0.66,2.00,168,,130,7
5120,gabapentin,ESI-,DTXCID00891399,FALSE,235,0.03,,1.09,2.00,143,,3,7
5120,gabapentin,ESI-,DTXCID00939265,FALSE,235,0.01,,0.62,1.50,168,,152,10
5120,gabapentin,ESI-,DTXCID00940114,FALSE,235,0.01,,0.78,1.50,155,,60,10
5120,gabapentin,ESI-,DTXCID00955783,FALSE,235,0.03,,0.77,1.50,144,,69,10
5120,gabapentin,ESI-,DTXCID00965786,FALSE,235,0.05,,0.92,1.50,84,,20,10
5120,gabapentin,ESI-,DTXCID00968914,FALSE,235,0.03,,0.73,0.00,123,,85,13
5120,gabapentin,ESI-,DTXCID00984457,FALSE,235,0.03,,0.67,1.00,143,,124,12
5120,gabapentin,ESI-,DTXCID10117693,FALSE,235,0.10,,1.14,1.50,26,,2,10
5120,gabapentin,ESI-,DTXCID101330843,FALSE,235,0.07,,0.93,0.00,54,,18,13
5120,gabapentin,ESI-,DTXCID101364612,FALSE,235,0.05,,0.54,1.00,83,,189,12
5120,gabapentin,ESI-,DTXCID101416493,FALSE,235,0.07,,0.73,1.50,58,,90,10
5120,gabapentin,ESI-,DTXCID101470934,FALSE,235,0.01,,0.40,0.00,168,,224,13
5120,gabapentin,ESI-,DTXCID10237345,FALSE,235,0.09,,0.65,1.50,35,,138,10
5120,gabapentin,ESI-,DTXCID10251465,FALSE,235,0.04,,0.56,1.50,108,,177,10
5120,gabapentin,ESI-,DTXCID10258515,FALSE,235,0.09,,0.71,1.50,33,,101,10
5120,gabapentin,ESI-,DTXCID10300260,FALSE,235,0.15,,0.61,1.50,16,,160,10
5120,gabapentin,ESI-,DTXCID10344826,FALSE,235,0.01,,0.70,1.50,159,,103,10
5120,gabapentin,ESI-,DTXCID10388265,FALSE,235,0.06,,0.70,2.00,63,,105,7
5120,gabapentin,ESI-,DTXCID10400390,FALSE,235,0.07,,1.03,1.50,53,,7,10
5120,gabapentin,ESI-,DTXCID1045611,FALSE,235,0.10,,0.64,1.50,30,,144,10
5120,gabapentin,ESI-,DTXCID10581592,FALSE,235,0.03,,0.88,1.50,128,,25,10
5120,gabapentin,ESI-,DTXCID10877644,FALSE,235,0.07,,0.89,1.00,57,,23,12
5120,gabapentin,ESI-,DTXCID10882899,FALSE,235,0.03,,0.48,2.50,135,,208,6
5120,gabapentin,ESI-,DTXCID10886913,FALSE,235,0.03,,0.51,1.00,124,,201,12
5120,gabapentin,ESI-,DTXCID10904262,FALSE,235,0.03,,1.05,1.50,144,,6,10
5120,gabapentin,ESI-,DTXCID10922441,FALSE,235,0.03,,0.73,1.50,144,,86,10
5120,gabapentin,ESI-,DTXCID10926909,FALSE,235,0.05,,1.00,1.00,80,,8,12
5120,gabapentin,ESI-,DTXCID10941536,FALSE,235,0.03,,0.88,1.50,142,,24,10
5120,gabapentin,ESI-,DTXCID10950466,FALSE,235,0.04,,0.82,1.00,92,,43,12
5120,gabapentin,ESI-,DTXCID10963238,FALSE,235,0.04,,0.52,1.50,104,,199,10
5120,gabapentin,ESI-,DTXCID10970745,FALSE,235,0.03,,0.45,1.00,114,,217,12
5120,gabapentin,ESI-,DTXCID20104993,FALSE,235,0.18,,0.95,2.00,11,,15,7
5120,gabapentin,ESI-,DTXCID201449724,FALSE,235,0.01,,1.06,0.00,168,,5,13
5120,gabapentin,ESI-,DTXCID20203854,FALSE,235,0.28,,0.58,2.00,7,,172,7
5120,gabapentin,ESI-,DTXCID20231071,FALSE,235,0.08,,0.81,1.50,47,,51,10
5120,gabapentin,ESI-,DTXCID20242061,FALSE,235,0.06,,0.72,1.00,71,,96,12
5120,gabapentin,ESI-,DTXCID20300256,FALSE,235,0.27,,0.64,1.50,9,,141,10
5120,gabapentin,ESI-,DTXCID20737664,FALSE,235,0.01,,0.58,1.50,168,,169,10
5120,gabapentin,ESI-,DTXCID20821532,FALSE,235,0.01,,0.84,2.67,153,,38,4
5120,gabapentin,ESI-,DTXCID20822524,FALSE,235,0.03,,0.80,1.50,141,,52,10
5120,gabapentin,ESI-,DTXCID20878783,FALSE,235,0.06,,0.78,1.50,62,,64,10
5120,gabapentin,ESI-,DTXCID20879078,FALSE,235,0.03,,0.87,1.50,143,,30,10
5120,gabapentin,ESI-,DTXCID20883655,FALSE,235,0.09,,0.55,2.00,41,,181,7
5120,gabapentin,ESI-,DTXCID20889879,FALSE,235,0.03,,0.66,1.00,127,,129,12
5120,gabapentin,ESI-,DTXCID20942635,FALSE,235,0.01,,0.62,1.50,156,,155,10
5120,gabapentin,ESI-,DTXCID20950215,FALSE,235,0.02,,0.62,3.00,145,,153,3
5120,gabapentin,ESI-,DTXCID20958352,FALSE,235,0.04,,0.81,1.50,91,,50,10
5120,gabapentin,ESI-,DTXCID2099009,FALSE,235,0.10,,0.71,2.50,28,,100,6
5120,gabapentin,ESI-,DTXCID301008379,FALSE,235,0.00,,0.78,1.00,169,,62,12
5120,gabapentin,ESI-,DTXCID301038546,FALSE,235,0.03,,0.62,2.00,144,,154,7
5120,gabapentin,ESI-,DTXCID30104005,FALSE,235,0.08,,0.47,1.50,42,,211,10
5120,gabapentin,ESI-,DTXCID301389610,FALSE,235,0.11,,0.87,2.60,25,,32,5
5120,gabapentin,ESI-,DTXCID301469955,FALSE,235,0.03,,1.08,0.00,144,,4,13
5120,gabapentin,ESI-,DTXCID30391115,FALSE,235,0.04,,0.74,1.50,97,,82,10
5120,gabapentin,ESI-,DTXCID30728301,FALSE,235,0.03,,0.65,1.50,144,,139,10
5120,gabapentin,ESI-,DTXCID30764305,FALSE,235,0.03,,0.96,1.50,144,,12,10
5120,gabapentin,ESI-,DTXCID30776569,FALSE,235,0.01,,0.55,1.50,168,,183,10
5120,gabapentin,ESI-,DTXCID30856471,FALSE,235,0.01,,0.63,2.00,168,,146,7
5120,gabapentin,ESI-,DTXCID30863983,FALSE,235,0.03,,0.76,1.33,139,,75,11
5120,gabapentin,ESI-,DTXCID30868236,FALSE,235,0.03,,0.92,1.50,115,,19,10
5120,gabapentin,ESI-,DTXCID30870495,FALSE,235,0.03,,0.77,2.00,111,,68,7
5120,gabapentin,ESI-,DTXCID30870854,FALSE,235,0.04,,0.85,0.00,101,,35,13
5120,gabapentin,ESI-,DTXCID30875026,FALSE,235,0.03,,0.69,2.00,144,,111,7
5120,gabapentin,ESI-,DTXCID30893407,FALSE,235,0.06,,0.76,1.50,68,,74,10
5120,gabapentin,ESI-,DTXCID30943092,FALSE,235,0.01,,0.63,1.50,152,,151,10
5120,gabapentin,ESI-,DTXCID30951910,FALSE,235,0.04,,0.78,1.00,85,,66,12
5120,gabapentin,ESI-,DTXCID30952942,FALSE,235,0.03,,0.45,1.50,144,,216,10
5120,gabapentin,ESI-,DTXCID30968028,FALSE,235,0.01,,0.45,1.50,168,,215,10
5120,gabapentin,ESI-,DTXCID30974604,FALSE,235,0.01,,0.63,2.00,158,,149,7
5120,gabapentin,ESI-,DTXCID30977953,FALSE,235,0.01,,0.82,1.50,157,,42,10
5120,gabapentin,ESI-,DTXCID40134999,FALSE,235,0.14,,0.55,2.50,19,,179,6
5120,gabapentin,ESI-,DTXCID401355101,FALSE,235,0.07,,0.68,3.00,51,,116,3
5120,gabapentin,ESI-,DTXCID401364611,FALSE,235,0.05,,0.66,1.00,81,,131,12
5120,gabapentin,ESI-,DTXCID40375244,FALSE,235,0.05,,0.70,3.00,82,,102,3
5120,gabapentin,ESI-,DTXCID40507467,FALSE,235,0.06,,0.96,2.00,69,,14,7
5120,gabapentin,ESI-,DTXCID40605472,FALSE,235,0.01,,0.82,2.00,164,,45,7
5120,gabapentin,ESI-,DTXCID40644144,FALSE,235,0.04,,0.64,2.00,96,,142,7
5120,gabapentin,ESI-,DTXCID40757925,FALSE,235,0.03,,0.59,1.00,144,,168,12
5120,gabapentin,ESI-,DTXCID40867078,FALSE,235,0.01,,0.68,2.00,168,,118,7
5120,gabapentin,ESI-,DTXCID40867356,FALSE,235,0.07,,0.44,1.00,59,,219,12
5120,gabapentin,ESI-,DTXCID40868545,FALSE,235,0.09,,0.61,1.00,39,,158,12
5120,gabapentin,ESI-,DTXCID40868661,FALSE,235,0.08,,0.98,1.00,46,,10,12
5120,gabapentin,ESI-,DTXCID40871690,FALSE,235,0.01,,0.60,2.00,162,,165,7
5120,gabapentin,ESI-,DTXCID40872546,FALSE,235,0.34,,0.65,2.50,6,,137,6
5120,gabapentin,ESI-,DTXCID40876903,FALSE,235,0.05,,0.64,1.50,80,,140,10
5120,gabapentin,ESI-,DTXCID40893796,FALSE,235,0.05,,0.56,2.50,80,,178,6
5120,gabapentin,ESI-,DTXCID40969743,FALSE,235,0.01,,0.87,1.50,168,,29,10
5120,gabapentin,ESI-,DTXCID40971124,FALSE,235,0.01,,0.69,1.50,165,,112,10
5120,gabapentin,ESI-,DTXCID40975602,FALSE,235,0.03,,0.31,1.50,132,,231,10
5120,gabapentin,ESI-,DTXCID40979286,FALSE,235,0.01,,0.73,2.50,149,,87,6
5120,gabapentin,ESI-,DTXCID40991165,FALSE,235,0.03,,0.60,0.00,144,,162,13
5120,gabapentin,ESI-,DTXCID40999742,FALSE,235,0.04,,0.63,1.50,100,,145,10
5120,gabapentin,ESI-,DTXCID501001436,FALSE,235,0.03,,0.62,1.00,144,,156,12
5120,gabapentin,ESI-,DTXCID50119015,FALSE,235,0.14,,0.49,1.33,20,,205,11
5120,gabapentin,ESI-,DTXCID50119419,FALSE,235,0.09,,0.74,1.50,32,,81,10
5120,gabapentin,ESI-,DTXCID501330819,FALSE,235,0.07,,0.89,0.00,56,,22,13
5120,gabapentin,ESI-,DTXCID501449678,FALSE,235,0.03,,0.96,0.00,120,,13,13
5120,gabapentin,ESI-,DTXCID501458857,FALSE,235,0.06,,0.74,0.00,66,,80,13
5120,gabapentin,ESI-,DTXCID50220695,FALSE,235,0.05,,0.49,1.50,80,,204,10
5120,gabapentin,ESI-,DTXCID50229906,FALSE,235,0.14,,0.81,2.00,18,,47,7
5120,gabapentin,ESI-,DTXCID50242079,FALSE,235,0.09,,0.47,1.50,37,,212,10
5120,gabapentin,ESI-,DTXCID50263188,FALSE,235,0.04,,0.53,1.50,108,,193,10
5120,gabapentin,ESI-,DTXCID50326202,FALSE,235,0.12,,0.55,2.00,22,,180,7
5120,gabapentin,ESI-,DTXCID50341192,FALSE,235,0.03,,0.69,1.50,129,,108,10
5120,gabapentin,ESI-,DTXCID50351433,FALSE,235,0.01,,0.69,1.50,148,,113,10
5120,gabapentin,ESI-,DTXCID50395110,FALSE,235,0.06,,0.65,2.00,67,,135,7
5120,gabapentin,ESI-,DTXCID50454690,FALSE,235,0.05,,0.42,1.50,84,,222,10
5120,gabapentin,ESI-,DTXCID50473508,FALSE,235,0.05,,0.87,1.50,76,,31,10
5120,gabapentin,ESI-,DTXCID50569455,FALSE,235,0.03,,0.68,1.67,122,,119,9
5120,gabapentin,ESI-,DTXCID50584961,FALSE,235,0.03,,0.79,2.50,130,,57,6
5120,gabapentin,ESI-,DTXCID50716422,FALSE,235,0.01,,0.65,1.50,168,,136,10
5120,gabapentin,ESI-,DTXCID5074,TRUE,235,7.00,,0.67,2.00,1,,122,7
5120,gabapentin,ESI-,DTXCID50845286,FALSE,235,0.01,,0.75,1.00,168,,78,12
5120,gabapentin,ESI-,DTXCID50845706,FALSE,235,0.01,,0.85,1.50,168,,33,10
5120,gabapentin,ESI-,DTXCID50862337,FALSE,235,0.11,,0.68,2.00,23,,115,7
5120,gabapentin,ESI-,DTXCID50864891,FALSE,235,0.01,,0.69,2.00,166,,107,7
5120,gabapentin,ESI-,DTXCID50868197,FALSE,235,0.01,,0.71,2.00,166,,98,7
5120,gabapentin,ESI-,DTXCID50917356,FALSE,235,0.05,,0.77,1.00,75,,70,12
5120,gabapentin,ESI-,DTXCID50917497,FALSE,235,0.01,,0.54,2.00,168,,188,7
5120,gabapentin,ESI-,DTXCID50938127,FALSE,235,0.01,,0.63,0.00,168,,148,13
5120,gabapentin,ESI-,DTXCID50963015,FALSE,235,0.01,,0.88,3.00,150,,28,3
5120,gabapentin,ESI-,DTXCID601002049,FALSE,235,0.05,,0.67,1.50,77,,126,10
5120,gabapentin,ESI-,DTXCID601077153,FALSE,235,0.01,,0.49,1.50,166,,206,10
5120,gabapentin,ESI-,DTXCID601078418,FALSE,235,0.01,,0.65,1.50,168,,134,10
5120,gabapentin,ESI-,DTXCID60152539,FALSE,235,0.09,,0.61,1.50,40,,157,10
5120,gabapentin,ESI-,DTXCID60234364,FALSE,235,0.06,,0.44,1.50,65,,218,10
5120,gabapentin,ESI-,DTXCID60470245,FALSE,235,0.03,,0.42,1.50,144,,221,10
5120,gabapentin,ESI-,DTXCID60485551,FALSE,235,0.07,,0.98,2.00,55,,11,7
5120,gabapentin,ESI-,DTXCID60515746,FALSE,235,0.03,,0.74,1.50,136,,84,10
5120,gabapentin,ESI-,DTXCID60562073,FALSE,235,0.09,,0.94,2.00,34,,16,7
5120,gabapentin,ESI-,DTXCID60568454,FALSE,235,0.04,,0.33,1.50,89,,230,10
5120,gabapentin,ESI-,DTXCID60575103,FALSE,235,0.08,,0.99,2.50,48,,9,6
5120,gabapentin,ESI-,DTXCID60581582,FALSE,235,0.03,,0.76,1.67,136,,73,9
5120,gabapentin,ESI-,DTXCID60670920,FALSE,235,0.01,,0.77,1.50,160,,72,10
5120,gabapentin,ESI-,DTXCID60839737,FALSE,235,0.06,,0.71,1.00,64,,99,12
5120,gabapentin,ESI-,DTXCID60845297,FALSE,235,0.01,,0.28,2.50,168,,232,6
5120,gabapentin,ESI-,DTXCID60871011,FALSE,235,0.04,,0.54,2.00,105,,190,7
5120,gabapentin,ESI-,DTXCID60882768,FALSE,235,0.08,,0.66,2.00,44,,132,7
5120,gabapentin,ESI-,DTXCID60885113,FALSE,235,0.16,,0.80,2.00,13,,53,7
5120,gabapentin,ESI-,DTXCID60894361,FALSE,235,0.07,,0.78,1.50,52,,63,10
5120,gabapentin,ESI-,DTXCID60941248,FALSE,235,0.03,,0.79,2.50,140,,58,6
5120,gabapentin,ESI-,DTXCID60976297,FALSE,235,0.01,,0.75,1.00,166,,77,12
5120,gabapentin,ESI-,DTXCID60982616,FALSE,235,0.01,,0.58,1.50,168,,170,10
5120,gabapentin,ESI-,DTXCID60996056,FALSE,235,0.01,,0.81,1.00,167,,48,12
5120,gabapentin,ESI-,DTXCID701011221,FALSE,235,0.01,,0.39,1.50,157,,226,10
5120,gabapentin,ESI-,DTXCID70103875,FALSE,235,0.16,,0.67,2.00,14,,123,7
5120,gabapentin,ESI-,DTXCID70121993,FALSE,235,0.27,,0.48,1.33,10,,209,11
5120,gabapentin,ESI-,DTXCID701374780,FALSE,235,0.04,,0.54,1.00,108,,187,12
5120,gabapentin,ESI-,DTXCID701385010,FALSE,235,0.07,,0.59,1.00,49,,166,12
5120,gabapentin,ESI-,DTXCID701404151,FALSE,235,0.08,,0.54,2.00,45,,191,7
5120,gabapentin,ESI-,DTXCID70157636,FALSE,235,0.10,,0.72,1.50,27,,95,10
5120,gabapentin,ESI-,DTXCID70234370,FALSE,235,0.07,,0.46,1.67,50,,214,9
5120,gabapentin,ESI-,DTXCID70404596,FALSE,235,0.12,,0.79,1.50,21,,56,10
5120,gabapentin,ESI-,DTXCID70462914,FALSE,235,0.03,,0.73,1.33,137,,92,11
5120,gabapentin,ESI-,DTXCID70549476,FALSE,235,0.04,,0.64,1.50,95,,143,10
5120,gabapentin,ESI-,DTXCID70680999,FALSE,235,0.04,,0.41,2.00,93,,223,7
5120,gabapentin,ESI-,DTXCID70839642,FALSE,235,0.01,,0.61,1.50,164,,159,10
5120,gabapentin,ESI-,DTXCID70841780,FALSE,235,0.01,,0.60,2.00,168,,164,7
5120,gabapentin,ESI-,DTXCID70872211,FALSE,235,0.03,,0.90,1.00,133,,21,12
5120,gabapentin,ESI-,DTXCID7088023,FALSE,235,0.17,,0.23,1.50,12,,234,10
5120,gabapentin,ESI-,DTXCID70882335,FALSE,235,0.04,,0.68,2.00,106,,117,7
5120,gabapentin,ESI-,DTXCID70936701,FALSE,235,0.01,,0.73,1.00,167,,89,12
5120,gabapentin,ESI-,DTXCID70949235,FALSE,235,0.10,,0.52,1.50,29,,198,10
5120,gabapentin,ESI-,DTXCID70949275,FALSE,235,0.01,,0.39,2.00,165,,227,7
5120,gabapentin,ESI-,DTXCID70950684,FALSE,235,0.01,,0.50,2.00,147,,203,7
5120,gabapentin,ESI-,DTXCID70951414,FALSE,235,0.04,,0.47,1.50,88,,213,10
5120,gabapentin,ESI-,DTXCID70966649,FALSE,235,0.04,,0.40,1.50,91,,225,10
5120,gabapentin,ESI-,DTXCID70984141,FALSE,235,0.01,,0.56,2.00,154,,175,7
5120,gabapentin,ESI-,DTXCID801002376,FALSE,235,0.04,,0.70,1.50,90,,104,10
5120,gabapentin,ESI-,DTXCID801002619,FALSE,235,0.06,,0.72,1.00,73,,93,12
5120,gabapentin,ESI-,DTXCID801317212,FALSE,235,0.01,,0.58,1.50,168,,171,10
5120,gabapentin,ESI-,DTXCID801335244,FALSE,235,0.04,,0.44,3.00,108,,220,3
5120,gabapentin,ESI-,DTXCID80136735,FALSE,235,0.05,,0.50,1.50,79,,202,10
5120,gabapentin,ESI-,DTXCID801433216,FALSE,235,0.05,,0.82,0.00,80,,44,13
5120,gabapentin,ESI-,DTXCID80340597,FALSE,235,0.39,,0.94,1.88,4,,17,8
5120,gabapentin,ESI-,DTXCID80350353,FALSE,235,0.03,,0.77,1.00,125,,67,12
5120,gabapentin,ESI-,DTXCID80359942,FALSE,235,0.09,,0.76,1.67,36,,76,9
5120,gabapentin,ESI-,DTXCID80422903,FALSE,235,0.09,,0.69,1.50,31,,114,10
5120,gabapentin,ESI-,DTXCID80543566,FALSE,235,0.03,,0.80,2.00,110,,55,7
5120,gabapentin,ESI-,DTXCID80549124,FALSE,235,0.06,,0.81,2.00,60,,46,7
5120,gabapentin,ESI-,DTXCID80617695,FALSE,235,0.04,,0.35,1.67,87,,229,9
5120,gabapentin,ESI-,DTXCID80803374,FALSE,235,0.01,,,1.50,168,,,10
5120,gabapentin,ESI-,DTXCID80834047,FALSE,235,0.03,,0.57,2.00,121,,174,7
5120,gabapentin,ESI-,DTXCID80865154,FALSE,235,0.01,,0.67,1.00,167,,128,12
5120,gabapentin,ESI-,DTXCID80867072,FALSE,235,0.01,,0.67,0.00,168,,125,13
5120,gabapentin,ESI-,DTXCID80916312,FALSE,235,0.01,,0.88,1.50,166,,26,10
5120,gabapentin,ESI-,DTXCID80955867,FALSE,235,0.05,,0.85,1.00,78,,34,12
5120,gabapentin,ESI-,DTXCID80974417,FALSE,235,0.01,,0.83,1.50,168,,40,10
5120,gabapentin,ESI-,DTXCID80978036,FALSE,235,0.03,,0.79,1.50,116,,59,10
5120,gabapentin,ESI-,DTXCID901004406,FALSE,235,0.03,,0.51,1.50,144,,200,10
5120,gabapentin,ESI-,DTXCID901010312,FALSE,235,0.06,,0.67,1.50,70,,127,10
5120,gabapentin,ESI-,DTXCID90112383,FALSE,235,1.96,,1.22,3.50,2,,1,2
5120,gabapentin,ESI-,DTXCID901330835,FALSE,235,0.04,,0.83,0.00,86,,39,13
5120,gabapentin,ESI-,DTXCID901361331,FALSE,235,0.06,,0.57,0.00,61,,173,13
5120,gabapentin,ESI-,DTXCID901373483,FALSE,235,0.04,,0.52,2.00,108,,196,7
5120,gabapentin,ESI-,DTXCID90246470,FALSE,235,0.04,,0.47,1.50,94,,210,10
5120,gabapentin,ESI-,DTXCID90291768,FALSE,235,0.14,,0.66,1.50,17,,133,10
5120,gabapentin,ESI-,DTXCID9030462,FALSE,235,1.03,,0.55,4.00,3,,184,1
5120,gabapentin,ESI-,DTXCID9036353,FALSE,235,0.28,,0.74,2.50,8,,83,6
5120,gabapentin,ESI-,DTXCID90386789,FALSE,235,0.11,,0.55,1.50,24,,182,10
5120,gabapentin,ESI-,DTXCID90411262,FALSE,235,0.09,,0.27,1.50,38,,233,10
5120,gabapentin,ESI-,DTXCID90523293,FALSE,235,0.04,,0.83,1.00,103,,41,12
5120,gabapentin,ESI-,DTXCID90581419,FALSE,235,0.03,,0.55,1.67,140,,185,9
5120,gabapentin,ESI-,DTXCID90602017,FALSE,235,0.03,,0.63,2.00,117,,147,7
5120,gabapentin,ESI-,DTXCID90662792,FALSE,235,0.01,,0.88,2.00,162,,27,7
5120,gabapentin,ESI-,DTXCID90825981,FALSE,235,0.05,,0.81,1.00,74,,49,12
5120,gabapentin,ESI-,DTXCID90841525,FALSE,235,0.01,,0.55,2.00,166,,186,7
5120,gabapentin,ESI-,DTXCID90870815,FALSE,235,0.01,,0.68,0.00,163,,121,13
5120,gabapentin,ESI-,DTXCID90872359,FALSE,235,0.04,,0.77,2.00,109,,71,7
5120,gabapentin,ESI-,DTXCID90882716,FALSE,235,0.04,,0.85,2.50,102,,36,6
5120,gabapentin,ESI-,DTXCID90890053,FALSE,235,0.01,,0.78,2.00,151,,61,7
5120,gabapentin,ESI-,DTXCID90947051,FALSE,235,0.04,,0.72,1.00,107,,94,12
5120,gabapentin,ESI-,DTXCID90950686,FALSE,235,0.01,,0.74,3.00,168,,79,3
5120,gabapentin,ESI-,DTXCID90950782,FALSE,235,0.03,,0.56,1.00,126,,176,12
5120,gabapentin,ESI-,DTXCID90972929,FALSE,235,0.01,,0.73,1.50,161,,88,10
5136,theophylline,ESI-,DTXCID001084764,FALSE,93,0.01,0.79,0.52,0.00,49,26,68,12
5136,theophylline,ESI-,DTXCID001336,TRUE,93,3.46,1.41,1.07,6.00,3,1,10,1
5136,theophylline,ESI-,DTXCID00716573,FALSE,93,0.00,0.57,0.75,1.50,66,55,37,9
5136,theophylline,ESI-,DTXCID00860429,FALSE,93,0.00,0.46,0.53,1.50,60,63,66,9
5136,theophylline,ESI-,DTXCID00887393,FALSE,93,0.00,0.44,0.80,3.00,66,64,26,3
5136,theophylline,ESI-,DTXCID00903542,FALSE,93,0.00,,,1.50,67,,,9
5136,theophylline,ESI-,DTXCID101329870,FALSE,93,0.01,1.22,1.10,3.00,25,6,9,3
5136,theophylline,ESI-,DTXCID10196988,FALSE,93,5.02,,0.67,2.00,1,,44,7
5136,theophylline,ESI-,DTXCID10210315,FALSE,93,1.83,,0.19,2.63,4,,83,5
5136,theophylline,ESI-,DTXCID10278930,FALSE,93,0.01,0.82,0.70,1.00,29,23,41,11
5136,theophylline,ESI-,DTXCID10493565,FALSE,93,0.00,0.53,0.53,1.00,58,58,65,11
5136,theophylline,ESI-,DTXCID10568762,FALSE,93,0.01,0.78,0.68,2.00,52,27,43,7
5136,theophylline,ESI-,DTXCID10688994,FALSE,93,0.00,0.65,0.77,0.00,65,44,33,12
5136,theophylline,ESI-,DTXCID10716589,FALSE,93,0.00,0.67,0.70,1.50,66,42,42,9
5136,theophylline,ESI-,DTXCID10739132,FALSE,93,0.00,0.61,0.46,1.00,58,50,72,11
5136,theophylline,ESI-,DTXCID10813901,FALSE,93,0.02,,0.29,1.00,16,,79,11
5136,theophylline,ESI-,DTXCID10997715,FALSE,93,0.00,0.78,0.96,1.00,64,29,14,11
5136,theophylline,ESI-,DTXCID2030853,FALSE,93,1.04,1.29,0.91,1.50,7,3,19,9
5136,theophylline,ESI-,DTXCID20887158,FALSE,93,0.00,1.04,0.78,1.50,66,13,29,9
5136,theophylline,ESI-,DTXCID20985840,FALSE,93,0.00,0.68,1.35,0.00,66,40,3,12
5136,theophylline,ESI-,DTXCID301318958,FALSE,93,0.04,,0.10,1.00,10,,86,11
5136,theophylline,ESI-,DTXCID301397358,FALSE,93,0.00,0.44,0.55,1.00,62,65,61,11
5136,theophylline,ESI-,DTXCID301420442,FALSE,93,0.01,1.26,0.93,1.00,35,4,16,11
5136,theophylline,ESI-,DTXCID30209261,FALSE,93,0.33,,0.64,2.00,9,,51,7
5136,theophylline,ESI-,DTXCID30279146,FALSE,93,0.01,0.46,0.54,1.00,40,62,64,11
5136,theophylline,ESI-,DTXCID30292471,FALSE,93,0.02,0.50,0.55,1.00,21,60,63,11
5136,theophylline,ESI-,DTXCID30353612,FALSE,93,0.01,0.69,0.84,0.00,38,37,22,12
5136,theophylline,ESI-,DTXCID30359477,FALSE,93,0.01,1.12,0.98,1.50,44,8,13,9
5136,theophylline,ESI-,DTXCID30495667,FALSE,93,0.01,0.79,0.82,1.50,45,25,23,9
5136,theophylline,ESI-,DTXCID30527154,FALSE,93,0.00,,0.62,1.50,60,,54,9
5136,theophylline,ESI-,DTXCID30705132,FALSE,93,0.00,,,1.50,66,,,9
5136,theophylline,ESI-,DTXCID30740462,FALSE,93,0.00,0.64,0.75,1.00,66,47,36,11
5136,theophylline,ESI-,DTXCID30765458,FALSE,93,0.00,0.33,0.95,1.50,61,69,15,9
5136,theophylline,ESI-,DTXCID401319654,FALSE,93,0.01,0.62,0.65,1.00,54,48,48,11
5136,theophylline,ESI-,DTXCID401456822,FALSE,93,0.01,,0.59,1.00,36,,58,11
5136,theophylline,ESI-,DTXCID4020165,FALSE,93,0.03,,0.51,2.67,13,,69,4
5136,theophylline,ESI-,DTXCID40202844,FALSE,93,3.92,,0.19,2.50,2,,82,6
5136,theophylline,ESI-,DTXCID40220109,FALSE,93,0.01,,,1.00,51,,,11
5136,theophylline,ESI-,DTXCID40264088,FALSE,93,0.03,0.58,0.59,2.00,14,52,57,7
5136,theophylline,ESI-,DTXCID40438984,FALSE,93,0.00,0.71,0.59,1.50,66,35,59,9
5136,theophylline,ESI-,DTXCID40497632,FALSE,93,0.01,0.33,0.26,1.00,53,67,80,11
5136,theophylline,ESI-,DTXCID40619852,FALSE,93,0.00,1.20,0.42,1.33,58,7,73,10
5136,theophylline,ESI-,DTXCID40766037,FALSE,93,0.00,0.83,0.50,1.50,62,21,70,9
5136,theophylline,ESI-,DTXCID40952413,FALSE,93,0.01,1.07,0.77,1.00,54,11,30,11
5136,theophylline,ESI-,DTXCID50109214,FALSE,93,0.02,1.32,0.87,1.50,17,2,20,9
5136,theophylline,ESI-,DTXCID501400515,FALSE,93,0.00,0.93,1.38,1.00,62,17,2,11
5136,theophylline,ESI-,DTXCID501453988,FALSE,93,0.01,0.70,0.75,1.00,41,36,38,11
5136,theophylline,ESI-,DTXCID50217484,FALSE,93,0.02,,0.21,1.50,23,,81,9
5136,theophylline,ESI-,DTXCID50232071,FALSE,93,0.01,0.72,0.52,1.00,32,33,67,11
5136,theophylline,ESI-,DTXCID50396142,FALSE,93,0.01,0.83,1.40,1.00,47,22,1,11
5136,theophylline,ESI-,DTXCID50508703,FALSE,93,0.01,,0.91,1.50,53,,18,9
5136,theophylline,ESI-,DTXCID506132,FALSE,93,1.14,1.03,0.74,4.28,6,14,40,2
5136,theophylline,ESI-,DTXCID50682153,FALSE,93,0.00,0.42,0.55,2.00,55,66,62,7
5136,theophylline,ESI-,DTXCID50861087,FALSE,93,0.00,,0.11,1.50,65,,85,9
5136,theophylline,ESI-,DTXCID50984528,FALSE,93,0.00,0.97,0.65,0.00,62,15,49,12
5136,theophylline,ESI-,DTXCID601113078,FALSE,93,0.00,0.78,0.66,0.00,62,30,46,12
5136,theophylline,ESI-,DTXCID601176509,FALSE,93,0.01,0.64,0.38,1.00,28,45,75,11
5136,theophylline,ESI-,DTXCID601317711,FALSE,93,0.01,0.33,,1.50,39,68,,9
5136,theophylline,ESI-,DTXCID601374125,FALSE,93,0.01,,0.67,1.00,26,,45,11
5136,theophylline,ESI-,DTXCID601480380,FALSE,93,0.00,,,1.00,62,,,11
5136,theophylline,ESI-,DTXCID601490381,FALSE,93,0.02,,,3.00,18,,,3
5136,theophylline,ESI-,DTXCID60250488,FALSE,93,0.01,0.64,0.37,1.00,37,46,77,11
5136,theophylline,ESI-,DTXCID60276784,FALSE,93,0.02,0.77,0.74,1.00,22,31,39,11
5136,theophylline,ESI-,DTXCID60418304,FALSE,93,0.00,0.71,0.66,1.00,62,34,47,11
5136,theophylline,ESI-,DTXCID6088901,FALSE,93,0.02,1.06,0.86,1.50,15,12,21,9
5136,theophylline,ESI-,DTXCID60931543,FALSE,93,0.00,0.56,0.49,0.00,66,56,71,12
5136,theophylline,ESI-,DTXCID701019487,FALSE,93,0.03,,0.30,1.00,12,,78,11
5136,theophylline,ESI-,DTXCID701423274,FALSE,93,0.00,,0.12,1.00,67,,84,11
5136,theophylline,ESI-,DTXCID70209260,FALSE,93,0.60,,0.65,1.50,8,,50,9
5136,theophylline,ESI-,DTXCID70255444,FALSE,93,0.01,0.47,0.77,1.00,54,61,34,11
5136,theophylline,ESI-,DTXCID70279509,FALSE,93,0.01,0.60,0.76,1.50,33,51,35,9
5136,theophylline,ESI-,DTXCID70630232,FALSE,93,0.01,1.22,1.03,1.00,50,5,11,11
5136,theophylline,ESI-,DTXCID7065257,FALSE,93,1.77,,1.19,2.50,5,,5,6
5136,theophylline,ESI-,DTXCID70740461,FALSE,93,0.01,0.65,0.80,1.00,43,43,25,11
5136,theophylline,ESI-,DTXCID70869181,FALSE,93,0.00,1.07,1.17,0.00,63,10,6,12
5136,theophylline,ESI-,DTXCID80116138,FALSE,93,0.02,0.54,0.81,1.78,19,57,24,8
5136,theophylline,ESI-,DTXCID801296670,FALSE,93,0.00,0.72,0.37,1.50,66,32,76,9
5136,theophylline,ESI-,DTXCID80131447,FALSE,93,0.01,0.68,0.77,1.50,46,39,32,9
5136,theophylline,ESI-,DTXCID80211955,FALSE,93,0.02,0.78,0.77,1.00,20,28,31,11
5136,theophylline,ESI-,DTXCID80278083,FALSE,93,0.01,0.51,0.60,1.00,24,59,56,11
5136,theophylline,ESI-,DTXCID80542796,FALSE,93,0.01,0.91,0.93,1.00,30,18,17,11
5136,theophylline,ESI-,DTXCID80659636,FALSE,93,0.01,0.67,0.55,0.00,31,41,60,12
5136,theophylline,ESI-,DTXCID80679652,FALSE,93,0.00,0.58,0.61,2.00,56,53,55,7
5136,theophylline,ESI-,DTXCID80942934,FALSE,93,0.01,0.94,1.15,0.00,42,16,8,12
5136,theophylline,ESI-,DTXCID80985841,FALSE,93,0.00,0.69,1.22,0.00,66,38,4,12
5136,theophylline,ESI-,DTXCID90130264,FALSE,93,0.03,0.88,1.16,2.50,11,19,7,6
5136,theophylline,ESI-,DTXCID901309222,FALSE,93,0.01,0.84,0.39,1.00,48,20,74,11
5136,theophylline,ESI-,DTXCID901341834,FALSE,93,0.00,,0.06,1.00,59,,87,11
5136,theophylline,ESI-,DTXCID901373233,FALSE,93,0.01,0.61,0.79,1.00,34,49,27,11
5136,theophylline,ESI-,DTXCID90530523,FALSE,93,0.01,0.81,0.63,2.00,27,24,52,7
5136,theophylline,ESI-,DTXCID90765459,FALSE,93,0.00,0.57,0.78,1.00,62,54,28,11
5136,theophylline,ESI-,DTXCID90822814,FALSE,93,0.00,1.07,0.98,1.00,57,9,12,11
5136,theophylline,ESI-,DTXCID90996428,FALSE,93,0.00,,0.63,2.00,65,,53,7
5167,ibuprofen,ESI-,DTXCID001009035,FALSE,368,0.04,,0.54,2.50,114,,271,17
5167,ibuprofen,ESI-,DTXCID001010222,FALSE,368,0.03,,0.90,1.50,147,,86,30
5167,ibuprofen,ESI-,DTXCID001026257,FALSE,368,0.04,,0.60,3.00,105,,246,6
5167,ibuprofen,ESI-,DTXCID001041754,FALSE,368,0.01,,0.60,2.50,230,,242,17
5167,ibuprofen,ESI-,DTXCID001042033,FALSE,368,0.01,,0.53,2.50,230,,278,17
5167,ibuprofen,ESI-,DTXCID001375694,FALSE,368,0.01,,0.85,3.00,219,,107,6
5167,ibuprofen,ESI-,DTXCID001396456,FALSE,368,0.15,,0.72,3.00,22,,177,6
5167,ibuprofen,ESI-,DTXCID001423316,FALSE,368,0.04,,0.54,1.00,103,,272,32
5167,ibuprofen,ESI-,DTXCID001440671,FALSE,368,0.01,,1.49,2.00,219,,17,23
5167,ibuprofen,ESI-,DTXCID001464782,FALSE,368,0.03,,0.89,1.00,152,,88,32
5167,ibuprofen,ESI-,DTXCID00229754,FALSE,368,0.06,,0.56,1.50,64,,266,30
5167,ibuprofen,ESI-,DTXCID00237652,FALSE,368,0.02,,0.52,1.50,189,,283,30
5167,ibuprofen,ESI-,DTXCID0024501,FALSE,368,0.34,,0.38,1.97,9,,360,24
5167,ibuprofen,ESI-,DTXCID0027567,FALSE,368,0.30,,0.39,2.78,11,,357,8
5167,ibuprofen,ESI-,DTXCID00293152,FALSE,368,0.09,,0.77,2.33,37,,140,20
5167,ibuprofen,ESI-,DTXCID00307809,FALSE,368,0.03,,0.48,2.00,136,,308,23
5167,ibuprofen,ESI-,DTXCID0031001,FALSE,368,0.08,,0.45,2.00,41,,331,23
5167,ibuprofen,ESI-,DTXCID00323382,FALSE,368,0.03,,1.71,1.50,121,,2,30
5167,ibuprofen,ESI-,DTXCID00343560,FALSE,368,0.03,,0.77,1.33,141,,144,31
5167,ibuprofen,ESI-,DTXCID00384978,FALSE,368,0.01,,0.45,2.50,217,,332,17
5167,ibuprofen,ESI-,DTXCID00387863,FALSE,368,0.01,,0.99,2.50,196,,55,17
5167,ibuprofen,ESI-,DTXCID00397644,FALSE,368,0.06,,0.44,1.50,66,,335,30
5167,ibuprofen,ESI-,DTXCID00413813,FALSE,368,0.03,,0.64,1.50,145,,230,30
5167,ibuprofen,ESI-,DTXCID0041775,FALSE,368,0.11,,0.48,1.50,30,,312,30
5167,ibuprofen,ESI-,DTXCID00424580,FALSE,368,0.03,,0.76,1.50,122,,153,30
5167,ibuprofen,ESI-,DTXCID0042955,FALSE,368,0.04,,0.45,1.50,81,,327,30
5167,ibuprofen,ESI-,DTXCID0045620,FALSE,368,0.09,,0.48,3.36,36,,310,5
5167,ibuprofen,ESI-,DTXCID0045967,FALSE,368,0.05,,0.56,2.67,80,,261,11
5167,ibuprofen,ESI-,DTXCID00554492,FALSE,368,0.01,,0.39,2.00,215,,358,23
5167,ibuprofen,ESI-,DTXCID00571543,FALSE,368,0.03,,0.98,2.00,131,,58,23
5167,ibuprofen,ESI-,DTXCID00682901,FALSE,368,0.03,,0.43,2.00,144,,338,23
5167,ibuprofen,ESI-,DTXCID00776076,FALSE,368,0.01,,0.77,3.00,230,,141,6
5167,ibuprofen,ESI-,DTXCID00804944,FALSE,368,0.02,,0.40,1.50,189,,352,30
5167,ibuprofen,ESI-,DTXCID00815919,FALSE,368,0.47,,0.39,3.50,6,,356,4
5167,ibuprofen,ESI-,DTXCID00846824,FALSE,368,0.01,,0.49,2.00,230,,302,23
5167,ibuprofen,ESI-,DTXCID00849496,FALSE,368,0.01,,0.69,2.50,204,,198,17
5167,ibuprofen,ESI-,DTXCID00860964,FALSE,368,0.01,,0.86,1.50,219,,102,30
5167,ibuprofen,ESI-,DTXCID00862105,FALSE,368,0.04,,0.98,1.50,101,,60,30
5167,ibuprofen,ESI-,DTXCID00867670,FALSE,368,0.01,,0.76,2.00,227,,150,23
5167,ibuprofen,ESI-,DTXCID00867877,FALSE,368,0.01,,0.73,2.33,206,,169,20
5167,ibuprofen,ESI-,DTXCID00877198,FALSE,368,0.01,,0.65,1.50,219,,228,30
5167,ibuprofen,ESI-,DTXCID00877411,FALSE,368,0.05,,1.53,2.50,79,,14,17
5167,ibuprofen,ESI-,DTXCID00926857,FALSE,368,0.01,,0.69,1.50,230,,194,30
5167,ibuprofen,ESI-,DTXCID00937685,FALSE,368,0.01,,0.76,2.00,230,,149,23
5167,ibuprofen,ESI-,DTXCID00951144,FALSE,368,0.05,,0.53,2.50,77,,279,17
5167,ibuprofen,ESI-,DTXCID00954973,FALSE,368,0.04,,0.94,1.50,116,,71,30
5167,ibuprofen,ESI-,DTXCID00955344,FALSE,368,0.03,,1.47,2.50,132,,18,17
5167,ibuprofen,ESI-,DTXCID00970173,FALSE,368,0.01,,0.51,1.50,229,,295,30
5167,ibuprofen,ESI-,DTXCID00979207,FALSE,368,0.01,,0.80,1.50,230,,131,30
5167,ibuprofen,ESI-,DTXCID00979823,FALSE,368,0.01,,0.84,2.50,230,,110,17
5167,ibuprofen,ESI-,DTXCID101047236,FALSE,368,0.01,,0.43,2.00,230,,340,23
5167,ibuprofen,ESI-,DTXCID10126720,FALSE,368,0.02,,0.84,2.50,163,,109,17
5167,ibuprofen,ESI-,DTXCID101370673,FALSE,368,0.01,,0.94,0.00,216,,74,33
5167,ibuprofen,ESI-,DTXCID101376790,FALSE,368,0.06,,0.49,2.67,54,,305,11
5167,ibuprofen,ESI-,DTXCID101395194,FALSE,368,0.01,,1.43,3.00,217,,23,6
5167,ibuprofen,ESI-,DTXCID101395687,FALSE,368,0.02,,1.44,3.00,185,,22,6
5167,ibuprofen,ESI-,DTXCID10229260,FALSE,368,0.04,,0.42,1.50,94,,343,30
5167,ibuprofen,ESI-,DTXCID10229402,FALSE,368,0.02,,0.48,2.50,186,,313,17
5167,ibuprofen,ESI-,DTXCID10235023,FALSE,368,0.05,,0.57,1.50,75,,257,30
5167,ibuprofen,ESI-,DTXCID10285609,FALSE,368,0.10,,1.31,2.50,31,,37,17
5167,ibuprofen,ESI-,DTXCID10291260,FALSE,368,0.04,,0.50,2.50,108,,300,17
5167,ibuprofen,ESI-,DTXCID10347054,FALSE,368,0.01,,0.72,1.50,218,,178,30
5167,ibuprofen,ESI-,DTXCID10357830,FALSE,368,0.02,,1.70,2.33,169,,3,20
5167,ibuprofen,ESI-,DTXCID10357875,FALSE,368,0.05,,1.23,2.33,74,,40,20
5167,ibuprofen,ESI-,DTXCID1037488,FALSE,368,0.07,,0.79,3.00,48,,133,6
5167,ibuprofen,ESI-,DTXCID10394220,FALSE,368,0.02,,0.45,1.50,157,,330,30
5167,ibuprofen,ESI-,DTXCID10401706,FALSE,368,0.03,,1.68,1.50,151,,4,30
5167,ibuprofen,ESI-,DTXCID10452137,FALSE,368,0.03,,0.68,1.50,152,,206,30
5167,ibuprofen,ESI-,DTXCID1047609,FALSE,368,0.13,,0.55,2.63,26,,269,12
5167,ibuprofen,ESI-,DTXCID10513732,FALSE,368,0.01,,0.88,1.50,194,,93,30
5167,ibuprofen,ESI-,DTXCID10523391,FALSE,368,0.02,,0.90,1.50,188,,87,30
5167,ibuprofen,ESI-,DTXCID10541717,FALSE,368,0.02,,0.75,2.50,170,,157,17
5167,ibuprofen,ESI-,DTXCID10585853,FALSE,368,0.01,,0.71,2.00,192,,182,23
5167,ibuprofen,ESI-,DTXCID10593170,FALSE,368,0.02,,0.87,2.50,188,,101,17
5167,ibuprofen,ESI-,DTXCID10686531,FALSE,368,0.01,,1.36,2.00,205,,29,23
5167,ibuprofen,ESI-,DTXCID1069586,FALSE,368,0.09,,0.81,2.83,39,,128,7
5167,ibuprofen,ESI-,DTXCID10720641,FALSE,368,0.01,,0.56,2.50,219,,263,17
5167,ibuprofen,ESI-,DTXCID10721875,FALSE,368,0.03,,0.42,1.50,134,,341,30
5167,ibuprofen,ESI-,DTXCID10743759,FALSE,368,0.01,,1.11,2.50,219,,46,17
5167,ibuprofen,ESI-,DTXCID10760461,FALSE,368,0.02,,1.33,2.50,159,,34,17
5167,ibuprofen,ESI-,DTXCID10811745,FALSE,368,0.13,,0.71,1.67,27,,183,29
5167,ibuprofen,ESI-,DTXCID10814251,FALSE,368,0.04,,0.88,2.25,84,,94,21
5167,ibuprofen,ESI-,DTXCID10868552,FALSE,368,0.03,,0.56,1.50,136,,262,30
5167,ibuprofen,ESI-,DTXCID10878196,FALSE,368,0.01,,0.74,2.50,218,,161,17
5167,ibuprofen,ESI-,DTXCID10901251,FALSE,368,0.01,,0.82,1.50,230,,125,30
5167,ibuprofen,ESI-,DTXCID10926762,FALSE,368,0.01,,0.95,2.50,230,,67,17
5167,ibuprofen,ESI-,DTXCID10928504,FALSE,368,0.01,,0.65,2.50,225,,223,17
5167,ibuprofen,ESI-,DTXCID10936169,FALSE,368,0.01,,0.65,2.50,219,,225,17
5167,ibuprofen,ESI-,DTXCID10957410,FALSE,368,0.01,,1.38,2.50,205,,24,17
5167,ibuprofen,ESI-,DTXCID10971737,FALSE,368,0.02,,0.47,2.50,190,,318,17
5167,ibuprofen,ESI-,DTXCID10979157,FALSE,368,0.01,,0.83,1.50,230,,119,30
5167,ibuprofen,ESI-,DTXCID201000322,FALSE,368,0.01,,0.43,2.50,230,,337,17
5167,ibuprofen,ESI-,DTXCID201043099,FALSE,368,0.01,,0.89,2.50,230,,91,17
5167,ibuprofen,ESI-,DTXCID201384079,FALSE,368,0.05,,0.48,3.00,73,,311,6
5167,ibuprofen,ESI-,DTXCID20233691,FALSE,368,0.03,,0.44,1.50,127,,334,30
5167,ibuprofen,ESI-,DTXCID20292748,FALSE,368,0.03,,0.68,1.50,135,,203,30
5167,ibuprofen,ESI-,DTXCID2030067,FALSE,368,0.20,,0.57,1.92,15,,258,26
5167,ibuprofen,ESI-,DTXCID2030726,FALSE,368,0.10,,0.89,2.24,32,,92,22
5167,ibuprofen,ESI-,DTXCID2030934,FALSE,368,0.13,,0.45,1.96,25,,328,25
5167,ibuprofen,ESI-,DTXCID2032764,FALSE,368,0.30,,0.68,1.92,12,,201,26
5167,ibuprofen,ESI-,DTXCID20384596,FALSE,368,0.04,,0.68,1.50,110,,208,30
5167,ibuprofen,ESI-,DTXCID20421859,FALSE,368,0.01,,1.07,1.50,213,,47,30
5167,ibuprofen,ESI-,DTXCID2046543,FALSE,368,0.19,,0.54,2.67,17,,274,11
5167,ibuprofen,ESI-,DTXCID20494503,FALSE,368,0.03,,0.95,1.50,151,,66,30
5167,ibuprofen,ESI-,DTXCID20542694,FALSE,368,0.01,,0.63,1.50,209,,233,30
5167,ibuprofen,ESI-,DTXCID20617992,FALSE,368,0.03,,0.76,1.50,152,,152,30
5167,ibuprofen,ESI-,DTXCID20703349,FALSE,368,0.01,,0.82,1.50,219,,124,30
5167,ibuprofen,ESI-,DTXCID20709902,FALSE,368,0.01,,0.65,1.50,219,,229,30
5167,ibuprofen,ESI-,DTXCID20758692,FALSE,368,0.01,,0.99,2.50,230,,54,17
5167,ibuprofen,ESI-,DTXCID20813912,FALSE,368,0.24,,0.93,2.67,13,,75,11
5167,ibuprofen,ESI-,DTXCID20880326,FALSE,368,0.02,,0.55,2.50,165,,268,17
5167,ibuprofen,ESI-,DTXCID20917409,FALSE,368,0.04,,0.98,2.50,102,,56,17
5167,ibuprofen,ESI-,DTXCID20942918,FALSE,368,0.04,,0.87,2.50,90,,98,17
5167,ibuprofen,ESI-,DTXCID20945000,FALSE,368,0.04,,0.52,1.50,109,,284,30
5167,ibuprofen,ESI-,DTXCID20947786,FALSE,368,0.04,,1.13,2.00,106,,45,23
5167,ibuprofen,ESI-,DTXCID20957820,FALSE,368,0.02,,0.76,2.00,160,,151,23
5167,ibuprofen,ESI-,DTXCID20967707,FALSE,368,0.01,,0.78,2.50,230,,138,17
5167,ibuprofen,ESI-,DTXCID20968537,FALSE,368,0.01,,0.86,2.50,230,,105,17
5167,ibuprofen,ESI-,DTXCID20973282,FALSE,368,0.01,,0.59,2.50,216,,250,17
5167,ibuprofen,ESI-,DTXCID20980254,FALSE,368,0.02,,0.68,1.50,159,,205,30
5167,ibuprofen,ESI-,DTXCID301002402,FALSE,368,0.01,,0.85,2.50,230,,108,17
5167,ibuprofen,ESI-,DTXCID301027111,FALSE,368,0.03,,0.66,0.00,156,,217,33
5167,ibuprofen,ESI-,DTXCID301027230,FALSE,368,0.04,,0.42,0.00,86,,342,33
5167,ibuprofen,ESI-,DTXCID301047199,FALSE,368,0.01,,1.01,2.50,230,,52,17
5167,ibuprofen,ESI-,DTXCID301340802,FALSE,368,0.08,,1.53,0.00,42,,13,33
5167,ibuprofen,ESI-,DTXCID301359017,FALSE,368,0.03,,0.78,1.50,148,,139,30
5167,ibuprofen,ESI-,DTXCID301373342,FALSE,368,0.05,,1.07,2.50,78,,48,17
5167,ibuprofen,ESI-,DTXCID301397510,FALSE,368,0.06,,0.59,2.00,59,,253,23
5167,ibuprofen,ESI-,DTXCID301485779,FALSE,368,0.01,,,2.00,230,,,23
5167,ibuprofen,ESI-,DTXCID30234038,FALSE,368,0.04,,1.64,1.50,96,,7,30
5167,ibuprofen,ESI-,DTXCID30235808,FALSE,368,0.01,,0.47,1.50,217,,319,30
5167,ibuprofen,ESI-,DTXCID30275466,FALSE,368,0.05,,1.36,2.50,72,,28,17
5167,ibuprofen,ESI-,DTXCID30336642,FALSE,368,0.04,,1.55,1.50,95,,10,30
5167,ibuprofen,ESI-,DTXCID3034539,FALSE,368,1.01,,0.43,2.41,4,,339,19
5167,ibuprofen,ESI-,DTXCID30452139,FALSE,368,0.03,,0.69,1.50,150,,197,30
5167,ibuprofen,ESI-,DTXCID30461589,FALSE,368,0.02,,1.00,1.67,181,,53,29
5167,ibuprofen,ESI-,DTXCID30464530,FALSE,368,0.02,,0.95,2.50,190,,68,17
5167,ibuprofen,ESI-,DTXCID30544346,FALSE,368,0.03,,1.64,2.67,138,,6,11
5167,ibuprofen,ESI-,DTXCID30583997,FALSE,368,0.02,,0.71,2.00,166,,181,23
5167,ibuprofen,ESI-,DTXCID30591299,FALSE,368,0.01,,1.35,2.50,219,,30,17
5167,ibuprofen,ESI-,DTXCID30593172,FALSE,368,0.01,,0.88,2.50,214,,95,17
5167,ibuprofen,ESI-,DTXCID30815124,FALSE,368,0.06,,0.32,1.67,55,,362,29
5167,ibuprofen,ESI-,DTXCID30815386,FALSE,368,0.18,,0.71,1.88,19,,184,27
5167,ibuprofen,ESI-,DTXCID30817229,FALSE,368,0.04,,0.49,3.00,105,,303,6
5167,ibuprofen,ESI-,DTXCID30869884,FALSE,368,0.01,,0.56,2.00,191,,265,23
5167,ibuprofen,ESI-,DTXCID30878774,FALSE,368,0.02,,0.92,2.50,181,,77,17
5167,ibuprofen,ESI-,DTXCID30914045,FALSE,368,0.02,,0.74,2.50,174,,163,17
5167,ibuprofen,ESI-,DTXCID30917258,FALSE,368,0.01,,0.53,2.50,230,,276,17
5167,ibuprofen,ESI-,DTXCID30928566,FALSE,368,0.01,,1.05,2.50,230,,50,17
5167,ibuprofen,ESI-,DTXCID30937118,FALSE,368,0.03,,0.96,1.50,153,,64,30
5167,ibuprofen,ESI-,DTXCID30986106,FALSE,368,0.01,,0.60,2.00,212,,245,23
5167,ibuprofen,ESI-,DTXCID30997035,FALSE,368,0.02,,0.87,2.00,188,,100,23
5167,ibuprofen,ESI-,DTXCID401000059,FALSE,368,0.01,,0.71,2.50,229,,180,17
5167,ibuprofen,ESI-,DTXCID401007617,FALSE,368,0.02,,0.46,1.50,181,,323,30
5167,ibuprofen,ESI-,DTXCID401012587,FALSE,368,0.02,,0.75,0.00,164,,154,33
5167,ibuprofen,ESI-,DTXCID401046425,FALSE,368,0.01,,0.81,3.00,230,,126,6
5167,ibuprofen,ESI-,DTXCID401048126,FALSE,368,0.01,,0.65,2.00,230,,224,23
5167,ibuprofen,ESI-,DTXCID401390979,FALSE,368,0.01,,0.75,3.00,219,,159,6
5167,ibuprofen,ESI-,DTXCID401397268,FALSE,368,0.03,,0.54,1.00,143,,270,32
5167,ibuprofen,ESI-,DTXCID401398442,FALSE,368,0.06,,1.50,3.00,56,,16,6
5167,ibuprofen,ESI-,DTXCID401398559,FALSE,368,0.02,,1.35,1.00,188,,31,32
5167,ibuprofen,ESI-,DTXCID40144356,FALSE,368,0.06,,0.44,1.50,65,,336,30
5167,ibuprofen,ESI-,DTXCID40220063,FALSE,368,0.04,,1.53,2.50,104,,12,17
5167,ibuprofen,ESI-,DTXCID40231831,FALSE,368,0.03,,0.52,2.50,155,,285,17
5167,ibuprofen,ESI-,DTXCID40240403,FALSE,368,0.06,,1.62,2.50,58,,8,17
5167,ibuprofen,ESI-,DTXCID40244769,FALSE,368,0.02,,0.63,1.50,178,,234,30
5167,ibuprofen,ESI-,DTXCID4030758,FALSE,368,0.08,,0.41,2.24,40,,346,22
5167,ibuprofen,ESI-,DTXCID40342719,FALSE,368,0.01,,0.67,1.33,218,,212,31
5167,ibuprofen,ESI-,DTXCID40384977,FALSE,368,0.04,,0.74,1.50,88,,160,30
5167,ibuprofen,ESI-,DTXCID40406628,FALSE,368,0.03,,0.63,1.50,146,,232,30
5167,ibuprofen,ESI-,DTXCID40413458,FALSE,368,0.03,,0.72,2.50,123,,175,17
5167,ibuprofen,ESI-,DTXCID4042208,FALSE,368,0.17,,0.42,2.00,20,,344,23
5167,ibuprofen,ESI-,DTXCID4047705,FALSE,368,0.22,,0.41,2.45,14,,349,18
5167,ibuprofen,ESI-,DTXCID40581181,FALSE,368,0.02,,1.34,2.33,158,,33,20
5167,ibuprofen,ESI-,DTXCID40618067,FALSE,368,0.01,,0.62,1.50,200,,238,30
5167,ibuprofen,ESI-,DTXCID40618300,FALSE,368,0.01,,0.40,2.00,213,,351,23
5167,ibuprofen,ESI-,DTXCID40653751,FALSE,368,0.01,,0.96,2.00,230,,63,23
5167,ibuprofen,ESI-,DTXCID40672881,FALSE,368,0.02,,0.70,1.50,185,,188,30
5167,ibuprofen,ESI-,DTXCID40778559,FALSE,368,0.01,,0.66,2.50,230,,221,17
5167,ibuprofen,ESI-,DTXCID40815519,FALSE,368,0.12,,0.38,2.52,29,,361,16
5167,ibuprofen,ESI-,DTXCID40848221,FALSE,368,0.01,,0.82,1.50,230,,122,30
5167,ibuprofen,ESI-,DTXCID40878260,FALSE,368,0.01,,1.46,1.50,219,,20,30
5167,ibuprofen,ESI-,DTXCID40895437,FALSE,368,0.01,,1.31,2.67,210,,36,11
5167,ibuprofen,ESI-,DTXCID40919107,FALSE,368,0.01,,0.42,1.50,219,,345,30
5167,ibuprofen,ESI-,DTXCID40961242,FALSE,368,0.01,,0.79,1.50,219,,134,30
5167,ibuprofen,ESI-,DTXCID40977540,FALSE,368,0.01,,0.74,2.50,230,,165,17
5167,ibuprofen,ESI-,DTXCID40979625,FALSE,368,0.01,,0.65,2.50,219,,226,17
5167,ibuprofen,ESI-,DTXCID501005414,FALSE,368,0.02,,0.78,2.50,160,,137,17
5167,ibuprofen,ESI-,DTXCID501043367,FALSE,368,0.02,,0.45,2.50,180,,333,17
5167,ibuprofen,ESI-,DTXCID501432069,FALSE,368,0.03,,0.73,0.00,156,,170,33
5167,ibuprofen,ESI-,DTXCID501463622,FALSE,368,0.01,,1.32,1.00,230,,35,32
5167,ibuprofen,ESI-,DTXCID50233321,FALSE,368,0.08,,0.51,2.50,43,,288,17
5167,ibuprofen,ESI-,DTXCID50276394,FALSE,368,0.04,,0.68,2.50,99,,199,17
5167,ibuprofen,ESI-,DTXCID50278898,FALSE,368,0.06,,0.80,1.50,63,,129,30
5167,ibuprofen,ESI-,DTXCID5030953,FALSE,368,0.06,,0.70,1.88,61,,189,27
5167,ibuprofen,ESI-,DTXCID50401705,FALSE,368,0.03,,0.74,1.50,130,,164,30
5167,ibuprofen,ESI-,DTXCID50452136,FALSE,368,0.03,,0.59,1.50,149,,254,30
5167,ibuprofen,ESI-,DTXCID50462432,FALSE,368,0.04,,0.75,1.50,120,,158,30
5167,ibuprofen,ESI-,DTXCID50466834,FALSE,368,0.01,,0.76,2.50,226,,148,17
5167,ibuprofen,ESI-,DTXCID5047031,FALSE,368,0.38,,0.73,4.00,8,,167,2
5167,ibuprofen,ESI-,DTXCID505403,FALSE,368,1.08,,0.46,2.69,3,,322,10
5167,ibuprofen,ESI-,DTXCID50562623,FALSE,368,0.01,,0.40,2.00,224,,354,23
5167,ibuprofen,ESI-,DTXCID50596645,FALSE,368,0.01,,1.03,1.50,219,,51,30
5167,ibuprofen,ESI-,DTXCID50658555,FALSE,368,0.01,,0.73,2.00,230,,172,23
5167,ibuprofen,ESI-,DTXCID50710324,FALSE,368,0.01,,0.66,2.50,230,,222,17
5167,ibuprofen,ESI-,DTXCID50779512,FALSE,368,0.01,,1.13,1.50,219,,44,30
5167,ibuprofen,ESI-,DTXCID5083960,FALSE,368,0.09,,0.74,1.50,38,,166,30
5167,ibuprofen,ESI-,DTXCID50857521,FALSE,368,0.02,,0.46,1.50,176,,324,30
5167,ibuprofen,ESI-,DTXCID50866754,FALSE,368,0.02,,0.84,2.00,167,,117,23
5167,ibuprofen,ESI-,DTXCID50870836,FALSE,368,0.01,,1.21,2.33,226,,41,20
5167,ibuprofen,ESI-,DTXCID50877148,FALSE,368,0.01,,0.69,1.50,193,,193,30
5167,ibuprofen,ESI-,DTXCID50878276,FALSE,368,0.01,,0.65,2.50,219,,227,17
5167,ibuprofen,ESI-,DTXCID50919092,FALSE,368,0.01,,0.87,0.00,230,,99,33
5167,ibuprofen,ESI-,DTXCID50942608,FALSE,368,0.02,,0.50,1.50,160,,299,30
5167,ibuprofen,ESI-,DTXCID50948549,FALSE,368,0.01,,0.68,2.50,219,,209,17
5167,ibuprofen,ESI-,DTXCID50952929,FALSE,368,0.01,,0.77,1.50,218,,142,30
5167,ibuprofen,ESI-,DTXCID50961233,FALSE,368,0.01,,0.66,1.50,219,,216,30
5167,ibuprofen,ESI-,DTXCID50969552,FALSE,368,0.02,,0.68,1.50,189,,200,30
5167,ibuprofen,ESI-,DTXCID50970820,FALSE,368,0.01,,0.51,1.50,220,,293,30
5167,ibuprofen,ESI-,DTXCID50987756,FALSE,368,0.01,,0.64,2.00,221,,231,23
5167,ibuprofen,ESI-,DTXCID601002401,FALSE,368,0.03,,0.75,1.50,149,,155,30
5167,ibuprofen,ESI-,DTXCID601045223,FALSE,368,0.01,,0.67,1.50,230,,214,30
5167,ibuprofen,ESI-,DTXCID60138156,FALSE,368,0.05,,1.35,2.50,68,,32,17
5167,ibuprofen,ESI-,DTXCID6016312,FALSE,368,0.93,,0.46,2.69,5,,325,10
5167,ibuprofen,ESI-,DTXCID60232103,FALSE,368,0.08,,0.54,2.50,45,,275,17
5167,ibuprofen,ESI-,DTXCID60232608,FALSE,368,0.02,,0.38,1.50,189,,359,30
5167,ibuprofen,ESI-,DTXCID60269136,FALSE,368,0.01,,0.84,2.50,219,,115,17
5167,ibuprofen,ESI-,DTXCID60343561,FALSE,368,0.04,,0.98,1.50,98,,57,30
5167,ibuprofen,ESI-,DTXCID60356393,FALSE,368,0.03,,0.68,2.00,142,,207,23
5167,ibuprofen,ESI-,DTXCID60384595,FALSE,368,0.01,,0.79,1.50,230,,135,30
5167,ibuprofen,ESI-,DTXCID60396532,FALSE,368,0.01,,1.30,2.50,205,,38,17
5167,ibuprofen,ESI-,DTXCID6041006,FALSE,368,0.19,,0.41,2.45,16,,347,18
5167,ibuprofen,ESI-,DTXCID60412049,FALSE,368,0.02,,0.84,1.50,184,,116,30
5167,ibuprofen,ESI-,DTXCID60413814,FALSE,368,0.02,,0.41,1.50,172,,350,30
5167,ibuprofen,ESI-,DTXCID60425573,FALSE,368,0.03,,1.72,1.50,124,,1,30
5167,ibuprofen,ESI-,DTXCID6045036,FALSE,368,0.04,,0.69,1.88,100,,196,27
5167,ibuprofen,ESI-,DTXCID604702,FALSE,368,1.70,,0.29,3.61,2,,363,3
5167,ibuprofen,ESI-,DTXCID6047993,FALSE,368,0.15,,0.56,1.88,23,,260,27
5167,ibuprofen,ESI-,DTXCID60728435,FALSE,368,0.01,,0.70,1.50,212,,186,30
5167,ibuprofen,ESI-,DTXCID60756450,FALSE,368,0.01,,0.49,2.50,219,,301,17
5167,ibuprofen,ESI-,DTXCID60814867,FALSE,368,0.08,,0.48,1.00,44,,306,32
5167,ibuprofen,ESI-,DTXCID60816684,FALSE,368,0.10,,0.97,1.50,35,,61,30
5167,ibuprofen,ESI-,DTXCID60851191,FALSE,368,0.02,,0.94,2.50,190,,72,17
5167,ibuprofen,ESI-,DTXCID60863153,FALSE,368,0.02,,0.77,2.00,162,,145,23
5167,ibuprofen,ESI-,DTXCID60878323,FALSE,368,0.01,,0.75,2.50,219,,156,17
5167,ibuprofen,ESI-,DTXCID60879219,FALSE,368,0.01,,0.72,2.50,217,,174,17
5167,ibuprofen,ESI-,DTXCID60921762,FALSE,368,0.01,,0.73,2.50,219,,171,17
5167,ibuprofen,ESI-,DTXCID60951145,FALSE,368,0.05,,0.91,2.50,67,,82,17
5167,ibuprofen,ESI-,DTXCID60970033,FALSE,368,0.02,,0.63,2.00,190,,235,23
5167,ibuprofen,ESI-,DTXCID60973281,FALSE,368,0.01,,0.51,2.50,195,,296,17
5167,ibuprofen,ESI-,DTXCID60974899,FALSE,368,0.01,,0.40,1.50,223,,355,30
5167,ibuprofen,ESI-,DTXCID60979783,FALSE,368,0.03,,1.16,1.50,137,,42,30
5167,ibuprofen,ESI-,DTXCID60988259,FALSE,368,0.01,,0.60,2.00,230,,247,23
5167,ibuprofen,ESI-,DTXCID701002161,FALSE,368,0.02,,0.41,1.50,171,,348,30
5167,ibuprofen,ESI-,DTXCID701015354,FALSE,368,0.02,,1.54,2.50,185,,11,17
5167,ibuprofen,ESI-,DTXCID701026408,FALSE,368,0.04,,0.45,0.00,106,,329,33
5167,ibuprofen,ESI-,DTXCID701034360,FALSE,368,0.06,,,0.00,62,,,33
5167,ibuprofen,ESI-,DTXCID701041579,FALSE,368,0.01,,0.84,1.50,230,,113,30
5167,ibuprofen,ESI-,DTXCID701379811,FALSE,368,0.01,,0.66,1.00,207,,220,32
5167,ibuprofen,ESI-,DTXCID701389036,FALSE,368,0.04,,0.29,2.60,89,,364,13
5167,ibuprofen,ESI-,DTXCID701396457,FALSE,368,0.04,,0.74,2.50,92,,162,17
5167,ibuprofen,ESI-,DTXCID701408658,FALSE,368,0.10,,0.86,2.50,34,,104,17
5167,ibuprofen,ESI-,DTXCID701441682,FALSE,368,0.03,,,0.00,129,,,33
5167,ibuprofen,ESI-,DTXCID70229261,FALSE,368,0.02,,0.52,1.50,182,,286,30
5167,ibuprofen,ESI-,DTXCID70231829,FALSE,368,0.03,,0.51,2.50,156,,291,17
5167,ibuprofen,ESI-,DTXCID70240279,FALSE,368,0.02,,1.38,2.50,189,,26,17
5167,ibuprofen,ESI-,DTXCID70382764,FALSE,368,0.01,,0.88,2.00,228,,97,23
5167,ibuprofen,ESI-,DTXCID70391179,FALSE,368,0.01,,0.77,1.50,210,,146,30
5167,ibuprofen,ESI-,DTXCID70397878,FALSE,368,0.01,,1.46,1.50,213,,21,30
5167,ibuprofen,ESI-,DTXCID7040312,FALSE,368,0.06,,0.68,2.50,52,,210,17
5167,ibuprofen,ESI-,DTXCID70415187,FALSE,368,0.07,,0.51,1.50,46,,289,30
5167,ibuprofen,ESI-,DTXCID70418057,FALSE,368,0.01,,0.58,2.50,219,,255,17
5167,ibuprofen,ESI-,DTXCID70447206,FALSE,368,0.03,,0.82,1.50,139,,121,30
5167,ibuprofen,ESI-,DTXCID7045607,FALSE,368,0.06,,0.47,3.36,51,,316,5
5167,ibuprofen,ESI-,DTXCID70475180,FALSE,368,0.03,,0.47,2.50,152,,317,17
5167,ibuprofen,ESI-,DTXCID70493521,FALSE,368,0.02,,0.92,2.50,183,,79,17
5167,ibuprofen,ESI-,DTXCID70542104,FALSE,368,0.01,,0.94,2.00,197,,73,23
5167,ibuprofen,ESI-,DTXCID70573014,FALSE,368,0.04,,0.80,2.50,107,,130,17
5167,ibuprofen,ESI-,DTXCID70591298,FALSE,368,0.02,,1.26,2.00,175,,39,23
5167,ibuprofen,ESI-,DTXCID70593171,FALSE,368,0.01,,0.83,2.50,218,,120,17
5167,ibuprofen,ESI-,DTXCID70653663,FALSE,368,0.01,,0.70,2.00,227,,187,23
5167,ibuprofen,ESI-,DTXCID7070769,FALSE,368,0.02,,0.60,1.50,189,,244,30
5167,ibuprofen,ESI-,DTXCID70767719,FALSE,368,0.01,,0.53,2.50,230,,281,17
5167,ibuprofen,ESI-,DTXCID70812738,FALSE,368,0.44,,0.69,2.25,7,,195,21
5167,ibuprofen,ESI-,DTXCID70815683,FALSE,368,0.04,,0.72,1.67,82,,176,29
5167,ibuprofen,ESI-,DTXCID70816690,FALSE,368,0.18,,0.59,2.78,18,,251,8
5167,ibuprofen,ESI-,DTXCID70833908,FALSE,368,0.03,,0.97,2.00,152,,62,23
5167,ibuprofen,ESI-,DTXCID70891245,FALSE,368,0.04,,0.56,2.50,91,,259,17
5167,ibuprofen,ESI-,DTXCID70892171,FALSE,368,0.04,,0.79,3.00,93,,136,6
5167,ibuprofen,ESI-,DTXCID70948485,FALSE,368,0.02,,0.91,1.50,160,,81,30
5167,ibuprofen,ESI-,DTXCID70958605,FALSE,368,0.01,,0.53,2.50,198,,282,17
5167,ibuprofen,ESI-,DTXCID70961593,FALSE,368,0.02,,0.56,1.50,189,,264,30
5167,ibuprofen,ESI-,DTXCID70962045,FALSE,368,0.01,,0.92,1.50,208,,76,30
5167,ibuprofen,ESI-,DTXCID70962141,FALSE,368,0.01,,1.37,2.50,219,,27,17
5167,ibuprofen,ESI-,DTXCID7096337,FALSE,368,0.06,,0.92,1.50,57,,78,30
5167,ibuprofen,ESI-,DTXCID801024948,FALSE,368,0.04,,0.67,0.00,85,,211,33
5167,ibuprofen,ESI-,DTXCID801042120,FALSE,368,0.01,,0.91,2.50,230,,80,17
5167,ibuprofen,ESI-,DTXCID801044326,FALSE,368,0.01,,0.82,2.50,230,,123,17
5167,ibuprofen,ESI-,DTXCID80104818,FALSE,368,0.07,,0.47,1.50,47,,314,30
5167,ibuprofen,ESI-,DTXCID801141095,FALSE,368,0.01,,0.84,0.00,230,,111,33
5167,ibuprofen,ESI-,DTXCID801380718,FALSE,368,0.04,,1.38,3.00,115,,25,6
5167,ibuprofen,ESI-,DTXCID801380756,FALSE,368,0.04,,1.46,3.00,112,,19,6
5167,ibuprofen,ESI-,DTXCID801391698,FALSE,368,0.01,,0.61,1.50,205,,241,30
5167,ibuprofen,ESI-,DTXCID801414098,FALSE,368,0.04,,0.51,2.00,119,,294,23
5167,ibuprofen,ESI-,DTXCID80141965,FALSE,368,0.16,,0.49,2.63,21,,304,12
5167,ibuprofen,ESI-,DTXCID801431315,FALSE,368,0.05,,0.79,0.00,76,,132,33
5167,ibuprofen,ESI-,DTXCID801434614,FALSE,368,0.05,,0.53,3.50,70,,280,4
5167,ibuprofen,ESI-,DTXCID80144653,FALSE,368,0.06,,0.66,1.78,60,,218,28
5167,ibuprofen,ESI-,DTXCID80162771,FALSE,368,0.04,,0.89,2.00,87,,90,23
5167,ibuprofen,ESI-,DTXCID80231830,FALSE,368,0.04,,0.56,2.50,111,,267,17
5167,ibuprofen,ESI-,DTXCID80239912,FALSE,368,0.03,,0.90,1.50,154,,85,30
5167,ibuprofen,ESI-,DTXCID80287458,FALSE,368,0.03,,0.70,1.50,128,,190,30
5167,ibuprofen,ESI-,DTXCID8036526,FALSE,368,0.14,,1.67,2.75,24,,5,9
5167,ibuprofen,ESI-,DTXCID8039033,FALSE,368,0.30,,0.66,2.57,10,,219,14
5167,ibuprofen,ESI-,DTXCID80412420,FALSE,368,0.04,,0.51,1.50,117,,290,30
5167,ibuprofen,ESI-,DTXCID80429856,FALSE,368,0.02,,0.84,1.50,187,,118,30
5167,ibuprofen,ESI-,DTXCID80496669,FALSE,368,0.03,,0.91,2.50,126,,83,17
5167,ibuprofen,ESI-,DTXCID80516371,FALSE,368,0.01,,0.86,1.50,230,,103,30
5167,ibuprofen,ESI-,DTXCID80517888,FALSE,368,0.02,,0.98,2.50,160,,59,17
5167,ibuprofen,ESI-,DTXCID80543526,FALSE,368,0.01,,0.54,2.50,199,,273,17
5167,ibuprofen,ESI-,DTXCID80544876,FALSE,368,0.04,,0.62,2.00,118,,237,23
5167,ibuprofen,ESI-,DTXCID80597983,FALSE,368,0.01,,0.60,2.00,211,,248,23
5167,ibuprofen,ESI-,DTXCID80617993,FALSE,368,0.01,,0.85,1.50,219,,106,30
5167,ibuprofen,ESI-,DTXCID80713868,FALSE,368,0.01,,1.05,2.50,219,,49,17
5167,ibuprofen,ESI-,DTXCID80759564,FALSE,368,0.01,,0.62,1.50,214,,236,30
5167,ibuprofen,ESI-,DTXCID8083937,FALSE,368,0.04,,0.59,2.00,83,,252,23
5167,ibuprofen,ESI-,DTXCID80879170,FALSE,368,0.01,,0.57,2.50,219,,256,17
5167,ibuprofen,ESI-,DTXCID80886844,FALSE,368,0.01,,0.73,2.00,230,,168,23
5167,ibuprofen,ESI-,DTXCID80946513,FALSE,368,0.01,,0.96,2.50,230,,65,17
5167,ibuprofen,ESI-,DTXCID80946790,FALSE,368,0.01,,0.62,2.50,219,,240,17
5167,ibuprofen,ESI-,DTXCID80975626,FALSE,368,0.02,,0.67,2.50,190,,213,17
5167,ibuprofen,ESI-,DTXCID901001371,FALSE,368,0.01,,0.91,2.50,217,,84,17
5167,ibuprofen,ESI-,DTXCID901005042,FALSE,368,0.01,,0.72,1.50,219,,179,30
5167,ibuprofen,ESI-,DTXCID901005642,FALSE,368,0.01,,0.45,1.50,202,,326,30
5167,ibuprofen,ESI-,DTXCID901023262,FALSE,368,0.06,,0.47,2.33,50,,315,20
5167,ibuprofen,ESI-,DTXCID901026147,FALSE,368,0.06,,0.69,3.00,53,,192,6
5167,ibuprofen,ESI-,DTXCID901048226,FALSE,368,0.01,,0.95,1.50,229,,69,30
5167,ibuprofen,ESI-,DTXCID901396310,FALSE,368,0.03,,0.84,3.00,129,,114,6
5167,ibuprofen,ESI-,DTXCID901397144,FALSE,368,0.03,,0.48,3.00,125,,307,6
5167,ibuprofen,ESI-,DTXCID901473613,FALSE,368,0.04,,,0.00,97,,,33
5167,ibuprofen,ESI-,DTXCID90233709,FALSE,368,0.04,,0.66,2.50,113,,215,17
5167,ibuprofen,ESI-,DTXCID90257824,FALSE,368,0.02,,0.59,1.50,161,,249,30
5167,ibuprofen,ESI-,DTXCID90285804,FALSE,368,0.05,,0.50,2.50,69,,297,17
5167,ibuprofen,ESI-,DTXCID90319158,FALSE,368,0.01,,0.48,1.50,201,,309,30
5167,ibuprofen,ESI-,DTXCID90359599,FALSE,368,0.01,,0.70,1.50,216,,191,30
5167,ibuprofen,ESI-,DTXCID90421624,FALSE,368,0.02,,0.81,1.50,189,,127,30
5167,ibuprofen,ESI-,DTXCID9044954,FALSE,368,0.12,,0.46,2.56,28,,321,15
5167,ibuprofen,ESI-,DTXCID9046601,FALSE,368,0.05,,0.53,2.00,71,,277,23
5167,ibuprofen,ESI-,DTXCID90476093,FALSE,368,0.02,,0.77,2.50,168,,143,17
5167,ibuprofen,ESI-,DTXCID90506844,FALSE,368,0.03,,0.84,1.50,133,,112,30
5167,ibuprofen,ESI-,DTXCID90521799,FALSE,368,0.02,,0.52,1.50,179,,287,30
5167,ibuprofen,ESI-,DTXCID90602350,FALSE,368,0.02,,0.60,2.00,188,,243,23
5167,ibuprofen,ESI-,DTXCID90617989,FALSE,368,0.01,,0.62,2.00,219,,239,23
5167,ibuprofen,ESI-,DTXCID90618299,FALSE,368,0.01,,0.40,1.50,211,,353,30
5167,ibuprofen,ESI-,DTXCID90653524,FALSE,368,0.01,,1.51,2.00,230,,15,23
5167,ibuprofen,ESI-,DTXCID90671566,FALSE,368,0.01,,0.46,2.00,203,,320,23
5167,ibuprofen,ESI-,DTXCID90710747,FALSE,368,0.01,,0.94,2.50,219,,70,17
5167,ibuprofen,ESI-,DTXCID90732,TRUE,368,7.33,,1.56,6.00,1,,9,1
5167,ibuprofen,ESI-,DTXCID9084289,FALSE,368,0.10,,0.72,1.50,33,,173,30
5167,ibuprofen,ESI-,DTXCID90866157,FALSE,368,0.01,,0.88,1.67,222,,96,29
5167,ibuprofen,ESI-,DTXCID90877900,FALSE,368,0.02,,0.70,2.50,173,,185,17
5167,ibuprofen,ESI-,DTXCID90897249,FALSE,368,0.07,,0.89,2.67,49,,89,11
5167,ibuprofen,ESI-,DTXCID90905939,FALSE,368,0.01,,1.14,2.50,228,,43,17
5167,ibuprofen,ESI-,DTXCID90929317,FALSE,368,0.02,,0.50,1.50,189,,298,30
5167,ibuprofen,ESI-,DTXCID90936167,FALSE,368,0.01,,0.68,1.50,230,,202,30
5167,ibuprofen,ESI-,DTXCID90953399,FALSE,368,0.02,,0.76,2.50,177,,147,17
5167,ibuprofen,ESI-,DTXCID90971735,FALSE,368,0.02,,0.68,2.50,190,,204,17
5167,ibuprofen,ESI-,DTXCID90973658,FALSE,368,0.03,,0.51,1.50,140,,292,30
5194,2-hydroxy-ibuprofen,ESI-,DTXCID001000471,FALSE,283,0.06,,0.37,1.50,147,,182,16
5194,2-hydroxy-ibuprofen,ESI-,DTXCID00121522,FALSE,283,0.20,,1.03,2.50,66,,16,9
5194,2-hydroxy-ibuprofen,ESI-,DTXCID001358472,FALSE,283,0.10,,0.37,1.00,124,,185,18
5194,2-hydroxy-ibuprofen,ESI-,DTXCID001371309,FALSE,283,0.06,,1.42,3.00,149,,3,5
5194,2-hydroxy-ibuprofen,ESI-,DTXCID001373236,FALSE,283,0.38,,0.19,2.50,24,,267,9
5194,2-hydroxy-ibuprofen,ESI-,DTXCID001386198,FALSE,283,0.20,,0.57,3.33,63,,93,4
5194,2-hydroxy-ibuprofen,ESI-,DTXCID001408138,FALSE,283,0.10,,0.18,1.00,124,,268,18
5194,2-hydroxy-ibuprofen,ESI-,DTXCID001413339,FALSE,283,0.10,,0.67,2.33,124,,61,11
5194,2-hydroxy-ibuprofen,ESI-,DTXCID001447196,FALSE,283,0.22,,0.36,1.00,59,,194,18
5194,2-hydroxy-ibuprofen,ESI-,DTXCID00164772,FALSE,283,0.22,,0.33,1.50,57,,208,16
5194,2-hydroxy-ibuprofen,ESI-,DTXCID00291198,FALSE,283,0.32,,0.49,1.50,31,,124,16
5194,2-hydroxy-ibuprofen,ESI-,DTXCID00317721,FALSE,283,0.17,,0.70,2.67,75,,51,8
5194,2-hydroxy-ibuprofen,ESI-,DTXCID00375321,FALSE,283,0.08,,0.75,2.00,126,,45,14
5194,2-hydroxy-ibuprofen,ESI-,DTXCID00410640,FALSE,283,0.07,,0.27,1.50,131,,235,16
5194,2-hydroxy-ibuprofen,ESI-,DTXCID00444268,FALSE,283,0.03,,0.67,1.50,158,,63,16
5194,2-hydroxy-ibuprofen,ESI-,DTXCID00451078,FALSE,283,0.55,,0.48,2.50,14,,127,9
5194,2-hydroxy-ibuprofen,ESI-,DTXCID00505666,FALSE,283,0.06,,0.27,1.50,149,,240,16
5194,2-hydroxy-ibuprofen,ESI-,DTXCID00537144,FALSE,283,0.13,,0.91,1.00,95,,24,18
5194,2-hydroxy-ibuprofen,ESI-,DTXCID00602583,FALSE,283,0.07,,0.24,2.50,135,,256,9
5194,2-hydroxy-ibuprofen,ESI-,DTXCID00662127,FALSE,283,0.10,,0.13,2.00,106,,278,14
5194,2-hydroxy-ibuprofen,ESI-,DTXCID00690703,FALSE,283,0.06,,0.25,2.00,145,,251,14
5194,2-hydroxy-ibuprofen,ESI-,DTXCID0070780,FALSE,283,0.10,,0.75,1.50,124,,46,16
5194,2-hydroxy-ibuprofen,ESI-,DTXCID00776930,FALSE,283,0.11,,0.47,1.50,105,,133,16
5194,2-hydroxy-ibuprofen,ESI-,DTXCID00798056,FALSE,283,0.23,,0.48,2.50,49,,130,9
5194,2-hydroxy-ibuprofen,ESI-,DTXCID00805193,FALSE,283,0.06,,0.23,1.50,149,,259,16
5194,2-hydroxy-ibuprofen,ESI-,DTXCID00865797,FALSE,283,0.03,,1.26,1.50,154,,11,16
5194,2-hydroxy-ibuprofen,ESI-,DTXCID00877976,FALSE,283,0.06,,1.03,1.50,145,,17,16
5194,2-hydroxy-ibuprofen,ESI-,DTXCID00942390,FALSE,283,0.03,,0.39,1.50,154,,173,16
5194,2-hydroxy-ibuprofen,ESI-,DTXCID00946277,FALSE,283,0.07,,0.38,2.50,144,,179,9
5194,2-hydroxy-ibuprofen,ESI-,DTXCID00961400,FALSE,283,0.59,,0.70,1.50,12,,52,16
5194,2-hydroxy-ibuprofen,ESI-,DTXCID00970815,FALSE,283,0.03,,0.34,1.50,158,,202,16
5194,2-hydroxy-ibuprofen,ESI-,DTXCID00977521,FALSE,283,0.03,,0.45,1.50,158,,141,16
5194,2-hydroxy-ibuprofen,ESI-,DTXCID00998312,FALSE,283,0.15,,0.45,0.00,88,,142,19
5194,2-hydroxy-ibuprofen,ESI-,DTXCID101012007,TRUE,283,3.66,,0.87,3.00,3,,28,5
5194,2-hydroxy-ibuprofen,ESI-,DTXCID101012588,FALSE,283,1.33,,1.26,3.00,6,,10,5
5194,2-hydroxy-ibuprofen,ESI-,DTXCID10106901,FALSE,283,0.23,,0.62,1.50,55,,76,16
5194,2-hydroxy-ibuprofen,ESI-,DTXCID10119011,FALSE,283,0.13,,0.86,2.67,98,,29,8
5194,2-hydroxy-ibuprofen,ESI-,DTXCID101322000,FALSE,283,0.03,,0.47,2.00,158,,136,14
5194,2-hydroxy-ibuprofen,ESI-,DTXCID10150388,FALSE,283,0.10,,0.55,1.50,124,,99,16
5194,2-hydroxy-ibuprofen,ESI-,DTXCID10243961,FALSE,283,0.10,,0.40,1.50,124,,166,16
5194,2-hydroxy-ibuprofen,ESI-,DTXCID10315536,FALSE,283,0.29,,0.38,1.50,34,,175,16
5194,2-hydroxy-ibuprofen,ESI-,DTXCID10317858,FALSE,283,0.10,,0.41,1.50,114,,155,16
5194,2-hydroxy-ibuprofen,ESI-,DTXCID10327952,FALSE,283,0.10,,0.37,2.00,121,,183,14
5194,2-hydroxy-ibuprofen,ESI-,DTXCID1036044,FALSE,283,0.23,,0.46,2.33,48,,138,11
5194,2-hydroxy-ibuprofen,ESI-,DTXCID10427305,FALSE,283,0.28,,0.38,1.50,37,,177,16
5194,2-hydroxy-ibuprofen,ESI-,DTXCID10476696,FALSE,283,0.17,,0.57,1.50,79,,92,16
5194,2-hydroxy-ibuprofen,ESI-,DTXCID10489524,FALSE,283,0.06,,0.71,1.50,149,,50,16
5194,2-hydroxy-ibuprofen,ESI-,DTXCID10512043,FALSE,283,0.14,,0.55,2.50,92,,100,9
5194,2-hydroxy-ibuprofen,ESI-,DTXCID10514007,FALSE,283,0.07,,0.31,1.50,131,,213,16
5194,2-hydroxy-ibuprofen,ESI-,DTXCID10520704,FALSE,283,0.07,,0.36,2.50,138,,188,9
5194,2-hydroxy-ibuprofen,ESI-,DTXCID10522127,FALSE,283,0.15,,0.35,2.50,89,,197,9
5194,2-hydroxy-ibuprofen,ESI-,DTXCID10546626,FALSE,283,0.07,,0.33,2.50,132,,206,9
5194,2-hydroxy-ibuprofen,ESI-,DTXCID10562003,FALSE,283,0.07,,0.24,2.00,130,,252,14
5194,2-hydroxy-ibuprofen,ESI-,DTXCID10598867,FALSE,283,0.06,,0.68,2.00,149,,59,14
5194,2-hydroxy-ibuprofen,ESI-,DTXCID10786500,FALSE,283,0.07,,0.51,1.67,128,,116,15
5194,2-hydroxy-ibuprofen,ESI-,DTXCID1081095,FALSE,283,0.25,,1.38,2.50,43,,5,9
5194,2-hydroxy-ibuprofen,ESI-,DTXCID10877149,FALSE,283,0.06,,0.18,1.50,149,,272,16
5194,2-hydroxy-ibuprofen,ESI-,DTXCID10877902,FALSE,283,0.06,,0.20,2.50,149,,264,9
5194,2-hydroxy-ibuprofen,ESI-,DTXCID10901993,FALSE,283,0.07,,0.37,2.50,128,,180,9
5194,2-hydroxy-ibuprofen,ESI-,DTXCID10917554,FALSE,283,0.03,,0.36,3.00,158,,193,5
5194,2-hydroxy-ibuprofen,ESI-,DTXCID10936543,FALSE,283,0.09,,0.56,1.50,125,,97,16
5194,2-hydroxy-ibuprofen,ESI-,DTXCID10961779,FALSE,283,0.13,,0.27,2.50,96,,234,9
5194,2-hydroxy-ibuprofen,ESI-,DTXCID10969497,FALSE,283,0.03,,0.43,1.50,158,,148,16
5194,2-hydroxy-ibuprofen,ESI-,DTXCID10998969,FALSE,283,0.03,,0.37,2.00,157,,181,14
5194,2-hydroxy-ibuprofen,ESI-,DTXCID201002859,FALSE,283,0.25,,0.42,1.50,41,,153,16
5194,2-hydroxy-ibuprofen,ESI-,DTXCID201025386,FALSE,283,0.33,,0.34,0.00,30,,204,19
5194,2-hydroxy-ibuprofen,ESI-,DTXCID20104670,FALSE,283,0.25,,0.68,2.50,44,,55,9
5194,2-hydroxy-ibuprofen,ESI-,DTXCID201048144,FALSE,283,0.03,,0.50,2.50,158,,117,9
5194,2-hydroxy-ibuprofen,ESI-,DTXCID20126837,FALSE,283,0.16,,0.88,2.50,81,,26,9
5194,2-hydroxy-ibuprofen,ESI-,DTXCID201380746,FALSE,283,0.17,,0.57,3.33,77,,93,4
5194,2-hydroxy-ibuprofen,ESI-,DTXCID201420475,FALSE,283,0.19,,0.35,1.00,67,,200,18
5194,2-hydroxy-ibuprofen,ESI-,DTXCID2018924,FALSE,283,0.50,,1.15,0.00,16,,13,19
5194,2-hydroxy-ibuprofen,ESI-,DTXCID2036617,FALSE,283,3.72,,1.44,2.80,2,,2,6
5194,2-hydroxy-ibuprofen,ESI-,DTXCID20371027,FALSE,283,0.68,,0.86,4.00,10,,30,2
5194,2-hydroxy-ibuprofen,ESI-,DTXCID20386510,FALSE,283,0.19,,0.90,2.50,69,,25,9
5194,2-hydroxy-ibuprofen,ESI-,DTXCID20407456,FALSE,283,0.08,,0.50,2.50,127,,118,9
5194,2-hydroxy-ibuprofen,ESI-,DTXCID20516118,FALSE,283,0.10,,0.42,2.67,120,,151,8
5194,2-hydroxy-ibuprofen,ESI-,DTXCID20521828,FALSE,283,0.06,,0.65,1.50,149,,71,16
5194,2-hydroxy-ibuprofen,ESI-,DTXCID20551185,FALSE,283,0.07,,1.31,2.50,136,,9,9
5194,2-hydroxy-ibuprofen,ESI-,DTXCID20565464,FALSE,283,0.06,,0.66,1.33,147,,66,17
5194,2-hydroxy-ibuprofen,ESI-,DTXCID20660948,FALSE,283,0.07,,0.35,2.00,140,,198,14
5194,2-hydroxy-ibuprofen,ESI-,DTXCID20662563,FALSE,283,0.04,,0.36,2.00,150,,195,14
5194,2-hydroxy-ibuprofen,ESI-,DTXCID20685419,FALSE,283,0.06,,0.41,2.00,146,,161,14
5194,2-hydroxy-ibuprofen,ESI-,DTXCID20698766,FALSE,283,0.06,,0.70,1.50,149,,53,16
5194,2-hydroxy-ibuprofen,ESI-,DTXCID20725167,FALSE,283,0.03,,0.54,2.50,158,,109,9
5194,2-hydroxy-ibuprofen,ESI-,DTXCID20792334,FALSE,283,0.14,,0.41,2.50,92,,165,9
5194,2-hydroxy-ibuprofen,ESI-,DTXCID20846149,FALSE,283,0.03,,0.76,1.50,158,,44,16
5194,2-hydroxy-ibuprofen,ESI-,DTXCID20877150,FALSE,283,0.36,,0.41,2.50,26,,156,9
5194,2-hydroxy-ibuprofen,ESI-,DTXCID20878142,FALSE,283,0.06,,0.98,1.00,149,,19,18
5194,2-hydroxy-ibuprofen,ESI-,DTXCID20899539,FALSE,283,0.03,,0.43,1.50,158,,149,16
5194,2-hydroxy-ibuprofen,ESI-,DTXCID20936175,FALSE,283,0.03,,0.68,1.50,158,,56,16
5194,2-hydroxy-ibuprofen,ESI-,DTXCID20942276,FALSE,283,0.03,,0.48,2.00,154,,129,14
5194,2-hydroxy-ibuprofen,ESI-,DTXCID20950432,FALSE,283,0.03,,0.68,3.00,158,,58,5
5194,2-hydroxy-ibuprofen,ESI-,DTXCID301042694,FALSE,283,0.03,,0.26,1.50,158,,242,16
5194,2-hydroxy-ibuprofen,ESI-,DTXCID301390883,FALSE,283,0.10,,0.46,3.75,124,,139,3
5194,2-hydroxy-ibuprofen,ESI-,DTXCID301409109,FALSE,283,0.10,,0.17,1.00,109,,275,18
5194,2-hydroxy-ibuprofen,ESI-,DTXCID30233561,FALSE,283,0.10,,0.28,1.00,124,,227,18
5194,2-hydroxy-ibuprofen,ESI-,DTXCID30235323,FALSE,283,0.23,,0.42,2.50,50,,154,9
5194,2-hydroxy-ibuprofen,ESI-,DTXCID30244112,FALSE,283,0.10,,0.67,1.50,119,,62,16
5194,2-hydroxy-ibuprofen,ESI-,DTXCID30429664,FALSE,283,0.10,,0.41,1.50,110,,162,16
5194,2-hydroxy-ibuprofen,ESI-,DTXCID30450453,FALSE,283,0.06,,0.30,1.50,149,,218,16
5194,2-hydroxy-ibuprofen,ESI-,DTXCID30602612,FALSE,283,0.21,,0.85,2.00,60,,31,14
5194,2-hydroxy-ibuprofen,ESI-,DTXCID30762624,FALSE,283,0.06,,0.23,2.50,149,,257,9
5194,2-hydroxy-ibuprofen,ESI-,DTXCID30877242,FALSE,283,0.23,,0.50,2.50,46,,121,9
5194,2-hydroxy-ibuprofen,ESI-,DTXCID30877686,FALSE,283,0.06,,0.47,1.50,149,,134,16
5194,2-hydroxy-ibuprofen,ESI-,DTXCID30943911,FALSE,283,0.03,,0.41,1.50,158,,164,16
5194,2-hydroxy-ibuprofen,ESI-,DTXCID30950963,FALSE,283,0.65,,0.62,1.50,11,,78,16
5194,2-hydroxy-ibuprofen,ESI-,DTXCID30957558,FALSE,283,0.19,,0.57,2.33,70,,91,11
5194,2-hydroxy-ibuprofen,ESI-,DTXCID30969499,FALSE,283,0.07,,0.67,1.50,128,,60,16
5194,2-hydroxy-ibuprofen,ESI-,DTXCID401003439,FALSE,283,0.15,,0.08,2.50,87,,280,9
5194,2-hydroxy-ibuprofen,ESI-,DTXCID401007512,FALSE,283,0.16,,0.26,1.50,85,,241,16
5194,2-hydroxy-ibuprofen,ESI-,DTXCID40113401,FALSE,283,0.16,,0.78,2.50,80,,39,9
5194,2-hydroxy-ibuprofen,ESI-,DTXCID40121521,FALSE,283,0.20,,0.96,2.50,66,,20,9
5194,2-hydroxy-ibuprofen,ESI-,DTXCID40125867,FALSE,283,0.37,,0.41,1.50,25,,163,16
5194,2-hydroxy-ibuprofen,ESI-,DTXCID401379305,FALSE,283,0.18,,1.49,2.50,73,,1,9
5194,2-hydroxy-ibuprofen,ESI-,DTXCID401413200,FALSE,283,0.10,,0.65,2.00,122,,72,14
5194,2-hydroxy-ibuprofen,ESI-,DTXCID40293090,FALSE,283,0.28,,0.41,1.50,36,,160,16
5194,2-hydroxy-ibuprofen,ESI-,DTXCID40301184,FALSE,283,0.10,,0.32,1.50,112,,212,16
5194,2-hydroxy-ibuprofen,ESI-,DTXCID40315226,FALSE,283,0.06,,0.65,2.33,148,,69,11
5194,2-hydroxy-ibuprofen,ESI-,DTXCID40315529,FALSE,283,0.07,,0.59,2.50,142,,88,9
5194,2-hydroxy-ibuprofen,ESI-,DTXCID40319522,FALSE,283,0.16,,0.40,1.33,84,,168,17
5194,2-hydroxy-ibuprofen,ESI-,DTXCID40350758,FALSE,283,0.10,,0.35,1.50,107,,196,16
5194,2-hydroxy-ibuprofen,ESI-,DTXCID40405515,FALSE,283,0.10,,0.17,1.50,116,,277,16
5194,2-hydroxy-ibuprofen,ESI-,DTXCID40450449,FALSE,283,0.06,,0.60,1.50,149,,85,16
5194,2-hydroxy-ibuprofen,ESI-,DTXCID4046814,FALSE,283,0.23,,0.27,2.50,52,,231,9
5194,2-hydroxy-ibuprofen,ESI-,DTXCID40535083,FALSE,283,0.10,,0.60,1.00,124,,86,18
5194,2-hydroxy-ibuprofen,ESI-,DTXCID4065810,FALSE,283,0.13,,1.32,1.50,97,,8,16
5194,2-hydroxy-ibuprofen,ESI-,DTXCID40702935,FALSE,283,0.03,,0.52,1.50,158,,114,16
5194,2-hydroxy-ibuprofen,ESI-,DTXCID40781285,FALSE,283,0.03,,0.32,2.50,158,,209,9
5194,2-hydroxy-ibuprofen,ESI-,DTXCID40815711,FALSE,283,0.27,,0.30,2.24,38,,220,13
5194,2-hydroxy-ibuprofen,ESI-,DTXCID40855677,FALSE,283,0.12,,0.47,1.50,103,,135,16
5194,2-hydroxy-ibuprofen,ESI-,DTXCID40864022,FALSE,283,0.03,,0.26,2.00,151,,243,14
5194,2-hydroxy-ibuprofen,ESI-,DTXCID40865337,FALSE,283,0.03,,0.44,1.67,152,,146,15
5194,2-hydroxy-ibuprofen,ESI-,DTXCID40868106,FALSE,283,0.03,,0.93,1.50,157,,23,16
5194,2-hydroxy-ibuprofen,ESI-,DTXCID40879752,FALSE,283,0.10,,0.43,2.50,122,,147,9
5194,2-hydroxy-ibuprofen,ESI-,DTXCID40886880,FALSE,283,0.06,,0.50,2.00,149,,120,14
5194,2-hydroxy-ibuprofen,ESI-,DTXCID40936177,FALSE,283,0.03,,0.38,1.50,158,,176,16
5194,2-hydroxy-ibuprofen,ESI-,DTXCID40948836,FALSE,283,0.13,,0.42,1.50,101,,150,16
5194,2-hydroxy-ibuprofen,ESI-,DTXCID40951244,FALSE,283,0.06,,0.61,1.50,149,,81,16
5194,2-hydroxy-ibuprofen,ESI-,DTXCID40967007,FALSE,283,0.03,,0.40,2.50,158,,169,9
5194,2-hydroxy-ibuprofen,ESI-,DTXCID501002539,FALSE,283,0.16,,0.45,1.50,83,,143,16
5194,2-hydroxy-ibuprofen,ESI-,DTXCID501005240,FALSE,283,0.07,,0.49,3.00,144,,126,5
5194,2-hydroxy-ibuprofen,ESI-,DTXCID501008270,FALSE,283,0.06,,0.32,2.50,149,,211,9
5194,2-hydroxy-ibuprofen,ESI-,DTXCID501049191,FALSE,283,0.03,,0.77,2.50,158,,41,9
5194,2-hydroxy-ibuprofen,ESI-,DTXCID501410609,FALSE,283,0.17,,1.04,1.00,78,,15,18
5194,2-hydroxy-ibuprofen,ESI-,DTXCID501474271,FALSE,283,1.27,,,0.00,7,,,19
5194,2-hydroxy-ibuprofen,ESI-,DTXCID50161397,FALSE,283,0.13,,0.83,2.50,101,,33,9
5194,2-hydroxy-ibuprofen,ESI-,DTXCID50228898,FALSE,283,0.21,,0.24,1.50,62,,254,16
5194,2-hydroxy-ibuprofen,ESI-,DTXCID50229229,FALSE,283,0.10,,0.35,1.50,124,,199,16
5194,2-hydroxy-ibuprofen,ESI-,DTXCID50494490,FALSE,283,0.17,,0.68,1.50,74,,57,16
5194,2-hydroxy-ibuprofen,ESI-,DTXCID50542061,FALSE,283,0.07,,0.41,1.50,137,,157,16
5194,2-hydroxy-ibuprofen,ESI-,DTXCID50551774,FALSE,283,0.12,,0.34,1.50,104,,203,16
5194,2-hydroxy-ibuprofen,ESI-,DTXCID50706722,FALSE,283,0.03,,0.30,1.50,158,,216,16
5194,2-hydroxy-ibuprofen,ESI-,DTXCID50742908,FALSE,283,0.03,,0.61,2.50,158,,79,9
5194,2-hydroxy-ibuprofen,ESI-,DTXCID50776248,FALSE,283,0.10,,0.30,2.50,124,,221,9
5194,2-hydroxy-ibuprofen,ESI-,DTXCID50877901,FALSE,283,0.06,,0.17,1.50,149,,273,16
5194,2-hydroxy-ibuprofen,ESI-,DTXCID50913595,FALSE,283,0.03,,0.57,2.50,158,,94,9
5194,2-hydroxy-ibuprofen,ESI-,DTXCID50951230,FALSE,283,0.06,,0.48,2.50,146,,128,9
5194,2-hydroxy-ibuprofen,ESI-,DTXCID50962225,FALSE,283,0.13,,0.62,1.00,100,,77,18
5194,2-hydroxy-ibuprofen,ESI-,DTXCID601372612,FALSE,283,0.43,,0.21,3.00,22,,262,5
5194,2-hydroxy-ibuprofen,ESI-,DTXCID601409110,FALSE,283,0.10,,0.17,1.50,123,,276,16
5194,2-hydroxy-ibuprofen,ESI-,DTXCID601423069,FALSE,283,0.23,,0.20,1.00,45,,265,18
5194,2-hydroxy-ibuprofen,ESI-,DTXCID601473521,FALSE,283,5.39,,,4.13,1,,,1
5194,2-hydroxy-ibuprofen,ESI-,DTXCID60159604,FALSE,283,0.36,,0.30,1.50,27,,217,16
5194,2-hydroxy-ibuprofen,ESI-,DTXCID60228228,FALSE,283,0.35,,0.60,1.50,28,,87,16
5194,2-hydroxy-ibuprofen,ESI-,DTXCID60279119,FALSE,283,0.13,,0.32,1.50,100,,210,16
5194,2-hydroxy-ibuprofen,ESI-,DTXCID6036883,FALSE,283,0.29,,0.52,1.50,32,,113,16
5194,2-hydroxy-ibuprofen,ESI-,DTXCID60380178,FALSE,283,0.10,,0.73,2.00,111,,47,14
5194,2-hydroxy-ibuprofen,ESI-,DTXCID60407455,FALSE,283,0.19,,0.47,1.00,72,,132,18
5194,2-hydroxy-ibuprofen,ESI-,DTXCID60412781,FALSE,283,0.15,,0.60,1.50,86,,84,16
5194,2-hydroxy-ibuprofen,ESI-,DTXCID6047369,FALSE,283,0.27,,0.17,1.50,39,,274,16
5194,2-hydroxy-ibuprofen,ESI-,DTXCID60487393,FALSE,283,0.03,,0.55,1.50,155,,98,16
5194,2-hydroxy-ibuprofen,ESI-,DTXCID60563020,FALSE,283,0.03,,0.30,2.00,156,,215,14
5194,2-hydroxy-ibuprofen,ESI-,DTXCID60683717,FALSE,283,0.07,,0.37,2.00,133,,184,14
5194,2-hydroxy-ibuprofen,ESI-,DTXCID60713129,FALSE,283,0.10,,0.42,1.50,124,,152,16
5194,2-hydroxy-ibuprofen,ESI-,DTXCID60759683,FALSE,283,0.03,,0.61,3.00,158,,82,5
5194,2-hydroxy-ibuprofen,ESI-,DTXCID60812146,FALSE,283,0.69,,0.22,2.40,9,,261,10
5194,2-hydroxy-ibuprofen,ESI-,DTXCID60878141,FALSE,283,0.07,,0.82,3.00,140,,35,5
5194,2-hydroxy-ibuprofen,ESI-,DTXCID60879178,FALSE,283,0.06,,0.30,2.50,149,,219,9
5194,2-hydroxy-ibuprofen,ESI-,DTXCID60883917,FALSE,283,0.03,,0.25,2.00,153,,250,14
5194,2-hydroxy-ibuprofen,ESI-,DTXCID60915808,FALSE,283,0.03,,0.55,1.50,158,,101,16
5194,2-hydroxy-ibuprofen,ESI-,DTXCID60924839,FALSE,283,0.03,,0.45,2.50,158,,140,9
5194,2-hydroxy-ibuprofen,ESI-,DTXCID60936538,FALSE,283,0.09,,0.54,1.50,125,,105,16
5194,2-hydroxy-ibuprofen,ESI-,DTXCID60939827,FALSE,283,0.03,,0.78,3.00,158,,40,5
5194,2-hydroxy-ibuprofen,ESI-,DTXCID60955567,FALSE,283,0.11,,0.25,3.00,105,,249,5
5194,2-hydroxy-ibuprofen,ESI-,DTXCID60981402,FALSE,283,0.03,,0.65,1.50,158,,68,16
5194,2-hydroxy-ibuprofen,ESI-,DTXCID6099726,FALSE,283,0.47,,0.29,2.00,18,,222,14
5194,2-hydroxy-ibuprofen,ESI-,DTXCID701001468,FALSE,283,0.23,,0.82,2.67,51,,36,8
5194,2-hydroxy-ibuprofen,ESI-,DTXCID701040626,FALSE,283,0.03,,0.27,1.50,158,,238,16
5194,2-hydroxy-ibuprofen,ESI-,DTXCID70107272,FALSE,283,0.46,,1.35,2.50,19,,6,9
5194,2-hydroxy-ibuprofen,ESI-,DTXCID701378594,FALSE,283,0.49,,0.27,2.00,17,,232,14
5194,2-hydroxy-ibuprofen,ESI-,DTXCID701408139,FALSE,283,0.10,,0.18,1.00,124,,269,18
5194,2-hydroxy-ibuprofen,ESI-,DTXCID701417718,FALSE,283,0.25,,0.94,1.00,42,,22,18
5194,2-hydroxy-ibuprofen,ESI-,DTXCID70158986,FALSE,283,0.13,,0.50,1.50,99,,122,16
5194,2-hydroxy-ibuprofen,ESI-,DTXCID70229367,FALSE,283,0.13,,0.37,1.50,97,,187,16
5194,2-hydroxy-ibuprofen,ESI-,DTXCID70286596,FALSE,283,0.10,,0.36,1.50,108,,192,16
5194,2-hydroxy-ibuprofen,ESI-,DTXCID70294035,FALSE,283,0.19,,0.37,2.50,71,,186,9
5194,2-hydroxy-ibuprofen,ESI-,DTXCID70315219,FALSE,283,0.07,,0.65,2.33,139,,67,11
5194,2-hydroxy-ibuprofen,ESI-,DTXCID70388362,FALSE,283,0.07,,0.36,1.50,129,,191,16
5194,2-hydroxy-ibuprofen,ESI-,DTXCID70395571,FALSE,283,0.28,,0.71,1.50,35,,49,16
5194,2-hydroxy-ibuprofen,ESI-,DTXCID70439929,FALSE,283,0.29,,0.52,1.50,33,,111,16
5194,2-hydroxy-ibuprofen,ESI-,DTXCID70454470,FALSE,283,0.14,,0.80,1.50,91,,37,16
5194,2-hydroxy-ibuprofen,ESI-,DTXCID70472735,FALSE,283,0.26,,0.36,2.50,40,,190,9
5194,2-hydroxy-ibuprofen,ESI-,DTXCID70546364,FALSE,283,0.71,,0.45,1.50,8,,145,16
5194,2-hydroxy-ibuprofen,ESI-,DTXCID70551953,FALSE,283,0.10,,0.73,2.67,118,,48,8
5194,2-hydroxy-ibuprofen,ESI-,DTXCID70602454,FALSE,283,0.07,,0.29,2.00,143,,223,14
5194,2-hydroxy-ibuprofen,ESI-,DTXCID70682155,FALSE,283,0.16,,0.24,2.00,82,,255,14
5194,2-hydroxy-ibuprofen,ESI-,DTXCID70722626,FALSE,283,0.20,,0.77,2.50,64,,42,9
5194,2-hydroxy-ibuprofen,ESI-,DTXCID70797233,FALSE,283,0.07,,0.65,1.50,128,,70,16
5194,2-hydroxy-ibuprofen,ESI-,DTXCID70835669,FALSE,283,0.07,,0.24,2.50,136,,253,9
5194,2-hydroxy-ibuprofen,ESI-,DTXCID70857285,FALSE,283,0.03,,0.78,1.50,158,,38,16
5194,2-hydroxy-ibuprofen,ESI-,DTXCID70943910,FALSE,283,0.03,,0.41,1.50,158,,159,16
5194,2-hydroxy-ibuprofen,ESI-,DTXCID70947150,FALSE,283,0.03,,0.27,1.50,156,,239,16
5194,2-hydroxy-ibuprofen,ESI-,DTXCID70961659,FALSE,283,0.06,,0.40,2.50,149,,170,9
5194,2-hydroxy-ibuprofen,ESI-,DTXCID70961937,FALSE,283,0.00,,0.26,2.50,159,,245,9
5194,2-hydroxy-ibuprofen,ESI-,DTXCID70969498,FALSE,283,0.03,,0.61,1.50,158,,80,16
5194,2-hydroxy-ibuprofen,ESI-,DTXCID7097270,FALSE,283,0.10,,1.34,2.50,115,,7,9
5194,2-hydroxy-ibuprofen,ESI-,DTXCID70980729,FALSE,283,0.07,,0.67,1.50,134,,64,16
5194,2-hydroxy-ibuprofen,ESI-,DTXCID801004508,FALSE,283,0.06,,0.28,1.67,149,,224,15
5194,2-hydroxy-ibuprofen,ESI-,DTXCID801007471,FALSE,283,0.06,,0.64,3.00,149,,73,5
5194,2-hydroxy-ibuprofen,ESI-,DTXCID801042368,FALSE,283,0.03,,0.52,2.50,158,,112,9
5194,2-hydroxy-ibuprofen,ESI-,DTXCID801356670,FALSE,283,0.44,,0.23,1.00,21,,260,18
5194,2-hydroxy-ibuprofen,ESI-,DTXCID801419248,FALSE,283,0.19,,0.38,1.00,68,,178,18
5194,2-hydroxy-ibuprofen,ESI-,DTXCID80229590,FALSE,283,0.23,,0.39,1.50,47,,171,16
5194,2-hydroxy-ibuprofen,ESI-,DTXCID80405514,FALSE,283,0.14,,0.54,1.50,90,,103,16
5194,2-hydroxy-ibuprofen,ESI-,DTXCID8042347,FALSE,283,0.23,,0.34,1.50,53,,201,16
5194,2-hydroxy-ibuprofen,ESI-,DTXCID80511341,FALSE,283,0.07,,0.53,2.50,138,,110,9
5194,2-hydroxy-ibuprofen,ESI-,DTXCID80600385,FALSE,283,0.21,,1.21,2.50,61,,12,9
5194,2-hydroxy-ibuprofen,ESI-,DTXCID80627552,FALSE,283,0.10,,0.36,2.50,117,,189,9
5194,2-hydroxy-ibuprofen,ESI-,DTXCID80710059,FALSE,283,0.03,,0.76,2.50,157,,43,9
5194,2-hydroxy-ibuprofen,ESI-,DTXCID80716091,FALSE,283,0.03,,0.54,1.50,158,,106,16
5194,2-hydroxy-ibuprofen,ESI-,DTXCID80737342,FALSE,283,0.19,,0.66,2.50,71,,65,9
5194,2-hydroxy-ibuprofen,ESI-,DTXCID80756194,FALSE,283,0.06,,0.28,1.50,149,,229,16
5194,2-hydroxy-ibuprofen,ESI-,DTXCID80766056,FALSE,283,0.03,,0.84,1.50,158,,32,16
5194,2-hydroxy-ibuprofen,ESI-,DTXCID80823633,FALSE,283,0.07,,0.63,3.00,143,,75,5
5194,2-hydroxy-ibuprofen,ESI-,DTXCID80868549,FALSE,283,0.22,,0.18,1.50,58,,270,16
5194,2-hydroxy-ibuprofen,ESI-,DTXCID80876765,FALSE,283,0.45,,0.11,2.50,20,,279,9
5194,2-hydroxy-ibuprofen,ESI-,DTXCID80877151,FALSE,283,0.06,,0.18,1.50,147,,271,16
5194,2-hydroxy-ibuprofen,ESI-,DTXCID80879216,FALSE,283,0.10,,0.39,2.50,113,,172,9
5194,2-hydroxy-ibuprofen,ESI-,DTXCID80891574,FALSE,283,0.35,,0.39,1.50,29,,174,16
5194,2-hydroxy-ibuprofen,ESI-,DTXCID80924836,FALSE,283,0.03,,0.50,2.50,158,,119,9
5194,2-hydroxy-ibuprofen,ESI-,DTXCID80940617,FALSE,283,0.03,,0.59,3.00,158,,89,5
5194,2-hydroxy-ibuprofen,ESI-,DTXCID80961660,FALSE,283,0.06,,0.54,2.50,148,,102,9
5194,2-hydroxy-ibuprofen,ESI-,DTXCID80969500,FALSE,283,0.03,,0.28,1.50,158,,228,16
5194,2-hydroxy-ibuprofen,ESI-,DTXCID80977544,FALSE,283,0.03,,0.56,2.50,158,,96,9
5194,2-hydroxy-ibuprofen,ESI-,DTXCID80980255,FALSE,283,0.06,,0.23,1.50,149,,258,16
5194,2-hydroxy-ibuprofen,ESI-,DTXCID80980659,FALSE,283,0.03,,0.25,1.50,158,,248,16
5194,2-hydroxy-ibuprofen,ESI-,DTXCID80984814,FALSE,283,0.06,,0.26,2.00,149,,244,14
5194,2-hydroxy-ibuprofen,ESI-,DTXCID90105795,FALSE,283,0.59,,0.31,2.25,13,,214,12
5194,2-hydroxy-ibuprofen,ESI-,DTXCID901416297,FALSE,283,0.42,,0.27,1.67,23,,230,15
5194,2-hydroxy-ibuprofen,ESI-,DTXCID901420321,FALSE,283,0.06,,0.56,1.33,149,,95,17
5194,2-hydroxy-ibuprofen,ESI-,DTXCID90142660,FALSE,283,0.17,,0.54,1.50,76,,104,16
5194,2-hydroxy-ibuprofen,ESI-,DTXCID90161396,FALSE,283,0.13,,1.39,1.50,94,,4,16
5194,2-hydroxy-ibuprofen,ESI-,DTXCID90163234,FALSE,283,0.23,,0.27,3.00,54,,233,5
5194,2-hydroxy-ibuprofen,ESI-,DTXCID9024514,FALSE,283,1.62,,0.21,3.00,4,,263,5
5194,2-hydroxy-ibuprofen,ESI-,DTXCID90266673,FALSE,283,0.06,,1.11,2.50,149,,14,9
5194,2-hydroxy-ibuprofen,ESI-,DTXCID90293540,FALSE,283,0.22,,0.50,1.50,56,,123,16
5194,2-hydroxy-ibuprofen,ESI-,DTXCID9033345,FALSE,283,1.57,,0.99,2.75,5,,18,7
5194,2-hydroxy-ibuprofen,ESI-,DTXCID90440835,FALSE,283,0.06,,0.40,1.50,149,,167,16
5194,2-hydroxy-ibuprofen,ESI-,DTXCID90485685,FALSE,283,0.03,,0.33,3.00,158,,207,5
5194,2-hydroxy-ibuprofen,ESI-,DTXCID90495926,FALSE,283,0.06,,0.27,1.50,149,,236,16
5194,2-hydroxy-ibuprofen,ESI-,DTXCID90518346,FALSE,283,0.20,,0.27,1.50,65,,237,16
5194,2-hydroxy-ibuprofen,ESI-,DTXCID90529275,FALSE,283,0.10,,0.69,2.50,124,,54,9
5194,2-hydroxy-ibuprofen,ESI-,DTXCID90602613,FALSE,283,0.10,,0.64,2.00,122,,74,14
5194,2-hydroxy-ibuprofen,ESI-,DTXCID90727577,FALSE,283,0.19,,0.51,2.50,71,,115,9
5194,2-hydroxy-ibuprofen,ESI-,DTXCID90740463,FALSE,283,0.06,,0.48,1.50,148,,131,16
5194,2-hydroxy-ibuprofen,ESI-,DTXCID90780162,FALSE,283,0.03,,0.58,3.00,158,,90,5
5194,2-hydroxy-ibuprofen,ESI-,DTXCID90819527,FALSE,283,0.54,,0.26,3.00,15,,246,5
5194,2-hydroxy-ibuprofen,ESI-,DTXCID90838238,FALSE,283,0.14,,0.28,2.50,93,,225,9
5194,2-hydroxy-ibuprofen,ESI-,DTXCID90862917,FALSE,283,0.03,,0.94,1.00,152,,21,18
5194,2-hydroxy-ibuprofen,ESI-,DTXCID90868550,FALSE,283,0.12,,0.49,1.33,103,,125,17
5194,2-hydroxy-ibuprofen,ESI-,DTXCID90877687,FALSE,283,0.06,,0.20,2.50,147,,266,9
5194,2-hydroxy-ibuprofen,ESI-,DTXCID90912587,FALSE,283,0.13,,0.28,1.50,101,,226,16
5194,2-hydroxy-ibuprofen,ESI-,DTXCID90924842,FALSE,283,0.03,,0.46,2.50,158,,137,9
5194,2-hydroxy-ibuprofen,ESI-,DTXCID90941938,FALSE,283,0.03,,0.60,1.50,158,,83,16
5194,2-hydroxy-ibuprofen,ESI-,DTXCID90943912,FALSE,283,0.03,,0.41,1.50,158,,158,16
5194,2-hydroxy-ibuprofen,ESI-,DTXCID90947738,FALSE,283,0.13,,0.87,3.00,102,,27,5
5194,2-hydroxy-ibuprofen,ESI-,DTXCID90954664,FALSE,283,0.07,,0.25,2.50,141,,247,9
5194,2-hydroxy-ibuprofen,ESI-,DTXCID90955777,FALSE,283,0.14,,0.54,2.50,92,,108,9
5194,2-hydroxy-ibuprofen,ESI-,DTXCID90967890,FALSE,283,0.09,,0.34,1.50,125,,205,16
5194,2-hydroxy-ibuprofen,ESI-,DTXCID90978365,FALSE,283,0.07,,0.54,1.50,128,,107,16
5194,2-hydroxy-ibuprofen,ESI-,DTXCID90984027,FALSE,283,0.07,,0.45,2.00,128,,144,14
5194,2-hydroxy-ibuprofen,ESI-,DTXCID90993457,FALSE,283,0.03,,0.83,1.00,158,,34,18
5219,albuterol,ESI-,DTXCID001255,TRUE,81,7.00,0.66,0.84,3.75,1,3,1,1
5219,albuterol,ESI-,DTXCID001445657,FALSE,81,0.01,0.43,0.41,0.00,34,50,38,9
5219,albuterol,ESI-,DTXCID00503809,FALSE,81,0.01,0.37,0.31,1.00,43,57,48,8
5219,albuterol,ESI-,DTXCID00571326,FALSE,81,0.05,0.36,0.40,2.00,14,61,39,5
5219,albuterol,ESI-,DTXCID00841334,FALSE,81,0.01,0.41,0.45,2.00,43,52,31,5
5219,albuterol,ESI-,DTXCID101066335,FALSE,81,0.01,0.45,0.58,1.00,34,40,21,8
5219,albuterol,ESI-,DTXCID10114945,FALSE,81,0.09,0.23,0.12,1.00,5,75,78,8
5219,albuterol,ESI-,DTXCID101393336,FALSE,81,0.01,0.51,0.47,1.00,34,25,30,8
5219,albuterol,ESI-,DTXCID101458231,FALSE,81,0.01,0.48,0.20,0.00,34,33,61,9
5219,albuterol,ESI-,DTXCID10799392,FALSE,81,0.01,0.44,0.20,1.50,43,44,62,7
5219,albuterol,ESI-,DTXCID10826591,FALSE,81,0.01,0.53,0.48,2.50,41,22,28,3
5219,albuterol,ESI-,DTXCID10966062,FALSE,81,0.09,0.35,0.16,1.00,6,65,70,8
5219,albuterol,ESI-,DTXCID10997831,FALSE,81,0.01,0.56,0.31,2.00,43,16,49,5
5219,albuterol,ESI-,DTXCID201366461,FALSE,81,0.05,0.48,0.19,1.00,13,34,65,8
5219,albuterol,ESI-,DTXCID201442328,FALSE,81,0.01,0.35,0.72,0.00,34,64,6,9
5219,albuterol,ESI-,DTXCID20262527,FALSE,81,0.02,0.22,0.48,1.50,25,77,29,7
5219,albuterol,ESI-,DTXCID20305569,FALSE,81,0.02,0.33,0.15,1.00,24,70,72,8
5219,albuterol,ESI-,DTXCID20409218,FALSE,81,0.03,0.59,0.29,1.50,20,9,53,7
5219,albuterol,ESI-,DTXCID20757923,FALSE,81,0.01,0.47,0.43,1.50,34,36,35,7
5219,albuterol,ESI-,DTXCID20812203,FALSE,81,0.32,0.40,0.28,1.67,3,53,54,6
5219,albuterol,ESI-,DTXCID20898108,FALSE,81,0.01,0.33,0.24,1.00,34,69,57,8
5219,albuterol,ESI-,DTXCID301324333,FALSE,81,0.04,0.53,0.15,2.00,15,21,71,5
5219,albuterol,ESI-,DTXCID301339934,FALSE,81,0.02,0.64,0.59,3.00,23,5,17,2
5219,albuterol,ESI-,DTXCID301408149,FALSE,81,0.02,0.58,0.55,3.00,25,10,25,2
5219,albuterol,ESI-,DTXCID30239846,FALSE,81,0.02,0.48,0.45,1.00,25,32,32,8
5219,albuterol,ESI-,DTXCID30839764,FALSE,81,0.04,0.57,0.65,1.00,16,12,13,8
5219,albuterol,ESI-,DTXCID30863049,FALSE,81,0.01,,,0.00,39,,,9
5219,albuterol,ESI-,DTXCID30968149,FALSE,81,0.01,0.49,0.30,3.00,28,30,51,2
5219,albuterol,ESI-,DTXCID401424097,FALSE,81,0.02,0.43,0.71,1.00,25,49,7,8
5219,albuterol,ESI-,DTXCID401458230,FALSE,81,0.01,0.07,0.20,0.00,34,79,63,9
5219,albuterol,ESI-,DTXCID401462340,FALSE,81,0.01,0.48,0.71,0.00,43,31,8,9
5219,albuterol,ESI-,DTXCID40580932,FALSE,81,0.01,0.63,0.81,1.67,30,7,2,6
5219,albuterol,ESI-,DTXCID40647453,FALSE,81,0.01,0.53,0.57,0.00,43,23,23,9
5219,albuterol,ESI-,DTXCID40791480,FALSE,81,0.01,0.50,0.58,3.00,34,27,19,2
5219,albuterol,ESI-,DTXCID40875259,FALSE,81,0.04,0.45,0.57,3.00,19,42,22,2
5219,albuterol,ESI-,DTXCID40898160,FALSE,81,0.01,0.45,0.25,1.00,40,39,56,8
5219,albuterol,ESI-,DTXCID40918094,FALSE,81,0.03,0.38,0.24,1.50,21,56,59,7
5219,albuterol,ESI-,DTXCID501318035,FALSE,81,0.01,0.50,0.54,1.00,43,26,26,8
5219,albuterol,ESI-,DTXCID50136181,FALSE,81,0.07,0.35,0.13,1.00,8,63,77,8
5219,albuterol,ESI-,DTXCID501465028,FALSE,81,0.01,0.30,0.60,0.00,43,72,16,9
5219,albuterol,ESI-,DTXCID50308987,FALSE,81,0.02,0.38,0.16,2.00,22,55,69,5
5219,albuterol,ESI-,DTXCID50609300,FALSE,81,0.06,0.23,0.16,0.00,10,76,67,9
5219,albuterol,ESI-,DTXCID50609305,FALSE,81,0.06,0.31,0.12,0.00,11,71,79,9
5219,albuterol,ESI-,DTXCID5065857,FALSE,81,0.02,0.57,0.41,2.25,25,13,37,4
5219,albuterol,ESI-,DTXCID50748647,FALSE,81,0.01,0.54,0.79,1.50,34,19,3,7
5219,albuterol,ESI-,DTXCID50888239,FALSE,81,0.02,0.46,0.33,1.00,26,38,44,8
5219,albuterol,ESI-,DTXCID50908603,FALSE,81,0.01,0.64,0.68,0.00,42,6,11,9
5219,albuterol,ESI-,DTXCID50959791,FALSE,81,0.01,0.54,0.67,1.50,34,20,12,7
5219,albuterol,ESI-,DTXCID601400401,FALSE,81,0.02,0.70,0.74,1.00,24,2,5,8
5219,albuterol,ESI-,DTXCID60373929,FALSE,81,0.01,,,0.00,34,,,9
5219,albuterol,ESI-,DTXCID60485359,FALSE,81,0.01,0.37,0.32,1.50,32,60,47,7
5219,albuterol,ESI-,DTXCID60571923,FALSE,81,0.04,0.60,0.34,1.00,18,8,42,8
5219,albuterol,ESI-,DTXCID60583824,FALSE,81,0.01,0.44,0.42,2.00,33,43,36,5
5219,albuterol,ESI-,DTXCID60906317,FALSE,81,0.02,0.57,0.30,1.50,22,14,52,7
5219,albuterol,ESI-,DTXCID60919987,FALSE,81,0.01,0.48,0.58,2.50,43,35,18,3
5219,albuterol,ESI-,DTXCID70137579,FALSE,81,0.10,0.29,0.16,1.00,4,73,66,8
5219,albuterol,ESI-,DTXCID70280554,FALSE,81,0.06,0.27,0.19,1.00,12,74,64,8
5219,albuterol,ESI-,DTXCID70681042,FALSE,81,0.01,0.42,0.15,0.00,32,51,73,9
5219,albuterol,ESI-,DTXCID70858974,FALSE,81,0.01,0.44,0.31,1.50,31,45,50,7
5219,albuterol,ESI-,DTXCID70884591,FALSE,81,0.06,0.34,0.16,0.00,9,66,68,9
5219,albuterol,ESI-,DTXCID70996249,FALSE,81,0.01,0.45,0.32,2.00,35,41,46,5
5219,albuterol,ESI-,DTXCID801135296,FALSE,81,0.02,0.49,0.44,1.00,22,29,34,8
5219,albuterol,ESI-,DTXCID801442990,FALSE,81,0.01,0.54,0.57,0.00,43,18,24,9
5219,albuterol,ESI-,DTXCID801467461,FALSE,81,0.01,0.51,0.28,0.00,34,24,55,9
5219,albuterol,ESI-,DTXCID80248706,FALSE,81,0.02,0.43,0.61,1.00,25,48,15,8
5219,albuterol,ESI-,DTXCID8028189,FALSE,81,0.60,0.57,0.69,3.00,2,11,10,2
5219,albuterol,ESI-,DTXCID80399303,FALSE,81,0.01,0.55,0.64,1.00,27,17,14,8
5219,albuterol,ESI-,DTXCID80581468,FALSE,81,0.01,0.49,0.39,1.50,38,28,40,7
5219,albuterol,ESI-,DTXCID80658548,FALSE,81,0.01,0.75,0.70,2.00,37,1,9,5
5219,albuterol,ESI-,DTXCID80734619,FALSE,81,0.02,0.37,0.15,1.00,24,59,74,8
5219,albuterol,ESI-,DTXCID80883434,FALSE,81,0.01,0.65,0.75,0.00,42,4,4,9
5219,albuterol,ESI-,DTXCID80884042,FALSE,81,0.07,0.22,0.14,1.00,7,78,76,8
5219,albuterol,ESI-,DTXCID80884582,FALSE,81,0.04,0.37,0.15,0.00,17,58,75,9
5219,albuterol,ESI-,DTXCID80889436,FALSE,81,0.01,0.56,0.32,1.50,36,15,45,7
5219,albuterol,ESI-,DTXCID80898205,FALSE,81,0.01,0.39,0.23,1.00,43,54,60,8
5219,albuterol,ESI-,DTXCID901345731,FALSE,81,0.02,0.47,0.58,3.00,25,37,20,2
5219,albuterol,ESI-,DTXCID90239847,FALSE,81,0.02,0.34,0.33,1.50,25,67,43,7
5219,albuterol,ESI-,DTXCID90591735,FALSE,81,0.01,0.33,0.51,3.00,29,68,27,2
5219,albuterol,ESI-,DTXCID90752122,FALSE,81,0.02,0.44,0.44,1.00,25,46,33,8
5219,albuterol,ESI-,DTXCID90898135,FALSE,81,0.02,0.44,0.24,1.00,25,47,58,8
5219,albuterol,ESI-,DTXCID90921215,FALSE,81,0.01,0.36,0.36,1.00,43,62,41,8
5246,gemfibrozil,ESI-,DTXCID001048774,FALSE,173,0.02,,0.31,1.50,103,,118,18
5246,gemfibrozil,ESI-,DTXCID001438486,FALSE,173,0.16,,0.63,0.00,23,,22,21
5246,gemfibrozil,ESI-,DTXCID001440340,FALSE,173,0.11,,0.32,3.00,36,,117,10
5246,gemfibrozil,ESI-,DTXCID001441924,FALSE,173,0.09,,0.76,3.00,50,,12,10
5246,gemfibrozil,ESI-,DTXCID00158050,FALSE,173,0.05,,0.11,1.50,75,,172,18
5246,gemfibrozil,ESI-,DTXCID0027933,FALSE,173,0.59,,0.39,3.25,9,,90,8
5246,gemfibrozil,ESI-,DTXCID00390493,FALSE,173,0.11,,0.47,2.50,37,,56,13
5246,gemfibrozil,ESI-,DTXCID00508071,FALSE,173,0.04,,0.29,1.50,95,,126,18
5246,gemfibrozil,ESI-,DTXCID0065808,FALSE,173,0.07,,0.23,1.00,64,,144,20
5246,gemfibrozil,ESI-,DTXCID00687037,FALSE,173,0.04,,0.40,2.00,89,,88,15
5246,gemfibrozil,ESI-,DTXCID00856100,FALSE,173,0.02,,0.92,1.50,103,,5,18
5246,gemfibrozil,ESI-,DTXCID00878226,FALSE,173,0.04,,0.41,2.50,95,,80,13
5246,gemfibrozil,ESI-,DTXCID00928912,FALSE,173,0.02,,0.28,2.00,103,,135,15
5246,gemfibrozil,ESI-,DTXCID00948751,FALSE,173,0.02,,0.24,2.33,103,,142,14
5246,gemfibrozil,ESI-,DTXCID00979424,FALSE,173,0.02,,0.44,3.00,100,,60,10
5246,gemfibrozil,ESI-,DTXCID101345620,FALSE,173,0.11,,0.24,2.50,43,,143,13
5246,gemfibrozil,ESI-,DTXCID101452926,FALSE,173,0.07,,0.38,1.00,64,,94,20
5246,gemfibrozil,ESI-,DTXCID10161616,FALSE,173,0.07,,0.19,2.50,64,,154,13
5246,gemfibrozil,ESI-,DTXCID10212773,FALSE,173,0.18,,0.43,3.00,19,,69,10
5246,gemfibrozil,ESI-,DTXCID10233105,FALSE,173,0.05,,0.34,2.50,75,,111,13
5246,gemfibrozil,ESI-,DTXCID10236813,FALSE,173,0.04,,0.29,1.50,95,,124,18
5246,gemfibrozil,ESI-,DTXCID10385799,FALSE,173,0.07,,0.41,2.50,58,,78,13
5246,gemfibrozil,ESI-,DTXCID10685605,FALSE,173,0.04,,1.34,2.00,92,,1,15
5246,gemfibrozil,ESI-,DTXCID10692197,FALSE,173,0.04,,0.40,2.00,93,,84,15
5246,gemfibrozil,ESI-,DTXCID10907031,FALSE,173,0.04,,0.43,2.50,95,,68,13
5246,gemfibrozil,ESI-,DTXCID201008419,FALSE,173,0.02,,0.33,1.50,97,,113,18
5246,gemfibrozil,ESI-,DTXCID201334131,FALSE,173,0.05,,0.21,0.00,75,,150,21
5246,gemfibrozil,ESI-,DTXCID201339800,FALSE,173,0.05,,0.42,3.00,75,,75,10
5246,gemfibrozil,ESI-,DTXCID201340623,FALSE,173,0.24,,0.33,4.00,14,,115,5
5246,gemfibrozil,ESI-,DTXCID201467744,FALSE,173,0.22,,0.44,1.00,15,,64,20
5246,gemfibrozil,ESI-,DTXCID20214384,FALSE,173,0.12,,0.71,3.00,34,,13,10
5246,gemfibrozil,ESI-,DTXCID20218084,FALSE,173,0.14,,0.38,2.50,28,,93,13
5246,gemfibrozil,ESI-,DTXCID20228906,FALSE,173,0.13,,0.47,2.50,31,,55,13
5246,gemfibrozil,ESI-,DTXCID20275117,FALSE,173,0.07,,0.34,2.50,61,,108,13
5246,gemfibrozil,ESI-,DTXCID20316539,FALSE,173,0.09,,0.36,1.50,49,,101,18
5246,gemfibrozil,ESI-,DTXCID2034623,FALSE,173,0.90,,0.30,3.56,6,,120,7
5246,gemfibrozil,ESI-,DTXCID20357624,FALSE,173,0.04,,0.28,1.50,95,,133,18
5246,gemfibrozil,ESI-,DTXCID20383120,FALSE,173,0.05,,0.43,2.00,77,,70,15
5246,gemfibrozil,ESI-,DTXCID20446628,FALSE,173,0.05,,0.21,2.50,70,,151,13
5246,gemfibrozil,ESI-,DTXCID20463451,FALSE,173,0.04,,0.35,3.00,90,,103,10
5246,gemfibrozil,ESI-,DTXCID20652,TRUE,173,7.20,,1.16,5.43,1,,2,2
5246,gemfibrozil,ESI-,DTXCID20754331,FALSE,173,0.02,,0.15,1.50,103,,160,18
5246,gemfibrozil,ESI-,DTXCID20878187,FALSE,173,0.04,,0.14,1.50,95,,163,18
5246,gemfibrozil,ESI-,DTXCID20933604,FALSE,173,0.02,,0.14,2.00,103,,165,15
5246,gemfibrozil,ESI-,DTXCID20984550,FALSE,173,0.04,,0.45,2.00,95,,59,15
5246,gemfibrozil,ESI-,DTXCID301037912,FALSE,173,0.02,,0.30,2.00,101,,121,15
5246,gemfibrozil,ESI-,DTXCID30106706,FALSE,173,0.05,,0.37,1.78,75,,99,16
5246,gemfibrozil,ESI-,DTXCID301322620,FALSE,173,0.05,,0.28,1.50,76,,134,18
5246,gemfibrozil,ESI-,DTXCID301402503,FALSE,173,0.05,,0.14,3.00,74,,164,10
5246,gemfibrozil,ESI-,DTXCID301438966,FALSE,173,0.00,,0.40,2.00,104,,89,15
5246,gemfibrozil,ESI-,DTXCID301442652,FALSE,173,0.02,,0.34,3.00,103,,110,10
5246,gemfibrozil,ESI-,DTXCID301469193,FALSE,173,0.04,,0.62,0.00,95,,23,21
5246,gemfibrozil,ESI-,DTXCID30219441,FALSE,173,0.09,,0.68,3.00,53,,17,10
5246,gemfibrozil,ESI-,DTXCID30232615,FALSE,173,0.05,,0.38,1.50,75,,95,18
5246,gemfibrozil,ESI-,DTXCID30232690,FALSE,173,0.14,,0.48,2.50,29,,50,13
5246,gemfibrozil,ESI-,DTXCID30233324,FALSE,173,0.07,,0.12,1.50,63,,170,18
5246,gemfibrozil,ESI-,DTXCID30392985,FALSE,173,0.04,,0.22,2.50,88,,146,13
5246,gemfibrozil,ESI-,DTXCID30562484,FALSE,173,0.04,,0.42,2.00,92,,74,15
5246,gemfibrozil,ESI-,DTXCID30814374,FALSE,173,0.11,,0.64,1.00,40,,21,20
5246,gemfibrozil,ESI-,DTXCID30900428,FALSE,173,0.02,,0.48,3.00,103,,49,10
5246,gemfibrozil,ESI-,DTXCID30944701,FALSE,173,0.02,,0.59,2.50,102,,26,13
5246,gemfibrozil,ESI-,DTXCID3095488,FALSE,173,0.16,,0.16,1.50,21,,159,18
5246,gemfibrozil,ESI-,DTXCID30959512,FALSE,173,0.05,,0.25,1.50,72,,141,18
5246,gemfibrozil,ESI-,DTXCID401007374,FALSE,173,0.07,,0.51,1.50,59,,38,18
5246,gemfibrozil,ESI-,DTXCID4022238,FALSE,173,0.96,,0.46,3.08,5,,58,9
5246,gemfibrozil,ESI-,DTXCID40223918,FALSE,173,0.07,,0.40,2.00,64,,85,15
5246,gemfibrozil,ESI-,DTXCID40351129,FALSE,173,0.06,,0.85,2.00,67,,6,15
5246,gemfibrozil,ESI-,DTXCID40786492,FALSE,173,0.04,,0.40,2.50,85,,86,13
5246,gemfibrozil,ESI-,DTXCID40828109,FALSE,173,0.02,,0.49,1.00,96,,46,20
5246,gemfibrozil,ESI-,DTXCID40917067,FALSE,173,0.04,,0.26,2.50,95,,139,13
5246,gemfibrozil,ESI-,DTXCID40931980,FALSE,173,0.02,,0.34,2.50,103,,104,13
5246,gemfibrozil,ESI-,DTXCID40946014,FALSE,173,0.07,,0.35,2.67,60,,102,11
5246,gemfibrozil,ESI-,DTXCID40952296,FALSE,173,0.11,,0.49,2.50,38,,44,13
5246,gemfibrozil,ESI-,DTXCID40953066,FALSE,173,0.04,,0.13,2.50,95,,167,13
5246,gemfibrozil,ESI-,DTXCID40988434,FALSE,173,0.02,,0.40,0.00,100,,83,21
5246,gemfibrozil,ESI-,DTXCID40999929,FALSE,173,0.10,,0.17,1.50,47,,157,18
5246,gemfibrozil,ESI-,DTXCID501402878,FALSE,173,0.15,,0.17,1.00,25,,156,20
5246,gemfibrozil,ESI-,DTXCID501420317,FALSE,173,0.04,,0.29,1.50,95,,123,18
5246,gemfibrozil,ESI-,DTXCID501460016,FALSE,173,0.15,,0.37,3.00,27,,100,10
5246,gemfibrozil,ESI-,DTXCID5020734,FALSE,173,3.71,,0.46,3.78,2,,57,6
5246,gemfibrozil,ESI-,DTXCID50221864,FALSE,173,0.41,,0.56,2.50,11,,33,13
5246,gemfibrozil,ESI-,DTXCID50344148,FALSE,173,0.10,,0.34,1.50,45,,107,18
5246,gemfibrozil,ESI-,DTXCID50347194,FALSE,173,0.13,,0.15,2.50,32,,162,13
5246,gemfibrozil,ESI-,DTXCID50489048,FALSE,173,0.04,,0.34,2.50,95,,106,13
5246,gemfibrozil,ESI-,DTXCID50552685,FALSE,173,0.06,,0.29,2.00,66,,125,15
5246,gemfibrozil,ESI-,DTXCID50809803,FALSE,173,0.98,,0.38,3.00,4,,96,10
5246,gemfibrozil,ESI-,DTXCID50855168,FALSE,173,0.11,,0.81,1.50,44,,8,18
5246,gemfibrozil,ESI-,DTXCID50878953,FALSE,173,0.04,,0.54,1.50,95,,34,18
5246,gemfibrozil,ESI-,DTXCID50942845,FALSE,173,0.02,,0.34,2.50,103,,109,13
5246,gemfibrozil,ESI-,DTXCID50961596,FALSE,173,0.04,,0.61,2.50,95,,24,13
5246,gemfibrozil,ESI-,DTXCID601007699,FALSE,173,0.09,,0.32,3.00,54,,116,10
5246,gemfibrozil,ESI-,DTXCID601376240,FALSE,173,0.11,,0.53,3.00,41,,36,10
5246,gemfibrozil,ESI-,DTXCID601390294,FALSE,173,0.12,,0.80,2.00,33,,9,15
5246,gemfibrozil,ESI-,DTXCID601397040,FALSE,173,0.13,,0.30,1.00,30,,122,20
5246,gemfibrozil,ESI-,DTXCID601419080,FALSE,173,0.05,,0.20,1.00,73,,153,20
5246,gemfibrozil,ESI-,DTXCID601437381,FALSE,173,0.15,,0.28,3.00,26,,136,10
5246,gemfibrozil,ESI-,DTXCID601438965,FALSE,173,0.00,,0.20,2.00,104,,152,15
5246,gemfibrozil,ESI-,DTXCID60234203,FALSE,173,0.05,,0.28,1.50,74,,131,18
5246,gemfibrozil,ESI-,DTXCID60390494,FALSE,173,0.02,,0.41,2.50,98,,79,13
5246,gemfibrozil,ESI-,DTXCID6044147,FALSE,173,0.18,,0.39,5.00,18,,92,3
5246,gemfibrozil,ESI-,DTXCID6047525,FALSE,173,0.17,,0.53,2.50,20,,37,13
5246,gemfibrozil,ESI-,DTXCID60513626,FALSE,173,0.04,,0.48,2.50,95,,48,13
5246,gemfibrozil,ESI-,DTXCID60552196,FALSE,173,0.04,,0.44,2.50,91,,66,13
5246,gemfibrozil,ESI-,DTXCID60553002,FALSE,173,0.75,,0.37,2.50,7,,98,13
5246,gemfibrozil,ESI-,DTXCID60558153,FALSE,173,0.04,,0.18,2.00,80,,155,15
5246,gemfibrozil,ESI-,DTXCID60570719,FALSE,173,0.04,,0.59,3.00,87,,27,10
5246,gemfibrozil,ESI-,DTXCID60606663,FALSE,173,0.05,,0.69,2.50,75,,16,13
5246,gemfibrozil,ESI-,DTXCID60717147,FALSE,173,0.02,,0.33,1.50,102,,114,18
5246,gemfibrozil,ESI-,DTXCID60779306,FALSE,173,0.02,,0.54,1.50,103,,35,18
5246,gemfibrozil,ESI-,DTXCID60877159,FALSE,173,0.04,,0.13,1.50,93,,168,18
5246,gemfibrozil,ESI-,DTXCID60946359,FALSE,173,0.04,,0.22,2.50,92,,149,13
5246,gemfibrozil,ESI-,DTXCID701006113,FALSE,173,0.07,,0.56,1.00,62,,32,20
5246,gemfibrozil,ESI-,DTXCID701006199,FALSE,173,0.10,,0.43,2.50,46,,67,13
5246,gemfibrozil,ESI-,DTXCID701037388,FALSE,173,0.02,,0.27,2.00,103,,137,15
5246,gemfibrozil,ESI-,DTXCID701340761,FALSE,173,0.07,,0.47,3.00,65,,52,10
5246,gemfibrozil,ESI-,DTXCID701345585,FALSE,173,0.11,,0.59,1.50,44,,25,18
5246,gemfibrozil,ESI-,DTXCID701466165,FALSE,173,0.05,,0.76,0.00,75,,11,21
5246,gemfibrozil,ESI-,DTXCID701470732,FALSE,173,0.04,,0.59,0.00,81,,28,21
5246,gemfibrozil,ESI-,DTXCID701492766,FALSE,173,0.08,,,0.00,56,,,21
5246,gemfibrozil,ESI-,DTXCID70233106,FALSE,173,0.05,,0.13,1.50,75,,169,18
5246,gemfibrozil,ESI-,DTXCID70559691,FALSE,173,0.09,,0.37,2.00,51,,97,15
5246,gemfibrozil,ESI-,DTXCID70707953,FALSE,173,0.02,,0.50,1.50,103,,40,18
5246,gemfibrozil,ESI-,DTXCID70717991,FALSE,173,0.04,,0.44,1.50,95,,65,18
5246,gemfibrozil,ESI-,DTXCID70877160,FALSE,173,0.04,,0.12,2.50,95,,171,13
5246,gemfibrozil,ESI-,DTXCID70879260,FALSE,173,0.04,,0.68,2.50,94,,19,13
5246,gemfibrozil,ESI-,DTXCID70929810,FALSE,173,0.04,,0.48,2.33,94,,51,14
5246,gemfibrozil,ESI-,DTXCID70977598,FALSE,173,0.02,,0.16,2.50,103,,158,13
5246,gemfibrozil,ESI-,DTXCID70981074,FALSE,173,0.02,,0.47,2.50,103,,54,13
5246,gemfibrozil,ESI-,DTXCID801006035,FALSE,173,0.05,,0.47,3.00,72,,53,10
5246,gemfibrozil,ESI-,DTXCID801008912,FALSE,173,0.05,,0.50,1.50,75,,43,18
5246,gemfibrozil,ESI-,DTXCID80138911,FALSE,173,0.16,,0.51,2.52,22,,39,12
5246,gemfibrozil,ESI-,DTXCID801394111,FALSE,173,0.12,,0.69,1.50,35,,15,18
5246,gemfibrozil,ESI-,DTXCID801417597,FALSE,173,0.11,,0.29,1.33,39,,128,19
5246,gemfibrozil,ESI-,DTXCID801442588,FALSE,173,0.04,,0.34,3.00,79,,105,10
5246,gemfibrozil,ESI-,DTXCID801454054,FALSE,173,0.25,,0.44,2.00,13,,62,15
5246,gemfibrozil,ESI-,DTXCID801471321,FALSE,173,0.11,,0.57,0.00,42,,30,21
5246,gemfibrozil,ESI-,DTXCID80219931,FALSE,173,0.05,,0.39,2.50,75,,91,13
5246,gemfibrozil,ESI-,DTXCID802525,FALSE,173,0.61,,0.40,4.48,8,,87,4
5246,gemfibrozil,ESI-,DTXCID80345284,FALSE,173,0.08,,0.44,1.50,57,,61,18
5246,gemfibrozil,ESI-,DTXCID80362931,FALSE,173,0.05,,0.43,2.00,69,,71,15
5246,gemfibrozil,ESI-,DTXCID80396276,FALSE,173,0.09,,0.50,2.50,55,,41,13
5246,gemfibrozil,ESI-,DTXCID80479654,FALSE,173,0.04,,0.29,1.50,95,,127,18
5246,gemfibrozil,ESI-,DTXCID80579709,FALSE,173,0.05,,0.57,2.00,68,,31,15
5246,gemfibrozil,ESI-,DTXCID80784179,FALSE,173,0.02,,0.31,1.50,99,,119,18
5246,gemfibrozil,ESI-,DTXCID80785267,FALSE,173,0.04,,0.44,1.50,95,,63,18
5246,gemfibrozil,ESI-,DTXCID80788758,FALSE,173,0.05,,0.68,1.50,75,,18,18
5246,gemfibrozil,ESI-,DTXCID80823138,FALSE,173,0.04,,0.28,1.00,82,,130,20
5246,gemfibrozil,ESI-,DTXCID80856885,FALSE,173,0.04,,0.42,1.50,95,,76,18
5246,gemfibrozil,ESI-,DTXCID80878683,FALSE,173,0.04,,0.58,2.50,92,,29,13
5246,gemfibrozil,ESI-,DTXCID80951167,FALSE,173,0.11,,0.22,1.50,39,,147,18
5246,gemfibrozil,ESI-,DTXCID80954471,FALSE,173,0.10,,0.50,1.50,48,,42,18
5246,gemfibrozil,ESI-,DTXCID80969742,FALSE,173,0.02,,0.28,1.50,103,,129,18
5246,gemfibrozil,ESI-,DTXCID901040139,FALSE,173,0.02,,0.49,2.00,100,,45,15
5246,gemfibrozil,ESI-,DTXCID901042428,FALSE,173,0.04,,0.25,1.50,95,,140,18
5246,gemfibrozil,ESI-,DTXCID901366274,FALSE,173,0.19,,0.85,3.00,17,,7,10
5246,gemfibrozil,ESI-,DTXCID901419239,FALSE,173,0.16,,0.49,2.00,24,,47,15
5246,gemfibrozil,ESI-,DTXCID901451796,FALSE,173,0.26,,0.95,2.00,12,,4,15
5246,gemfibrozil,ESI-,DTXCID901452275,FALSE,173,0.04,,0.15,2.00,78,,161,15
5246,gemfibrozil,ESI-,DTXCID901452906,FALSE,173,0.22,,0.43,3.00,16,,73,10
5246,gemfibrozil,ESI-,DTXCID9036143,FALSE,173,1.26,,0.14,6.00,3,,166,1
5246,gemfibrozil,ESI-,DTXCID90426790,FALSE,173,0.04,,0.22,1.50,86,,148,18
5246,gemfibrozil,ESI-,DTXCID90515274,FALSE,173,0.04,,0.80,2.00,84,,10,15
5246,gemfibrozil,ESI-,DTXCID905807,FALSE,173,0.51,,0.22,2.67,10,,145,11
5246,gemfibrozil,ESI-,DTXCID90603347,FALSE,173,0.05,,1.06,2.00,71,,3,15
5246,gemfibrozil,ESI-,DTXCID9065811,FALSE,173,0.09,,0.28,2.50,52,,132,13
5246,gemfibrozil,ESI-,DTXCID90757677,FALSE,173,0.04,,0.33,3.00,95,,112,10
5246,gemfibrozil,ESI-,DTXCID9084073,FALSE,173,0.07,,0.40,1.00,64,,82,20
5246,gemfibrozil,ESI-,DTXCID9086013,FALSE,173,0.07,,0.41,2.50,62,,81,13
5246,gemfibrozil,ESI-,DTXCID90877107,FALSE,173,0.04,,0.66,2.50,95,,20,13
5246,gemfibrozil,ESI-,DTXCID90877980,FALSE,173,0.04,,0.26,2.50,95,,138,13
5246,gemfibrozil,ESI-,DTXCID90878199,FALSE,173,0.04,,0.43,1.67,95,,72,17
5246,gemfibrozil,ESI-,DTXCID90912724,FALSE,173,0.02,,0.71,1.50,103,,14,18
5246,gemfibrozil,ESI-,DTXCID90964864,FALSE,173,0.04,,0.41,3.00,83,,77,10
5410,hydrochlorothiazide,ESI-,DTXCID10251945,FALSE,19,0.02,,0.19,1.00,10,,18,9
5410,hydrochlorothiazide,ESI-,DTXCID10502747,FALSE,19,0.02,,0.41,1.00,7,,13,9
5410,hydrochlorothiazide,ESI-,DTXCID10895449,FALSE,19,0.01,,0.71,1.00,11,,7,9
5410,hydrochlorothiazide,ESI-,DTXCID201087376,FALSE,19,0.01,,0.92,1.00,15,,4,9
5410,hydrochlorothiazide,ESI-,DTXCID20331161,FALSE,19,0.01,,0.77,1.50,12,,6,8
5410,hydrochlorothiazide,ESI-,DTXCID301226373,FALSE,19,0.02,,0.17,1.00,9,,19,9
5410,hydrochlorothiazide,ESI-,DTXCID30832376,FALSE,19,0.03,,0.70,1.00,5,,8,9
5410,hydrochlorothiazide,ESI-,DTXCID40472308,FALSE,19,0.01,,0.86,1.50,15,,5,8
5410,hydrochlorothiazide,ESI-,DTXCID40957443,FALSE,19,0.02,,0.27,2.00,8,,17,7
5410,hydrochlorothiazide,ESI-,DTXCID50324905,FALSE,19,0.01,,0.35,1.00,15,,14,9
5410,hydrochlorothiazide,ESI-,DTXCID60307729,FALSE,19,0.02,,0.48,1.00,6,,12,9
5410,hydrochlorothiazide,ESI-,DTXCID60335022,FALSE,19,0.01,,0.58,2.50,14,,10,6
5410,hydrochlorothiazide,ESI-,DTXCID6076087,FALSE,19,0.00,,0.30,1.00,17,,16,9
5410,hydrochlorothiazide,ESI-,DTXCID60940312,FALSE,19,0.01,,0.50,2.67,16,,11,5
5410,hydrochlorothiazide,ESI-,DTXCID7021784,FALSE,19,0.96,,0.92,5.05,2,,3,1
5410,hydrochlorothiazide,ESI-,DTXCID8021850,FALSE,19,0.75,,0.95,3.20,3,,2,4
5410,hydrochlorothiazide,ESI-,DTXCID80310573,FALSE,19,0.01,,0.34,1.00,13,,15,9
5410,hydrochlorothiazide,ESI-,DTXCID80713,TRUE,19,8.00,,0.65,3.70,1,,9,2
5410,hydrochlorothiazide,ESI-,DTXCID9022287,FALSE,19,0.08,,1.00,3.52,4,,1,3
5464,warfarin,ESI-,DTXCID00680301,FALSE,46,0.02,0.71,0.80,1.00,25,8,22,8
5464,warfarin,ESI-,DTXCID00806009,FALSE,46,0.02,0.57,0.57,1.50,26,27,36,7
5464,warfarin,ESI-,DTXCID00846167,FALSE,46,0.01,0.68,0.82,3.00,31,13,21,3
5464,warfarin,ESI-,DTXCID10564188,FALSE,46,0.02,0.48,0.30,3.00,27,35,43,3
5464,warfarin,ESI-,DTXCID10748587,FALSE,46,0.03,0.70,0.90,1.00,17,12,14,8
5464,warfarin,ESI-,DTXCID10940307,FALSE,46,0.01,0.38,1.09,0.00,30,42,5,9
5464,warfarin,ESI-,DTXCID10950840,FALSE,46,0.03,0.54,0.62,3.00,16,31,33,3
5464,warfarin,ESI-,DTXCID201042453,FALSE,46,0.01,0.57,0.73,1.00,31,29,26,8
5464,warfarin,ESI-,DTXCID201418711,FALSE,46,0.03,0.44,0.41,2.00,18,39,42,6
5464,warfarin,ESI-,DTXCID20144031,FALSE,46,0.03,0.73,0.84,3.00,18,6,18,3
5464,warfarin,ESI-,DTXCID20196838,TRUE,46,7.03,0.71,0.66,6.00,1,11,31,1
5464,warfarin,ESI-,DTXCID20485658,FALSE,46,0.01,0.62,0.55,2.00,29,20,38,6
5464,warfarin,ESI-,DTXCID20778931,FALSE,46,0.02,0.33,0.29,1.00,21,44,44,8
5464,warfarin,ESI-,DTXCID20875474,FALSE,46,0.03,0.47,0.68,1.00,18,36,29,8
5464,warfarin,ESI-,DTXCID20919327,FALSE,46,0.05,0.57,0.62,1.50,9,28,34,7
5464,warfarin,ESI-,DTXCID30349414,FALSE,46,0.01,0.84,0.91,3.00,31,2,13,3
5464,warfarin,ESI-,DTXCID401464310,FALSE,46,0.03,0.42,0.43,2.67,18,41,41,4
5464,warfarin,ESI-,DTXCID40278680,FALSE,46,0.04,0.60,0.49,2.00,10,23,40,6
5464,warfarin,ESI-,DTXCID40657254,FALSE,46,0.02,0.89,0.89,0.00,22,1,16,9
5464,warfarin,ESI-,DTXCID40813611,FALSE,46,1.32,0.74,1.17,3.00,3,4,3,3
5464,warfarin,ESI-,DTXCID501476196,FALSE,46,0.15,,,0.00,4,,,9
5464,warfarin,ESI-,DTXCID50243384,FALSE,46,0.08,0.71,0.97,1.00,5,7,8,8
5464,warfarin,ESI-,DTXCID50259925,FALSE,46,0.03,0.44,1.23,3.00,18,40,2,3
5464,warfarin,ESI-,DTXCID50358366,FALSE,46,0.04,0.60,0.84,2.00,14,24,20,6
5464,warfarin,ESI-,DTXCID5073824,FALSE,46,0.02,0.45,0.93,3.00,24,37,12,3
5464,warfarin,ESI-,DTXCID50769796,FALSE,46,0.03,0.54,0.64,3.00,18,30,32,3
5464,warfarin,ESI-,DTXCID60485657,FALSE,46,0.02,0.62,0.55,2.00,23,18,37,6
5464,warfarin,ESI-,DTXCID60582291,FALSE,46,0.05,0.71,0.73,2.00,8,9,25,6
5464,warfarin,ESI-,DTXCID60701041,FALSE,46,0.02,0.63,0.90,1.00,28,16,15,8
5464,warfarin,ESI-,DTXCID60759446,FALSE,46,0.01,0.71,0.54,3.00,31,10,39,3
5464,warfarin,ESI-,DTXCID60760057,FALSE,46,0.02,0.63,0.79,2.00,28,17,24,6
5464,warfarin,ESI-,DTXCID70111935,FALSE,46,0.07,0.61,0.62,2.00,6,21,35,6
5464,warfarin,ESI-,DTXCID703742,FALSE,46,2.76,,,5.71,2,,,2
5464,warfarin,ESI-,DTXCID70580889,FALSE,46,0.02,0.48,0.97,2.00,20,34,6,6
5464,warfarin,ESI-,DTXCID70603229,FALSE,46,0.04,0.34,1.28,0.00,11,43,1,9
5464,warfarin,ESI-,DTXCID70795597,FALSE,46,0.03,0.49,0.67,1.00,18,33,30,8
5464,warfarin,ESI-,DTXCID801362312,FALSE,46,0.06,0.62,0.95,3.00,7,19,10,3
5464,warfarin,ESI-,DTXCID80143984,FALSE,46,0.03,0.75,0.84,3.00,18,3,19,3
5464,warfarin,ESI-,DTXCID80235575,FALSE,46,0.03,0.65,0.95,2.50,15,15,11,5
5464,warfarin,ESI-,DTXCID80243216,FALSE,46,0.04,0.45,0.96,1.50,12,38,9,7
5464,warfarin,ESI-,DTXCID80338419,FALSE,46,0.04,0.59,0.97,3.00,13,25,7,3
5464,warfarin,ESI-,DTXCID80703047,FALSE,46,0.01,0.57,0.80,1.00,31,26,23,8
5464,warfarin,ESI-,DTXCID90278670,FALSE,46,0.02,0.74,1.13,3.00,19,5,4,3
5464,warfarin,ESI-,DTXCID90419283,FALSE,46,0.03,0.61,0.85,3.00,18,22,17,3
5464,warfarin,ESI-,DTXCID90507194,FALSE,46,0.02,0.50,0.70,1.00,28,32,28,8
5464,warfarin,ESI-,DTXCID90722143,FALSE,46,0.02,0.67,0.73,3.00,28,14,27,3
5493,ranitidine,ESI-,DTXCID00103868,FALSE,50,0.07,0.52,0.00,3.00,16,4,24,3
5493,ranitidine,ESI-,DTXCID001218993,FALSE,50,0.04,0.32,0.00,3.00,20,32,9,3
5493,ranitidine,ESI-,DTXCID001377838,FALSE,50,0.07,0.53,0.00,2.00,16,3,22,6
5493,ranitidine,ESI-,DTXCID001467350,FALSE,50,0.02,0.40,0.00,0.00,22,17,28,9
5493,ranitidine,ESI-,DTXCID00558314,FALSE,50,0.07,0.32,0.00,1.00,13,33,28,8
5493,ranitidine,ESI-,DTXCID00709268,FALSE,50,0.04,0.38,0.00,1.00,21,20,14,8
5493,ranitidine,ESI-,DTXCID00767803,FALSE,50,0.07,0.34,0.01,2.00,16,28,7,6
5493,ranitidine,ESI-,DTXCID00842548,FALSE,50,0.09,0.46,0.21,1.00,7,8,3,8
5493,ranitidine,ESI-,DTXCID00860080,FALSE,50,0.02,0.42,0.00,0.00,22,12,28,9
5493,ranitidine,ESI-,DTXCID101043860,FALSE,50,0.04,0.30,0.00,1.50,21,38,28,7
5493,ranitidine,ESI-,DTXCID10197450,TRUE,50,7.00,0.80,0.58,4.80,1,1,1,2
5493,ranitidine,ESI-,DTXCID10442937,FALSE,50,0.02,0.42,0.00,1.50,22,14,12,7
5493,ranitidine,ESI-,DTXCID10724326,FALSE,50,0.04,0.37,0.00,1.00,21,22,28,8
5493,ranitidine,ESI-,DTXCID201388045,FALSE,50,0.02,0.41,0.00,3.00,22,15,28,3
5493,ranitidine,ESI-,DTXCID20475812,FALSE,50,0.09,0.28,0.00,1.50,6,43,28,7
5493,ranitidine,ESI-,DTXCID20921526,FALSE,50,0.02,0.30,0.00,3.00,22,39,28,3
5493,ranitidine,ESI-,DTXCID301133257,FALSE,50,0.02,0.22,0.00,3.00,22,48,28,3
5493,ranitidine,ESI-,DTXCID301364937,FALSE,50,0.04,0.31,0.00,3.00,21,35,15,3
5493,ranitidine,ESI-,DTXCID3014307,FALSE,50,1.64,0.28,0.33,5.40,2,42,2,1
5493,ranitidine,ESI-,DTXCID30279500,FALSE,50,0.07,0.48,0.00,1.00,15,7,27,8
5493,ranitidine,ESI-,DTXCID30340022,FALSE,50,0.11,0.28,0.00,1.00,4,45,28,8
5493,ranitidine,ESI-,DTXCID30721312,FALSE,50,0.04,0.34,0.00,1.00,21,29,25,8
5493,ranitidine,ESI-,DTXCID30771670,FALSE,50,0.04,0.29,0.00,3.00,21,41,10,3
5493,ranitidine,ESI-,DTXCID30899146,FALSE,50,0.07,0.35,0.00,0.00,11,25,26,9
5493,ranitidine,ESI-,DTXCID40268501,FALSE,50,0.07,0.51,0.00,1.50,16,5,19,7
5493,ranitidine,ESI-,DTXCID40966979,FALSE,50,0.08,0.34,0.00,3.00,9,27,28,3
5493,ranitidine,ESI-,DTXCID501263462,FALSE,50,0.04,0.45,0.01,1.00,21,10,8,8
5493,ranitidine,ESI-,DTXCID50140223,FALSE,50,0.07,0.48,0.00,2.25,15,6,28,5
5493,ranitidine,ESI-,DTXCID501444416,FALSE,50,0.07,0.37,0.17,0.00,10,21,5,9
5493,ranitidine,ESI-,DTXCID50383491,FALSE,50,0.04,0.30,0.00,0.00,19,40,23,9
5493,ranitidine,ESI-,DTXCID50771672,FALSE,50,0.04,0.31,0.00,3.00,21,37,18,3
5493,ranitidine,ESI-,DTXCID50956745,FALSE,50,0.04,0.25,0.00,3.00,21,47,28,3
5493,ranitidine,ESI-,DTXCID60690426,FALSE,50,0.04,0.42,0.00,0.00,17,13,20,9
5493,ranitidine,ESI-,DTXCID60761882,FALSE,50,0.04,0.46,0.00,1.50,21,9,13,7
5493,ranitidine,ESI-,DTXCID701019287,FALSE,50,0.07,0.21,0.00,1.00,16,49,16,8
5493,ranitidine,ESI-,DTXCID801219002,FALSE,50,0.11,0.38,0.00,1.00,5,19,11,8
5493,ranitidine,ESI-,DTXCID80376694,FALSE,50,0.09,0.43,0.00,2.50,8,11,21,4
5493,ranitidine,ESI-,DTXCID80489839,FALSE,50,0.04,0.35,0.00,1.00,21,24,28,8
5493,ranitidine,ESI-,DTXCID80705162,FALSE,50,0.04,0.33,0.00,1.00,21,31,28,8
5493,ranitidine,ESI-,DTXCID80903722,FALSE,50,0.02,0.40,0.00,3.00,22,16,28,3
5493,ranitidine,ESI-,DTXCID80912450,FALSE,50,0.04,0.35,0.07,3.00,21,23,6,3
5493,ranitidine,ESI-,DTXCID901010417,FALSE,50,0.02,0.39,0.00,2.00,22,18,28,6
5493,ranitidine,ESI-,DTXCID901068361,FALSE,50,0.02,0.34,0.00,2.00,22,30,28,6
5493,ranitidine,ESI-,DTXCID901451522,FALSE,50,0.07,0.53,0.20,3.00,16,2,4,3
5493,ranitidine,ESI-,DTXCID901481644,FALSE,50,0.02,,,1.00,22,,,8
5493,ranitidine,ESI-,DTXCID90384063,FALSE,50,0.11,0.31,0.00,1.00,3,36,28,8
5493,ranitidine,ESI-,DTXCID90451941,FALSE,50,0.07,0.26,0.00,3.00,12,46,28,3
5493,ranitidine,ESI-,DTXCID90609263,FALSE,50,0.07,0.34,0.00,0.00,14,26,28,9
5493,ranitidine,ESI-,DTXCID90771671,FALSE,50,0.04,0.32,0.00,3.00,21,34,17,3
5493,ranitidine,ESI-,DTXCID90973799,FALSE,50,0.04,0.28,0.00,3.00,18,44,28,3
5563,furosemide,ESI-,DTXCID001128176,FALSE,7,0.01,,0.38,1.00,7,,5,3
5563,furosemide,ESI-,DTXCID301230976,FALSE,7,0.17,,0.21,1.00,2,,7,3
5563,furosemide,ESI-,DTXCID40119943,FALSE,7,0.09,,0.69,1.00,3,,3,3
5563,furosemide,ESI-,DTXCID4076843,FALSE,7,0.04,,0.37,1.00,5,,6,3
5563,furosemide,ESI-,DTXCID80648,TRUE,7,8.00,,0.81,3.50,1,,1,1
5563,furosemide,ESI-,DTXCID80737387,FALSE,7,0.05,,0.81,1.00,4,,2,3
5563,furosemide,ESI-,DTXCID90395356,FALSE,7,0.01,,0.48,2.50,6,,4,2
5636,prednisone,ESI-,DTXCID001384211,FALSE,43,0.08,0.80,0.03,3.00,11,23,22,2
5636,prednisone,ESI-,DTXCID001465459,FALSE,43,0.04,1.06,0.16,1.33,18,8,6,9
5636,prednisone,ESI-,DTXCID1041845,FALSE,43,0.07,0.73,0.00,2.67,15,27,34,3
5636,prednisone,ESI-,DTXCID10757497,FALSE,43,0.03,1.11,0.08,2.50,25,5,9,4
5636,prednisone,ESI-,DTXCID201045140,FALSE,43,0.01,0.37,0.00,1.00,26,40,34,10
5636,prednisone,ESI-,DTXCID201360520,FALSE,43,0.03,0.74,0.01,1.50,22,26,26,8
5636,prednisone,ESI-,DTXCID201401326,FALSE,43,0.00,0.64,0.01,2.22,27,34,30,5
5636,prednisone,ESI-,DTXCID201454349,FALSE,43,0.14,0.96,0.18,3.00,6,12,5,2
5636,prednisone,ESI-,DTXCID20439510,FALSE,43,0.03,0.71,0.00,1.50,19,30,34,8
5636,prednisone,ESI-,DTXCID20492483,FALSE,43,0.03,0.83,0.03,3.00,24,19,21,2
5636,prednisone,ESI-,DTXCID301004991,FALSE,43,0.18,0.65,0.00,1.00,4,33,33,10
5636,prednisone,ESI-,DTXCID301354912,FALSE,43,0.07,0.87,0.03,0.00,14,15,17,11
5636,prednisone,ESI-,DTXCID301424363,FALSE,43,0.18,0.89,0.04,3.00,5,14,13,2
5636,prednisone,ESI-,DTXCID301438435,FALSE,43,0.10,0.73,0.03,2.00,10,28,23,6
5636,prednisone,ESI-,DTXCID30153134,FALSE,43,0.07,1.14,0.08,1.00,13,3,10,10
5636,prednisone,ESI-,DTXCID30479508,FALSE,43,0.03,0.83,0.00,2.00,25,21,34,6
5636,prednisone,ESI-,DTXCID30763353,FALSE,43,0.03,0.69,0.00,1.00,25,31,34,10
5636,prednisone,ESI-,DTXCID30841403,FALSE,43,0.00,0.44,0.29,0.00,27,37,2,11
5636,prednisone,ESI-,DTXCID30905817,FALSE,43,0.03,0.84,0.01,3.00,25,18,31,2
5636,prednisone,ESI-,DTXCID30959633,FALSE,43,0.07,1.05,0.11,1.00,14,9,8,10
5636,prednisone,ESI-,DTXCID40208866,TRUE,43,8.00,1.07,0.14,4.00,1,7,7,1
5636,prednisone,ESI-,DTXCID4043779,FALSE,43,0.11,0.80,0.03,1.75,8,24,20,7
5636,prednisone,ESI-,DTXCID40928810,FALSE,43,0.01,,,0.00,26,,,11
5636,prednisone,ESI-,DTXCID501038792,FALSE,43,0.04,,,0.00,18,,,11
5636,prednisone,ESI-,DTXCID501040975,FALSE,43,0.01,0.40,0.02,3.00,26,38,24,2
5636,prednisone,ESI-,DTXCID501465292,FALSE,43,0.00,0.29,0.50,0.00,27,41,1,11
5636,prednisone,ESI-,DTXCID50748985,FALSE,43,0.03,1.00,0.01,1.00,25,10,28,10
5636,prednisone,ESI-,DTXCID50763355,FALSE,43,0.03,0.69,0.00,1.50,25,32,34,8
5636,prednisone,ESI-,DTXCID60580959,FALSE,43,0.03,0.80,0.04,2.00,20,22,15,6
5636,prednisone,ESI-,DTXCID70135212,FALSE,43,0.31,1.10,0.06,2.00,2,6,11,6
5636,prednisone,ESI-,DTXCID701434435,FALSE,43,0.03,0.71,0.04,4.00,25,29,16,1
5636,prednisone,ESI-,DTXCID701451152,FALSE,43,0.18,1.18,0.06,2.00,3,2,12,6
5636,prednisone,ESI-,DTXCID70363139,FALSE,43,0.01,0.83,0.01,2.00,26,20,27,6
5636,prednisone,ESI-,DTXCID70849786,FALSE,43,0.01,0.53,0.00,1.00,26,36,34,10
5636,prednisone,ESI-,DTXCID70877504,FALSE,43,0.12,1.14,0.18,1.00,7,4,4,10
5636,prednisone,ESI-,DTXCID801468502,FALSE,43,0.04,0.93,0.03,3.00,17,13,18,2
5636,prednisone,ESI-,DTXCID80223093,FALSE,43,0.10,0.85,0.02,3.00,9,16,25,2
5636,prednisone,ESI-,DTXCID80346938,FALSE,43,0.01,0.38,0.01,2.00,26,39,32,6
5636,prednisone,ESI-,DTXCID8083561,FALSE,43,0.07,0.78,0.01,3.00,12,25,29,2
5636,prednisone,ESI-,DTXCID80842647,FALSE,43,0.03,1.25,0.23,1.00,21,1,3,10
5636,prednisone,ESI-,DTXCID80960779,FALSE,43,0.06,0.85,0.03,3.00,16,17,19,2
5636,prednisone,ESI-,DTXCID901400648,FALSE,43,0.03,0.96,0.04,3.00,23,11,14,2
5636,prednisone,ESI-,DTXCID90763354,FALSE,43,0.03,0.64,0.00,1.50,25,35,34,8
5708,sucralose,ESI-,DTXCID00209612,TRUE,11,8.00,,0.28,2.65,1,,11,2
5708,sucralose,ESI-,DTXCID10864236,FALSE,11,0.03,,0.88,1.50,7,,3,4
5708,sucralose,ESI-,DTXCID20487617,FALSE,11,0.08,,0.82,1.00,4,,5,5
5708,sucralose,ESI-,DTXCID301467347,FALSE,11,0.03,,1.56,0.00,8,,2,6
5708,sucralose,ESI-,DTXCID30363610,FALSE,11,0.05,,0.56,1.67,6,,8,3
5708,sucralose,ESI-,DTXCID40125882,FALSE,11,0.43,,0.67,3.00,2,,6,1
5708,sucralose,ESI-,DTXCID40958879,FALSE,11,0.05,,0.29,1.00,6,,10,5
5708,sucralose,ESI-,DTXCID60335562,FALSE,11,0.11,,0.42,1.67,3,,9,3
5708,sucralose,ESI-,DTXCID90123277,FALSE,11,0.00,,0.58,1.00,9,,7,5
5708,sucralose,ESI-,DTXCID901467321,FALSE,11,0.03,,1.59,0.00,8,,1,6
5708,sucralose,ESI-,DTXCID90492854,FALSE,11,0.05,,0.83,1.00,5,,4,5
5734,amlodipine,ESI-,DTXCID001071595,FALSE,26,0.01,0.33,0.57,1.00,13,5,7,6
5734,amlodipine,ESI-,DTXCID001421396,FALSE,26,0.01,0.53,0.49,1.50,12,1,11,5
5734,amlodipine,ESI-,DTXCID00248905,FALSE,26,0.02,0.31,0.31,2.00,9,6,17,4
5734,amlodipine,ESI-,DTXCID00347801,FALSE,26,0.01,0.03,0.67,1.00,10,24,5,6
5734,amlodipine,ESI-,DTXCID101315196,FALSE,26,0.02,0.28,0.39,1.00,9,10,13,6
5734,amlodipine,ESI-,DTXCID10313138,FALSE,26,0.01,0.19,0.68,3.00,13,18,4,2
5734,amlodipine,ESI-,DTXCID10822376,FALSE,26,0.01,0.24,0.28,1.00,14,16,19,6
5734,amlodipine,ESI-,DTXCID201442954,FALSE,26,0.01,,,2.00,12,,,4
5734,amlodipine,ESI-,DTXCID301297780,FALSE,26,0.01,0.13,0.28,3.00,13,20,20,2
5734,amlodipine,ESI-,DTXCID30208557,TRUE,26,7.00,0.48,0.50,8.00,1,2,9,1
5734,amlodipine,ESI-,DTXCID30362623,FALSE,26,0.01,0.47,0.53,1.00,13,3,8,6
5734,amlodipine,ESI-,DTXCID401069590,FALSE,26,0.01,0.38,0.38,1.00,14,4,15,6
5734,amlodipine,ESI-,DTXCID401315195,FALSE,26,0.02,0.26,0.44,2.50,9,12,12,3
5734,amlodipine,ESI-,DTXCID401363582,FALSE,26,0.01,0.20,0.31,2.50,13,17,16,3
5734,amlodipine,ESI-,DTXCID4076922,FALSE,26,0.02,0.31,0.75,3.00,9,7,3,2
5734,amlodipine,ESI-,DTXCID501315198,FALSE,26,0.02,0.24,0.39,2.00,9,15,14,4
5734,amlodipine,ESI-,DTXCID60249498,FALSE,26,0.02,0.06,,1.00,6,23,,6
5734,amlodipine,ESI-,DTXCID60876465,FALSE,26,0.09,0.10,,3.00,2,21,,2
5734,amlodipine,ESI-,DTXCID60999527,FALSE,26,0.01,0.17,0.30,2.00,13,19,18,4
5734,amlodipine,ESI-,DTXCID701410798,FALSE,26,0.02,0.29,0.22,3.00,8,9,22,2
5734,amlodipine,ESI-,DTXCID701504743,FALSE,26,0.01,,,0.00,11,,,7
5734,amlodipine,ESI-,DTXCID70278077,FALSE,26,0.04,0.27,0.85,3.00,4,11,2,2
5734,amlodipine,ESI-,DTXCID801315197,FALSE,26,0.02,0.24,0.28,1.00,9,13,21,6
5734,amlodipine,ESI-,DTXCID80839577,FALSE,26,0.03,0.29,0.50,1.00,5,8,10,6
5734,amlodipine,ESI-,DTXCID80883136,FALSE,26,0.02,0.24,0.62,0.00,7,14,6,7
5734,amlodipine,ESI-,DTXCID90311516,FALSE,26,0.04,0.08,0.92,2.50,3,22,1,3
5787,glipizide,ESI-,DTXCID001483924,FALSE,14,0.02,,,0.00,7,,,5
5787,glipizide,ESI-,DTXCID00423154,FALSE,14,0.06,,0.67,0.00,3,,3,5
5787,glipizide,ESI-,DTXCID201492880,FALSE,14,0.00,,,0.00,8,,,5
5787,glipizide,ESI-,DTXCID20215215,FALSE,14,0.00,,0.44,3.00,8,,9,1
5787,glipizide,ESI-,DTXCID301453425,FALSE,14,0.04,,0.55,0.00,6,,5,5
5787,glipizide,ESI-,DTXCID30999716,FALSE,14,0.06,,0.47,1.00,3,,7,4
5787,glipizide,ESI-,DTXCID50165092,FALSE,14,0.00,,0.43,1.00,8,,10,4
5787,glipizide,ESI-,DTXCID50205967,FALSE,14,0.04,,,0.00,5,,,5
5787,glipizide,ESI-,DTXCID601013567,FALSE,14,0.04,,0.57,0.00,4,,4,5
5787,glipizide,ESI-,DTXCID601069910,FALSE,14,0.02,,0.32,1.67,7,,11,3
5787,glipizide,ESI-,DTXCID70120906,FALSE,14,0.00,,0.45,3.00,8,,8,1
5787,glipizide,ESI-,DTXCID80139089,FALSE,14,0.12,,0.96,1.00,2,,1,4
5787,glipizide,ESI-,DTXCID80151044,FALSE,14,0.00,,0.51,3.00,8,,6,1
5787,glipizide,ESI-,DTXCID8020676,TRUE,14,7.00,,0.92,2.50,1,,2,2
5832,glyburide,ESI-,DTXCID10150025,FALSE,4,0.13,,0.60,1.00,2,,2,2
5832,glyburide,ESI-,DTXCID401353600,FALSE,4,0.03,,0.37,1.00,3,,4,2
5832,glyburide,ESI-,DTXCID401367827,FALSE,4,0.00,,0.51,1.00,4,,3,2
5832,glyburide,ESI-,DTXCID8017237,TRUE,4,7.00,,0.90,3.87,1,,1,1
5833,fluocinonide,ESI-,DTXCID10950527,FALSE,12,0.07,0.19,0.52,1.00,7,10,1,5
5833,fluocinonide,ESI-,DTXCID30209928,TRUE,12,7.00,0.80,0.31,3.89,1,1,5,1
5833,fluocinonide,ESI-,DTXCID30409764,FALSE,12,0.11,0.79,0.39,1.50,4,2,3,4
5833,fluocinonide,ESI-,DTXCID3087700,FALSE,12,0.07,0.44,0.18,3.00,6,7,8,2
5833,fluocinonide,ESI-,DTXCID401341522,FALSE,12,0.04,0.60,0.40,3.00,10,4,2,2
5833,fluocinonide,ESI-,DTXCID40706877,FALSE,12,0.04,0.44,0.03,1.00,11,6,11,5
5833,fluocinonide,ESI-,DTXCID501341525,FALSE,12,0.04,0.55,0.39,3.00,9,5,4,2
5833,fluocinonide,ESI-,DTXCID50209965,FALSE,12,2.26,0.77,0.26,1.50,2,3,6,4
5833,fluocinonide,ESI-,DTXCID60519224,FALSE,12,0.04,0.38,0.23,2.00,8,8,7,3
5833,fluocinonide,ESI-,DTXCID70457749,FALSE,12,0.04,0.44,0.03,1.00,11,6,11,5
5833,fluocinonide,ESI-,DTXCID801019228,FALSE,12,1.40,0.16,0.18,1.00,3,11,9,5
5833,fluocinonide,ESI-,DTXCID901411847,FALSE,12,0.11,0.33,0.13,0.00,5,9,10,6
5879,atorvastatin,ESI-,DTXCID201470537,FALSE,7,0.02,0.24,0.38,0.00,5,6,5,4
5879,atorvastatin,ESI-,DTXCID50138049,FALSE,7,0.03,0.46,0.10,1.00,3,2,7,3
5879,atorvastatin,ESI-,DTXCID501468810,FALSE,7,0.02,0.24,0.38,3.00,5,5,4,2
5879,atorvastatin,ESI-,DTXCID601324825,FALSE,7,0.22,0.30,0.46,0.00,2,3,2,4
5879,atorvastatin,ESI-,DTXCID601469330,FALSE,7,0.02,0.28,0.23,0.00,4,4,6,4
5879,atorvastatin,ESI-,DTXCID80197003,TRUE,7,7.00,0.55,0.81,5.33,1,1,1,1
5879,atorvastatin,ESI-,DTXCID80952639,FALSE,7,0.02,0.24,0.42,1.00,6,7,3,3
